<?xml version="1.0" encoding="UTF-8"?>
<osm version="0.6" generator="Overpass API 0.7.62.11 87bfad18">
<note>The data included in this document is from www.openstreetmap.org. The data is made available under ODbL.</note>
<meta osm_base="2026-09-20T02:07:16Z"/>

  <relation id="223422">
    <member type="way" ref="1530038734" role="outer"/>
    <member type="way" ref="1530038743" role="outer"/>
    <member type="way" ref="1530038742" role="outer"/>
    <member type="way" ref="1089737715" role="outer"/>
    <member type="way" ref="1089737721" role="outer"/>
    <member type="way" ref="787517202" role="outer"/>
    <member type="way" ref="787517203" role="outer"/>
    <member type="way" ref="787517201" role="outer"/>
    <member type="way" ref="15243530" role="outer"/>
    <member type="way" ref="83591344" role="outer"/>
    <member type="way" ref="1084941797" role="outer"/>
    <member type="way" ref="1383341537" role="outer"/>
    <member type="way" ref="1084941801" role="outer"/>
    <member type="way" ref="1391408791" role="outer"/>
    <member type="way" ref="1391408790" role="outer"/>
    <member type="way" ref="1391408788" role="outer"/>
    <member type="way" ref="1391408787" role="outer"/>
    <member type="way" ref="1391408786" role="outer"/>
    <member type="way" ref="1391408785" role="outer"/>
    <member type="way" ref="1391408784" role="outer"/>
    <member type="way" ref="1391408792" role="outer"/>
    <member type="way" ref="1208873836" role="outer"/>
    <member type="way" ref="1208873837" role="outer"/>
    <member type="way" ref="1510374295" role="outer"/>
    <member type="way" ref="787657269" role="outer"/>
    <member type="way" ref="1510374275" role="outer"/>
    <member type="way" ref="1391459144" role="outer"/>
    <member type="way" ref="1391459141" role="outer"/>
    <member type="way" ref="1391459142" role="outer"/>
    <member type="way" ref="1391459143" role="outer"/>
    <member type="way" ref="1383341538" role="outer"/>
    <member type="way" ref="1510317142" role="outer"/>
    <member type="way" ref="1510317141" role="outer"/>
    <member type="way" ref="1530118466" role="outer"/>
    <member type="way" ref="1391408783" role="outer"/>
    <member type="way" ref="1391408782" role="outer"/>
    <member type="way" ref="1391408781" role="outer"/>
    <member type="way" ref="1391408780" role="outer"/>
    <member type="way" ref="1530118467" role="outer"/>
    <member type="way" ref="1391408779" role="outer"/>
    <member type="way" ref="1391408772" role="outer"/>
    <member type="way" ref="1530118465" role="outer"/>
    <member type="way" ref="1391408773" role="outer"/>
    <member type="way" ref="1391408774" role="outer"/>
    <member type="way" ref="1391408775" role="outer"/>
    <member type="way" ref="1391408776" role="outer"/>
    <member type="way" ref="1391408777" role="outer"/>
    <member type="way" ref="1391408778" role="outer"/>
    <member type="way" ref="1337683334" role="outer"/>
    <member type="way" ref="1337683335" role="outer"/>
    <member type="way" ref="1459383857" role="outer"/>
    <member type="way" ref="1466317369" role="outer"/>
    <member type="way" ref="1466317368" role="outer"/>
    <member type="way" ref="1500905296" role="outer"/>
    <member type="way" ref="1500905295" role="outer"/>
    <member type="way" ref="793967356" role="outer"/>
    <member type="way" ref="793967355" role="outer"/>
    <member type="way" ref="793967357" role="outer"/>
    <member type="way" ref="827063657" role="outer"/>
    <member type="way" ref="787826586" role="outer"/>
    <member type="way" ref="1183396160" role="outer"/>
    <member type="way" ref="827063658" role="outer"/>
    <member type="way" ref="1143811677" role="outer"/>
    <member type="way" ref="787826587" role="outer"/>
    <member type="way" ref="787560430" role="outer"/>
    <member type="way" ref="1511912255" role="outer"/>
    <member type="way" ref="1511503747" role="outer"/>
    <member type="way" ref="1510942258" role="outer"/>
    <member type="way" ref="1510942257" role="outer"/>
    <member type="way" ref="1511503775" role="outer"/>
    <member type="way" ref="1511503773" role="outer"/>
    <member type="way" ref="787560431" role="outer"/>
    <member type="way" ref="82415131" role="outer"/>
    <member type="way" ref="787541791" role="outer"/>
    <member type="way" ref="787541790" role="outer"/>
    <member type="way" ref="1280104163" role="outer"/>
    <member type="way" ref="15244784" role="outer"/>
    <member type="way" ref="1279674424" role="outer"/>
    <member type="way" ref="1279674426" role="outer"/>
    <member type="way" ref="1279674429" role="outer"/>
    <member type="way" ref="1484170931" role="outer"/>
    <member type="way" ref="787541793" role="outer"/>
    <member type="way" ref="1280104162" role="outer"/>
    <member type="way" ref="1437024076" role="outer"/>
    <member type="way" ref="1280104168" role="outer"/>
    <member type="way" ref="1231881375" role="outer"/>
    <member type="way" ref="1280104166" role="outer"/>
    <member type="way" ref="1280104160" role="outer"/>
    <member type="way" ref="1231881376" role="outer"/>
    <member type="way" ref="1231881374" role="outer"/>
    <member type="way" ref="1231881368" role="outer"/>
    <member type="way" ref="1231881373" role="outer"/>
    <member type="way" ref="1075532259" role="outer"/>
    <member type="way" ref="787541789" role="outer"/>
    <member type="way" ref="1459960222" role="outer"/>
    <member type="way" ref="1510465992" role="outer"/>
    <member type="way" ref="1459960219" role="outer"/>
    <member type="way" ref="1511912272" role="outer"/>
    <member type="way" ref="787560435" role="outer"/>
    <member type="way" ref="1511912268" role="outer"/>
    <member type="way" ref="1510466000" role="outer"/>
    <member type="way" ref="1510466001" role="outer"/>
    <member type="way" ref="1460274346" role="outer"/>
    <member type="way" ref="1460259591" role="outer"/>
    <member type="way" ref="1510466015" role="outer"/>
    <member type="way" ref="1460218244" role="outer"/>
    <member type="way" ref="1460218245" role="outer"/>
    <member type="way" ref="1511503766" role="outer"/>
    <member type="way" ref="1460218248" role="outer"/>
    <member type="way" ref="1460218249" role="outer"/>
    <member type="way" ref="1460218247" role="outer"/>
    <member type="way" ref="1460218246" role="outer"/>
    <member type="way" ref="133614817" role="outer"/>
    <member type="way" ref="787560433" role="outer"/>
    <member type="way" ref="787560432" role="outer"/>
    <member type="way" ref="1484170936" role="outer"/>
    <member type="way" ref="1511503762" role="outer"/>
    <member type="way" ref="1517167376" role="outer"/>
    <member type="way" ref="1517167393" role="outer"/>
    <member type="way" ref="1516994922" role="outer"/>
    <member type="way" ref="1516994926" role="outer"/>
    <member type="way" ref="1517167355" role="outer"/>
    <member type="way" ref="1517167368" role="outer"/>
    <member type="way" ref="1517167369" role="outer"/>
    <member type="way" ref="1484170937" role="outer"/>
    <member type="way" ref="1516994978" role="outer"/>
    <member type="way" ref="1513099035" role="outer"/>
    <member type="way" ref="1513099036" role="outer"/>
    <member type="way" ref="1513099038" role="outer"/>
    <member type="way" ref="1513099033" role="outer"/>
    <member type="way" ref="1513099030" role="outer"/>
    <member type="way" ref="1280704401" role="outer"/>
    <member type="way" ref="1280503150" role="outer"/>
    <member type="way" ref="1280704400" role="outer"/>
    <member type="way" ref="1280504819" role="outer"/>
    <member type="way" ref="787665777" role="outer"/>
    <member type="way" ref="1280504821" role="outer"/>
    <member type="way" ref="1280350751" role="outer"/>
    <member type="way" ref="1525060339" role="outer"/>
    <member type="way" ref="968613380" role="outer"/>
    <member type="way" ref="1225760926" role="outer"/>
    <member type="way" ref="1225067517" role="outer"/>
    <member type="way" ref="1524441964" role="outer"/>
    <member type="way" ref="1524441967" role="outer"/>
    <member type="way" ref="1524441965" role="outer"/>
    <member type="way" ref="1224937863" role="outer"/>
    <member type="way" ref="1524441975" role="outer"/>
    <member type="way" ref="1524441969" role="outer"/>
    <member type="way" ref="1524441970" role="outer"/>
    <member type="way" ref="1524441968" role="outer"/>
    <member type="way" ref="1524441972" role="outer"/>
    <member type="way" ref="1224937865" role="outer"/>
    <member type="way" ref="1524441973" role="outer"/>
    <member type="way" ref="1524441977" role="outer"/>
    <member type="way" ref="1524441976" role="outer"/>
    <member type="way" ref="1524441978" role="outer"/>
    <member type="way" ref="1246011001" role="outer"/>
    <member type="way" ref="1524441979" role="outer"/>
    <member type="way" ref="1524441982" role="outer"/>
    <member type="way" ref="1524441981" role="outer"/>
    <member type="way" ref="1280323535" role="outer"/>
    <member type="way" ref="1246468049" role="outer"/>
    <member type="way" ref="1246716811" role="outer"/>
    <member type="way" ref="1246700916" role="outer"/>
    <member type="way" ref="1246981090" role="outer"/>
    <member type="way" ref="1246986335" role="outer"/>
    <member type="way" ref="787834135" role="outer"/>
    <member type="way" ref="1275501449" role="outer"/>
    <member type="way" ref="1247002816" role="outer"/>
    <member type="way" ref="1247009031" role="outer"/>
    <member type="way" ref="1275513148" role="outer"/>
    <member type="way" ref="1279191982" role="outer"/>
    <member type="way" ref="1275518777" role="outer"/>
    <member type="way" ref="1279187113" role="outer"/>
    <member type="way" ref="1276349232" role="outer"/>
    <member type="way" ref="1279180314" role="outer"/>
    <member type="way" ref="1276349233" role="outer"/>
    <member type="way" ref="1275540046" role="outer"/>
    <member type="way" ref="1275540047" role="outer"/>
    <member type="way" ref="787834131" role="outer"/>
    <member type="way" ref="1275959932" role="outer"/>
    <member type="way" ref="1276336296" role="outer"/>
    <member type="way" ref="1276336297" role="outer"/>
    <member type="way" ref="1276543431" role="outer"/>
    <member type="way" ref="787834130" role="outer"/>
    <member type="way" ref="1276543433" role="outer"/>
    <member type="way" ref="1276557867" role="outer"/>
    <member type="way" ref="787834129" role="outer"/>
    <member type="way" ref="1276568787" role="outer"/>
    <member type="way" ref="1276557869" role="outer"/>
    <member type="way" ref="1277649193" role="outer"/>
    <member type="way" ref="1277649194" role="outer"/>
    <member type="way" ref="1277657399" role="outer"/>
    <member type="way" ref="787834127" role="outer"/>
    <member type="way" ref="1277672126" role="outer"/>
    <member type="way" ref="1277665270" role="outer"/>
    <member type="way" ref="787834128" role="outer"/>
    <member type="way" ref="1277672124" role="outer"/>
    <member type="way" ref="1277837859" role="outer"/>
    <member type="way" ref="1277843603" role="outer"/>
    <member type="way" ref="1277843604" role="outer"/>
    <member type="way" ref="787834132" role="outer"/>
    <member type="way" ref="787834157" role="outer"/>
    <member type="way" ref="1469812394" role="outer"/>
    <member type="way" ref="1469812396" role="outer"/>
    <member type="way" ref="134637199" role="outer"/>
    <member type="way" ref="1469812393" role="outer"/>
    <member type="way" ref="1469812399" role="outer"/>
    <member type="way" ref="787834149" role="outer"/>
    <member type="way" ref="1469995986" role="outer"/>
    <member type="way" ref="1469995985" role="outer"/>
    <member type="way" ref="134637195" role="outer"/>
    <member type="way" ref="787657266" role="outer"/>
    <member type="way" ref="134640863" role="outer"/>
    <member type="way" ref="1493592579" role="outer"/>
    <member type="way" ref="1493592576" role="outer"/>
    <member type="way" ref="1510317145" role="outer"/>
    <member type="way" ref="787657260" role="outer"/>
    <member type="way" ref="1382237469" role="outer"/>
    <member type="way" ref="1510317144" role="outer"/>
    <member type="way" ref="1382237481" role="outer"/>
    <member type="way" ref="1510317154" role="outer"/>
    <member type="way" ref="1382237472" role="outer"/>
    <member type="way" ref="1510317151" role="outer"/>
    <member type="way" ref="1382237488" role="outer"/>
    <member type="way" ref="1493592603" role="outer"/>
    <member type="way" ref="1382237483" role="outer"/>
    <member type="way" ref="787657262" role="outer"/>
    <member type="way" ref="1493592599" role="outer"/>
    <member type="way" ref="1493592593" role="outer"/>
    <member type="way" ref="1493592597" role="outer"/>
    <member type="way" ref="787657263" role="outer"/>
    <member type="way" ref="1510374288" role="outer"/>
    <member type="way" ref="1510374289" role="outer"/>
    <member type="way" ref="1510317167" role="outer"/>
    <member type="way" ref="1493592588" role="outer"/>
    <member type="way" ref="1493592587" role="outer"/>
    <member type="way" ref="126372273" role="outer"/>
    <member type="way" ref="135964238" role="outer"/>
    <member type="way" ref="810131084" role="outer"/>
    <member type="way" ref="1279817253" role="outer"/>
    <member type="way" ref="1279817250" role="outer"/>
    <member type="way" ref="1279925914" role="outer"/>
    <member type="way" ref="1530038750" role="outer"/>
    <member type="way" ref="1530038749" role="outer"/>
    <member type="way" ref="82515652" role="outer"/>
    <member type="way" ref="1530038740" role="outer"/>
    <member type="way" ref="1530038738" role="outer"/>
    <member type="node" ref="25869410" role="admin_centre"/>
    <member type="node" ref="2794078378" role="label"/>
    <member type="relation" ref="1812355" role="subarea"/>
    <member type="relation" ref="1812356" role="subarea"/>
    <member type="relation" ref="1812354" role="subarea"/>
    <member type="relation" ref="1812321" role="subarea"/>
    <member type="relation" ref="1812319" role="subarea"/>
    <member type="relation" ref="1812317" role="subarea"/>
    <member type="relation" ref="1811393" role="subarea"/>
    <member type="relation" ref="1811252" role="subarea"/>
    <member type="relation" ref="1811046" role="subarea"/>
    <member type="relation" ref="1811454" role="subarea"/>
    <member type="relation" ref="1811108" role="subarea"/>
    <member type="relation" ref="1811128" role="subarea"/>
    <member type="relation" ref="1810229" role="subarea"/>
    <member type="relation" ref="1809674" role="subarea"/>
    <member type="relation" ref="1809594" role="subarea"/>
    <member type="relation" ref="1809464" role="subarea"/>
    <member type="relation" ref="1799855" role="subarea"/>
    <member type="relation" ref="1739269" role="subarea"/>
    <member type="relation" ref="1738278" role="subarea"/>
    <member type="relation" ref="1738279" role="subarea"/>
    <member type="relation" ref="1713916" role="subarea"/>
    <member type="relation" ref="1713914" role="subarea"/>
    <member type="relation" ref="1710801" role="subarea"/>
    <member type="relation" ref="1667201" role="subarea"/>
    <member type="relation" ref="1667099" role="subarea"/>
    <tag k="ISO3166-2" v="TR-06"/>
    <tag k="admin_level" v="4"/>
    <tag k="boundary" v="administrative"/>
    <tag k="name" v="Ankara"/>
    <tag k="name:cnr" v="Ankara"/>
    <tag k="name:cnr-Cyrl" v="Анкара"/>
    <tag k="name:de" v="Ankara"/>
    <tag k="name:el" v="Άγκυρα"/>
    <tag k="name:en" v="Ankara"/>
    <tag k="name:ru" v="Анкара"/>
    <tag k="name:tr" v="Ankara"/>
    <tag k="name:tr:suffix" v="Büyükşehir Belediyesi"/>
    <tag k="name:uk" v="Анкара"/>
    <tag k="name:zh" v="安卡拉省"/>
    <tag k="network" v="TR-provinces"/>
    <tag k="population" v="5803482"/>
    <tag k="ref:nuts" v="TR510"/>
    <tag k="ref:nuts:3" v="TR510"/>
    <tag k="type" v="boundary"/>
    <tag k="wikidata" v="Q2297724"/>
    <tag k="wikipedia" v="tr:Ankara (il)"/>
  </relation>
  <node id="7721514532" lat="39.1595492" lon="31.8195819"/>
  <node id="7721514533" lat="39.1608136" lon="31.8207835"/>
  <node id="7721514534" lat="39.1620781" lon="31.8238734"/>
  <node id="7293298363" lat="39.1422433" lon="31.8435287"/>
  <node id="7426886253" lat="39.1459465" lon="31.8492791"/>
  <node id="7426886254" lat="39.1467286" lon="31.8490431"/>
  <node id="7426886255" lat="39.1466288" lon="31.8456742"/>
  <node id="7426886241" lat="39.1388902" lon="31.8635699"/>
  <node id="7426886242" lat="39.1383825" lon="31.8613812"/>
  <node id="7426886243" lat="39.1386904" lon="31.8600938"/>
  <node id="7426886244" lat="39.1383909" lon="31.8588063"/>
  <node id="7426886245" lat="39.1393229" lon="31.8588921"/>
  <node id="7426886246" lat="39.1400135" lon="31.8607482"/>
  <node id="7426886247" lat="39.1402715" lon="31.8611881"/>
  <node id="7426886231" lat="39.1337639" lon="31.8760261"/>
  <node id="7426886232" lat="39.1345129" lon="31.8743309"/>
  <node id="7426886236" lat="39.1367182" lon="31.8699321"/>
  <node id="7426886237" lat="39.1376253" lon="31.8683764"/>
  <node id="7426886238" lat="39.1386655" lon="31.8661770"/>
  <node id="7426886239" lat="39.1390899" lon="31.8651149"/>
  <node id="7426886240" lat="39.1385573" lon="31.8650720"/>
  <node id="7426886233" lat="39.1349790" lon="31.8731400"/>
  <node id="7426886234" lat="39.1354949" lon="31.8721530"/>
  <node id="7426886235" lat="39.1360628" lon="31.8712482"/>
  <node id="7426886251" lat="39.1426014" lon="31.8544504"/>
  <node id="7426886252" lat="39.1454306" lon="31.8515751"/>
  <node id="7426886248" lat="39.1414864" lon="31.8606946"/>
  <node id="7426886249" lat="39.1425267" lon="31.8599221"/>
  <node id="7426886250" lat="39.1427097" lon="31.8591711"/>
  <node id="7721514535" lat="39.1629432" lon="31.8270278"/>
  <node id="7721514536" lat="39.1644738" lon="31.8284011"/>
  <node id="7721514537" lat="39.1666698" lon="31.8292594"/>
  <node id="7721514538" lat="39.1689989" lon="31.8288946"/>
  <node id="7721514539" lat="39.1729248" lon="31.8269205"/>
  <node id="7721514540" lat="39.1742556" lon="31.8266630"/>
  <node id="7721514541" lat="39.1765345" lon="31.8274569"/>
  <node id="7721514542" lat="39.1782811" lon="31.8299460"/>
  <node id="7721514543" lat="39.1784641" lon="31.8310833"/>
  <node id="7721514544" lat="39.1783643" lon="31.8338728"/>
  <node id="7721514545" lat="39.1776324" lon="31.8365764"/>
  <node id="7721514547" lat="39.1737233" lon="31.8394518"/>
  <node id="7721514548" lat="39.1730579" lon="31.8410182"/>
  <node id="7721514549" lat="39.1731245" lon="31.8423915"/>
  <node id="7721514550" lat="39.1732908" lon="31.8432927"/>
  <node id="7721514551" lat="39.1737400" lon="31.8452239"/>
  <node id="7721514546" lat="39.1763848" lon="31.8382072"/>
  <node id="7721514552" lat="39.1743222" lon="31.8468547"/>
  <node id="7721514553" lat="39.1748877" lon="31.8481421"/>
  <node id="7721514554" lat="39.1761686" lon="31.8490004"/>
  <node id="7721514555" lat="39.1790130" lon="31.8489575"/>
  <node id="7721514556" lat="39.1806597" lon="31.8487215"/>
  <node id="7721514563" lat="39.1785306" lon="31.8602228"/>
  <node id="7721514564" lat="39.1774161" lon="31.8616175"/>
  <node id="7721514565" lat="39.1768007" lon="31.8626261"/>
  <node id="7721514566" lat="39.1766842" lon="31.8637419"/>
  <node id="7721514567" lat="39.1766842" lon="31.8647504"/>
  <node id="7721514568" lat="39.1770335" lon="31.8652224"/>
  <node id="7721514569" lat="39.1780648" lon="31.8667245"/>
  <node id="7721514570" lat="39.1785805" lon="31.8674755"/>
  <node id="7721514571" lat="39.1796949" lon="31.8682480"/>
  <node id="7721514557" lat="39.1815246" lon="31.8493652"/>
  <node id="7721514558" lat="39.1824227" lon="31.8516826"/>
  <node id="7721514559" lat="39.1824394" lon="31.8523478"/>
  <node id="7721514560" lat="39.1824726" lon="31.8537211"/>
  <node id="7721514561" lat="39.1823063" lon="31.8542790"/>
  <node id="7721514562" lat="39.1817574" lon="31.8557381"/>
  <node id="7721514572" lat="39.1847180" lon="31.8718099"/>
  <node id="7721514573" lat="39.1853833" lon="31.8726039"/>
  <node id="7721514574" lat="39.1857159" lon="31.8735695"/>
  <node id="7721514575" lat="39.1858822" lon="31.8748569"/>
  <node id="7721514576" lat="39.1856494" lon="31.8764233"/>
  <node id="151021584" lat="39.7225605" lon="31.7647332"/>
  <node id="959404472" lat="39.7310222" lon="31.7646519"/>
  <node id="7365572510" lat="39.7380164" lon="31.7649078"/>
  <node id="7365572511" lat="39.7456062" lon="31.7663669"/>
  <node id="1473954046" lat="39.7048124" lon="31.7751810"/>
  <node id="7365572509" lat="39.7011116" lon="31.7797565"/>
  <node id="10647902346" lat="39.6987141" lon="31.7844955"/>
  <node id="7365572508" lat="39.6979417" lon="31.7860221"/>
  <node id="7365572506" lat="39.6937811" lon="31.7976951"/>
  <node id="7365572507" lat="39.6949699" lon="31.7920302"/>
  <node id="7721524372" lat="39.6852608" lon="31.8109130"/>
  <node id="7365572505" lat="39.6911393" lon="31.8026733"/>
  <node id="7721524382" lat="39.6904788" lon="31.8042182"/>
  <node id="7721524373" lat="39.6863507" lon="31.8108272"/>
  <node id="7721524374" lat="39.6887945" lon="31.8091535"/>
  <node id="7721524375" lat="39.6895541" lon="31.8086814"/>
  <node id="7721524376" lat="39.6904128" lon="31.8085956"/>
  <node id="7721524377" lat="39.6908751" lon="31.8078231"/>
  <node id="7721524367" lat="39.6835269" lon="31.8174577"/>
  <node id="7721524368" lat="39.6845012" lon="31.8169427"/>
  <node id="7721524369" lat="39.6847324" lon="31.8149471"/>
  <node id="7721524370" lat="39.6842866" lon="31.8131447"/>
  <node id="7721524371" lat="39.6846003" lon="31.8112349"/>
  <node id="7721524365" lat="39.6815948" lon="31.8238735"/>
  <node id="7721524366" lat="39.6819416" lon="31.8195820"/>
  <node id="7721524358" lat="39.6739650" lon="31.8358469"/>
  <node id="7721524359" lat="39.6742953" lon="31.8347311"/>
  <node id="7721524360" lat="39.6755835" lon="31.8346452"/>
  <node id="7721524361" lat="39.6779452" lon="31.8331432"/>
  <node id="7721524362" lat="39.6785232" lon="31.8320703"/>
  <node id="7721524356" lat="39.6719831" lon="31.8412542"/>
  <node id="7721524357" lat="39.6719665" lon="31.8390870"/>
  <node id="7721524352" lat="39.6702984" lon="31.8504810"/>
  <node id="7721524353" lat="39.6711572" lon="31.8483782"/>
  <node id="7721524354" lat="39.6723464" lon="31.8473267"/>
  <node id="7721524355" lat="39.6725281" lon="31.8443441"/>
  <node id="7721524343" lat="39.6647321" lon="31.8692350"/>
  <node id="7721524344" lat="39.6654588" lon="31.8664026"/>
  <node id="7721524350" lat="39.6697038" lon="31.8540430"/>
  <node id="7721524351" lat="39.6700011" lon="31.8519187"/>
  <node id="7721524345" lat="39.6657562" lon="31.8627763"/>
  <node id="7721524346" lat="39.6672593" lon="31.8611884"/>
  <node id="7721524347" lat="39.6684155" lon="31.8592357"/>
  <node id="7721524348" lat="39.6684155" lon="31.8578410"/>
  <node id="7721524349" lat="39.6690761" lon="31.8571543"/>
  <node id="7721524339" lat="39.6703645" lon="31.8753075"/>
  <node id="7721524340" lat="39.6689605" lon="31.8744063"/>
  <node id="7721524341" lat="39.6662352" lon="31.8735266"/>
  <node id="7721524342" lat="39.6657396" lon="31.8721318"/>
  <node id="7721524363" lat="39.6809012" lon="31.8283582"/>
  <node id="7721524364" lat="39.6812480" lon="31.8264913"/>
  <node id="7365572512" lat="39.7541849" lon="31.7758082"/>
  <node id="7365572513" lat="39.7580780" lon="31.7775249"/>
  <node id="7365572514" lat="39.7629605" lon="31.7795848"/>
  <node id="7365572515" lat="39.7674469" lon="31.7820739"/>
  <node id="7365572516" lat="39.7706135" lon="31.7826747"/>
  <node id="7365572517" lat="39.7710753" lon="31.7841338"/>
  <node id="7365572518" lat="39.7743078" lon="31.7867946"/>
  <node id="7365572519" lat="39.7758250" lon="31.7882537"/>
  <node id="7365572520" lat="39.7774741" lon="31.7876529"/>
  <node id="7365572521" lat="39.7799807" lon="31.7880820"/>
  <node id="7365572522" lat="39.7818276" lon="31.7899703"/>
  <node id="7365572523" lat="39.7820255" lon="31.7885112"/>
  <node id="7365572524" lat="39.7832127" lon="31.7887687"/>
  <node id="7365572525" lat="39.7835425" lon="31.7970943"/>
  <node id="7365572526" lat="39.7853234" lon="31.7986392"/>
  <node id="7365572527" lat="39.7853234" lon="31.8028449"/>
  <node id="7365572528" lat="39.7880935" lon="31.8068790"/>
  <node id="7365572529" lat="39.7882914" lon="31.8092822"/>
  <node id="7365572532" lat="39.7894126" lon="31.8197536"/>
  <node id="7365572533" lat="39.7892806" lon="31.8212985"/>
  <node id="7365572530" lat="39.7925122" lon="31.8149470"/>
  <node id="7365572531" lat="39.7923144" lon="31.8168353"/>
  <node id="7365572534" lat="39.7845319" lon="31.8297958"/>
  <node id="7365572535" lat="39.7923144" lon="31.8339156"/>
  <node id="7365572536" lat="39.7954799" lon="31.8362331"/>
  <node id="7365572537" lat="39.8013489" lon="31.8394088"/>
  <node id="7365572538" lat="39.8047118" lon="31.8405246"/>
  <node id="7365572539" lat="39.8067559" lon="31.8404388"/>
  <node id="7365572540" lat="39.8092614" lon="31.8400954"/>
  <node id="7365572541" lat="39.8109097" lon="31.8414687"/>
  <node id="7365572542" lat="39.8304227" lon="31.8449020"/>
  <node id="7365572543" lat="39.8325978" lon="31.8462752"/>
  <node id="7365572544" lat="39.8356297" lon="31.8461894"/>
  <node id="7365572547" lat="39.8358274" lon="31.8583774"/>
  <node id="7365572549" lat="39.8352342" lon="31.8600940"/>
  <node id="7365572550" lat="39.8327956" lon="31.8608665"/>
  <node id="7365572551" lat="39.8318069" lon="31.8677329"/>
  <node id="7365572552" lat="39.8314114" lon="31.8733977"/>
  <node id="7721524561" lat="39.8498149" lon="31.8501913"/>
  <node id="7721524562" lat="39.8505644" lon="31.8497300"/>
  <node id="7721524563" lat="39.8509763" lon="31.8497085"/>
  <node id="7721524564" lat="39.8514458" lon="31.8495369"/>
  <node id="7721524565" lat="39.8518576" lon="31.8487537"/>
  <node id="7721524566" lat="39.8523353" lon="31.8477774"/>
  <node id="7721524567" lat="39.8530189" lon="31.8467045"/>
  <node id="7721524568" lat="39.8534225" lon="31.8464792"/>
  <node id="7721524569" lat="39.8539496" lon="31.8463611"/>
  <node id="7721524570" lat="39.8543450" lon="31.8460178"/>
  <node id="7721524571" lat="39.8550368" lon="31.8451059"/>
  <node id="7721524572" lat="39.8553498" lon="31.8451595"/>
  <node id="7721524573" lat="39.8556957" lon="31.8457389"/>
  <node id="7721524574" lat="39.8565605" lon="31.8463075"/>
  <node id="7721524575" lat="39.8566923" lon="31.8465435"/>
  <node id="7721524576" lat="39.8569888" lon="31.8469512"/>
  <node id="7721524577" lat="39.8572523" lon="31.8469405"/>
  <node id="7721524578" lat="39.8575159" lon="31.8467903"/>
  <node id="7721524579" lat="39.8576147" lon="31.8466186"/>
  <node id="7721524580" lat="39.8576724" lon="31.8463611"/>
  <node id="7721524581" lat="39.8576477" lon="31.8462002"/>
  <node id="7721524582" lat="39.8574994" lon="31.8457067"/>
  <node id="7721524583" lat="39.8575076" lon="31.8455565"/>
  <node id="7721524584" lat="39.8575982" lon="31.8453634"/>
  <node id="7721524585" lat="39.8577300" lon="31.8453312"/>
  <node id="7721524586" lat="39.8580594" lon="31.8457711"/>
  <node id="7721524587" lat="39.8583230" lon="31.8461895"/>
  <node id="7721524588" lat="39.8585042" lon="31.8465543"/>
  <node id="7721524589" lat="39.8586689" lon="31.8470800"/>
  <node id="7721524590" lat="39.8587513" lon="31.8476057"/>
  <node id="7721524591" lat="39.8591136" lon="31.8480885"/>
  <node id="7721524592" lat="39.8595089" lon="31.8481851"/>
  <node id="7721524593" lat="39.8598054" lon="31.8481958"/>
  <node id="7721524594" lat="39.8601595" lon="31.8480241"/>
  <node id="7721524595" lat="39.8604643" lon="31.8477559"/>
  <node id="7721524596" lat="39.8608266" lon="31.8472624"/>
  <node id="7721524597" lat="39.8610490" lon="31.8473160"/>
  <node id="7721524598" lat="39.8612302" lon="31.8476272"/>
  <node id="7721524599" lat="39.8611478" lon="31.8481421"/>
  <node id="7721524600" lat="39.8608102" lon="31.8487000"/>
  <node id="7721524601" lat="39.8606784" lon="31.8498802"/>
  <node id="7721524602" lat="39.8604643" lon="31.8503415"/>
  <node id="7365572545" lat="39.8416930" lon="31.8515967"/>
  <node id="7365572546" lat="39.8385296" lon="31.8574332"/>
  <node id="7365572548" lat="39.8370137" lon="31.8595790"/>
  <node id="7721524540" lat="39.8496172" lon="31.8570363"/>
  <node id="7721524541" lat="39.8497325" lon="31.8563604"/>
  <node id="7721524542" lat="39.8498725" lon="31.8560278"/>
  <node id="7721524543" lat="39.8500043" lon="31.8557489"/>
  <node id="7721524544" lat="39.8500538" lon="31.8551588"/>
  <node id="7721524545" lat="39.8498478" lon="31.8545043"/>
  <node id="7721524546" lat="39.8495184" lon="31.8543005"/>
  <node id="7721524547" lat="39.8494525" lon="31.8540859"/>
  <node id="7721524548" lat="39.8494525" lon="31.8538070"/>
  <node id="7721524549" lat="39.8495431" lon="31.8535495"/>
  <node id="7721524550" lat="39.8498478" lon="31.8533778"/>
  <node id="7721524551" lat="39.8503338" lon="31.8532812"/>
  <node id="7721524552" lat="39.8505315" lon="31.8531310"/>
  <node id="7721524553" lat="39.8507374" lon="31.8529487"/>
  <node id="7721524554" lat="39.8508692" lon="31.8526697"/>
  <node id="7721524555" lat="39.8508692" lon="31.8524122"/>
  <node id="7721524556" lat="39.8506550" lon="31.8519831"/>
  <node id="7721524557" lat="39.8501855" lon="31.8512213"/>
  <node id="7721524558" lat="39.8499879" lon="31.8510282"/>
  <node id="7721524559" lat="39.8495184" lon="31.8509102"/>
  <node id="7721524560" lat="39.8494937" lon="31.8506634"/>
  <node id="7721524496" lat="39.8538755" lon="31.8629587"/>
  <node id="7721524497" lat="39.8535296" lon="31.8625080"/>
  <node id="7721524498" lat="39.8532413" lon="31.8625295"/>
  <node id="7721524499" lat="39.8529860" lon="31.8627977"/>
  <node id="7721524510" lat="39.8496666" lon="31.8627763"/>
  <node id="7721524511" lat="39.8495843" lon="31.8622935"/>
  <node id="7721524512" lat="39.8493454" lon="31.8618536"/>
  <node id="7721524513" lat="39.8491889" lon="31.8614459"/>
  <node id="7721524514" lat="39.8492136" lon="31.8612313"/>
  <node id="7721524515" lat="39.8493454" lon="31.8609202"/>
  <node id="7721524516" lat="39.8497902" lon="31.8608880"/>
  <node id="7721524517" lat="39.8500373" lon="31.8610167"/>
  <node id="7721524518" lat="39.8502185" lon="31.8615854"/>
  <node id="7721524519" lat="39.8502926" lon="31.8621325"/>
  <node id="7721524520" lat="39.8504985" lon="31.8623686"/>
  <node id="7721524521" lat="39.8508362" lon="31.8624651"/>
  <node id="7721524522" lat="39.8513469" lon="31.8622291"/>
  <node id="7721524523" lat="39.8516023" lon="31.8620253"/>
  <node id="7721524524" lat="39.8519400" lon="31.8616819"/>
  <node id="7721524525" lat="39.8523518" lon="31.8614674"/>
  <node id="7721524526" lat="39.8526071" lon="31.8614137"/>
  <node id="7721524527" lat="39.8528213" lon="31.8612099"/>
  <node id="7721524528" lat="39.8529036" lon="31.8609631"/>
  <node id="7721524529" lat="39.8529695" lon="31.8606949"/>
  <node id="7721524530" lat="39.8531013" lon="31.8602228"/>
  <node id="7721524531" lat="39.8530848" lon="31.8597186"/>
  <node id="7721524532" lat="39.8523271" lon="31.8589783"/>
  <node id="7721524533" lat="39.8517670" lon="31.8589675"/>
  <node id="7721524534" lat="39.8512234" lon="31.8592679"/>
  <node id="7721524535" lat="39.8507621" lon="31.8591821"/>
  <node id="7721524536" lat="39.8502267" lon="31.8587959"/>
  <node id="7721524537" lat="39.8500126" lon="31.8584204"/>
  <node id="7721524538" lat="39.8497737" lon="31.8579268"/>
  <node id="7721524539" lat="39.8495925" lon="31.8572938"/>
  <node id="7721524603" lat="39.8598548" lon="31.8506527"/>
  <node id="7721524604" lat="39.8595831" lon="31.8508136"/>
  <node id="7721524605" lat="39.8595007" lon="31.8512964"/>
  <node id="7721524606" lat="39.8595913" lon="31.8517148"/>
  <node id="7721524607" lat="39.8598878" lon="31.8521118"/>
  <node id="7721524608" lat="39.8602996" lon="31.8520689"/>
  <node id="7721524609" lat="39.8610572" lon="31.8514788"/>
  <node id="7721524610" lat="39.8614113" lon="31.8514466"/>
  <node id="7721524611" lat="39.8618478" lon="31.8515861"/>
  <node id="7721524612" lat="39.8621278" lon="31.8519938"/>
  <node id="7721524613" lat="39.8621608" lon="31.8524337"/>
  <node id="7721524614" lat="39.8621278" lon="31.8528950"/>
  <node id="7721524615" lat="39.8621608" lon="31.8533993"/>
  <node id="7721524617" lat="39.8622349" lon="31.8549120"/>
  <node id="7721524618" lat="39.8617655" lon="31.8559956"/>
  <node id="7721524619" lat="39.8617655" lon="31.8562961"/>
  <node id="7721524620" lat="39.8621937" lon="31.8569183"/>
  <node id="7721524478" lat="39.8547156" lon="31.8693745"/>
  <node id="7721524479" lat="39.8541556" lon="31.8693745"/>
  <node id="7721524480" lat="39.8533072" lon="31.8690312"/>
  <node id="7721524481" lat="39.8526153" lon="31.8684840"/>
  <node id="7721524482" lat="39.8523930" lon="31.8675613"/>
  <node id="7721524483" lat="39.8525659" lon="31.8666601"/>
  <node id="7721524484" lat="39.8528707" lon="31.8660915"/>
  <node id="7721524485" lat="39.8531754" lon="31.8657911"/>
  <node id="7721524486" lat="39.8534802" lon="31.8656623"/>
  <node id="7721524487" lat="39.8538673" lon="31.8656409"/>
  <node id="7721524488" lat="39.8543038" lon="31.8657696"/>
  <node id="7721524489" lat="39.8544521" lon="31.8657267"/>
  <node id="7721524490" lat="39.8547980" lon="31.8656301"/>
  <node id="7721524491" lat="39.8549215" lon="31.8654799"/>
  <node id="7721524492" lat="39.8549133" lon="31.8652546"/>
  <node id="7721524493" lat="39.8546415" lon="31.8649006"/>
  <node id="7721524494" lat="39.8543697" lon="31.8644607"/>
  <node id="7721524495" lat="39.8540979" lon="31.8638492"/>
  <node id="7721524500" lat="39.8527471" lon="31.8636346"/>
  <node id="7721524501" lat="39.8525000" lon="31.8643319"/>
  <node id="7721524502" lat="39.8522035" lon="31.8647182"/>
  <node id="7721524503" lat="39.8517835" lon="31.8648791"/>
  <node id="7721524504" lat="39.8511245" lon="31.8651259"/>
  <node id="7721524505" lat="39.8506797" lon="31.8651473"/>
  <node id="7721524506" lat="39.8502103" lon="31.8650830"/>
  <node id="7721524507" lat="39.8499220" lon="31.8648684"/>
  <node id="7721524508" lat="39.8497490" lon="31.8645143"/>
  <node id="7721524509" lat="39.8497078" lon="31.8636560"/>
  <node id="7721524452" lat="39.8546580" lon="31.8763912"/>
  <node id="7721524453" lat="39.8545097" lon="31.8759191"/>
  <node id="7721524454" lat="39.8544850" lon="31.8753827"/>
  <node id="7721524455" lat="39.8544521" lon="31.8747496"/>
  <node id="7721524456" lat="39.8547321" lon="31.8743098"/>
  <node id="7721524457" lat="39.8550780" lon="31.8736231"/>
  <node id="7721524458" lat="39.8552839" lon="31.8732905"/>
  <node id="7721524459" lat="39.8554569" lon="31.8731832"/>
  <node id="7721524460" lat="39.8556628" lon="31.8731940"/>
  <node id="7721524461" lat="39.8557204" lon="31.8734515"/>
  <node id="7721524473" lat="39.8576888" lon="31.8700182"/>
  <node id="7721524474" lat="39.8569805" lon="31.8693530"/>
  <node id="7721524475" lat="39.8566593" lon="31.8691063"/>
  <node id="7721524476" lat="39.8563711" lon="31.8690741"/>
  <node id="7721524477" lat="39.8557534" lon="31.8691170"/>
  <node id="7721524445" lat="39.8582489" lon="31.8765843"/>
  <node id="7721524446" lat="39.8579771" lon="31.8764126"/>
  <node id="7721524447" lat="39.8577382" lon="31.8764019"/>
  <node id="7721524448" lat="39.8573923" lon="31.8764448"/>
  <node id="7721524462" lat="39.8557698" lon="31.8738162"/>
  <node id="7721524463" lat="39.8560334" lon="31.8741166"/>
  <node id="7721524464" lat="39.8563134" lon="31.8739879"/>
  <node id="7721524465" lat="39.8565440" lon="31.8738055"/>
  <node id="7721524466" lat="39.8568982" lon="31.8735909"/>
  <node id="7721524467" lat="39.8570794" lon="31.8733334"/>
  <node id="7721524468" lat="39.8572606" lon="31.8731296"/>
  <node id="7721524469" lat="39.8574582" lon="31.8722820"/>
  <node id="7721524470" lat="39.8580842" lon="31.8715417"/>
  <node id="7721524471" lat="39.8582077" lon="31.8710804"/>
  <node id="7721524472" lat="39.8579853" lon="31.8704259"/>
  <node id="7426886202" lat="39.0076883" lon="31.9483062"/>
  <node id="7426886204" lat="39.0088721" lon="31.9467184"/>
  <node id="7426886205" lat="39.0097391" lon="31.9460746"/>
  <node id="7426886198" lat="39.0053207" lon="31.9545288"/>
  <node id="7426886199" lat="39.0060209" lon="31.9525763"/>
  <node id="7426886200" lat="39.0071380" lon="31.9499799"/>
  <node id="7426886201" lat="39.0073715" lon="31.9489500"/>
  <node id="7426827434" lat="39.0164249" lon="31.9392725"/>
  <node id="7426827435" lat="39.0196925" lon="31.9350668"/>
  <node id="7426827436" lat="39.0219931" lon="31.9321701"/>
  <node id="7426827437" lat="39.0231266" lon="31.9313118"/>
  <node id="151004699" lat="39.0103893" lon="31.9435212"/>
  <node id="7426827433" lat="39.0125236" lon="31.9429633"/>
  <node id="7426886206" lat="39.0111314" lon="31.9444867"/>
  <node id="7426886192" lat="39.0013185" lon="31.9610628"/>
  <node id="7426886193" lat="39.0015437" lon="31.9606337"/>
  <node id="7426886194" lat="39.0021106" lon="31.9610735"/>
  <node id="7426886195" lat="39.0023774" lon="31.9602582"/>
  <node id="7426886196" lat="39.0027443" lon="31.9594535"/>
  <node id="7426886197" lat="39.0036197" lon="31.9578442"/>
  <node id="7426886188" lat="38.9999178" lon="31.9667277"/>
  <node id="7426886189" lat="39.0002054" lon="31.9655260"/>
  <node id="7426886190" lat="39.0005585" lon="31.9642441"/>
  <node id="7426886191" lat="39.0008516" lon="31.9632837"/>
  <node id="7426886184" lat="38.9983836" lon="31.9748387"/>
  <node id="7426886185" lat="38.9985837" lon="31.9735727"/>
  <node id="7426886186" lat="38.9990090" lon="31.9715342"/>
  <node id="7426886187" lat="38.9994175" lon="31.9692275"/>
  <node id="7426886180" lat="38.9976165" lon="31.9791624"/>
  <node id="7426886181" lat="38.9977499" lon="31.9771239"/>
  <node id="7426886182" lat="38.9978166" lon="31.9760081"/>
  <node id="7426886183" lat="38.9981251" lon="31.9755790"/>
  <node id="7426886116" lat="38.9696448" lon="32.0373127"/>
  <node id="7426886117" lat="38.9709794" lon="32.0350811"/>
  <node id="7426886111" lat="38.9667253" lon="32.0456061"/>
  <node id="7426886112" lat="38.9659578" lon="32.0452091"/>
  <node id="7426886113" lat="38.9667920" lon="32.0427629"/>
  <node id="7426886114" lat="38.9665584" lon="32.0426127"/>
  <node id="7426886115" lat="38.9670256" lon="32.0417115"/>
  <node id="7426886106" lat="38.9626126" lon="32.0601866"/>
  <node id="7426886107" lat="38.9635803" lon="32.0565387"/>
  <node id="7426886108" lat="38.9641226" lon="32.0549509"/>
  <node id="7426886109" lat="38.9648233" lon="32.0520112"/>
  <node id="7426886110" lat="38.9655074" lon="32.0499941"/>
  <node id="7426886090" lat="38.9575511" lon="32.0743523"/>
  <node id="7426886103" lat="38.9609525" lon="32.0660016"/>
  <node id="7426886104" lat="38.9612028" lon="32.0649823"/>
  <node id="7426886105" lat="38.9615734" lon="32.0639087"/>
  <node id="7426886096" lat="38.9597762" lon="32.0730397"/>
  <node id="7426886097" lat="38.9596260" lon="32.0727929"/>
  <node id="7426886098" lat="38.9591505" lon="32.0723852"/>
  <node id="7426886099" lat="38.9589586" lon="32.0719668"/>
  <node id="7426886100" lat="38.9589253" lon="32.0711729"/>
  <node id="7426886101" lat="38.9592172" lon="32.0707223"/>
  <node id="7426886102" lat="38.9591839" lon="32.0681903"/>
  <node id="7426886089" lat="38.9580326" lon="32.0791229"/>
  <node id="7426886091" lat="38.9579909" lon="32.0742306"/>
  <node id="7426886092" lat="38.9588335" lon="32.0743701"/>
  <node id="7426886093" lat="38.9597178" lon="32.0747563"/>
  <node id="7426886094" lat="38.9596427" lon="32.0738551"/>
  <node id="7426886095" lat="38.9598179" lon="32.0734259"/>
  <node id="7426886086" lat="38.9584831" lon="32.0852276"/>
  <node id="7426886087" lat="38.9583246" lon="32.0840689"/>
  <node id="7426886088" lat="38.9581994" lon="32.0813009"/>
  <node id="7426886131" lat="38.9811551" lon="32.0005128"/>
  <node id="7426886132" lat="38.9825896" lon="31.9986889"/>
  <node id="7426886133" lat="38.9839740" lon="31.9974550"/>
  <node id="7426886129" lat="38.9779524" lon="32.0072290"/>
  <node id="7426886130" lat="38.9801042" lon="32.0024439"/>
  <node id="7426886139" lat="38.9856711" lon="31.9943330"/>
  <node id="7426886140" lat="38.9857670" lon="31.9939253"/>
  <node id="7426886141" lat="38.9858170" lon="31.9933727"/>
  <node id="7426886142" lat="38.9858254" lon="31.9929811"/>
  <node id="7426886143" lat="38.9860380" lon="31.9926539"/>
  <node id="7426886144" lat="38.9862507" lon="31.9923589"/>
  <node id="7426886145" lat="38.9864550" lon="31.9921496"/>
  <node id="7426886146" lat="38.9865801" lon="31.9920799"/>
  <node id="7426886147" lat="38.9868553" lon="31.9920638"/>
  <node id="7426886148" lat="38.9870888" lon="31.9921282"/>
  <node id="7426886149" lat="38.9878102" lon="31.9922784"/>
  <node id="7426886150" lat="38.9885815" lon="31.9923374"/>
  <node id="7426886151" lat="38.9906246" lon="31.9922140"/>
  <node id="7426886152" lat="38.9906204" lon="31.9921067"/>
  <node id="7426886172" lat="38.9957487" lon="31.9871875"/>
  <node id="7426886173" lat="38.9960072" lon="31.9861415"/>
  <node id="7426886174" lat="38.9961198" lon="31.9857767"/>
  <node id="7426886175" lat="38.9963241" lon="31.9852295"/>
  <node id="7426886176" lat="38.9964825" lon="31.9849667"/>
  <node id="7426886177" lat="38.9968160" lon="31.9843766"/>
  <node id="7426886178" lat="38.9971412" lon="31.9832608"/>
  <node id="7426886153" lat="38.9906830" lon="31.9921014"/>
  <node id="7426886154" lat="38.9906663" lon="31.9919029"/>
  <node id="7426886155" lat="38.9907539" lon="31.9919029"/>
  <node id="7426886156" lat="38.9907497" lon="31.9917044"/>
  <node id="7426886157" lat="38.9915127" lon="31.9915596"/>
  <node id="7426886158" lat="38.9928302" lon="31.9918761"/>
  <node id="7426886159" lat="38.9932555" lon="31.9923052"/>
  <node id="7426886160" lat="38.9937642" lon="31.9926271"/>
  <node id="7426886161" lat="38.9943562" lon="31.9926593"/>
  <node id="7426886162" lat="38.9948065" lon="31.9926056"/>
  <node id="7426886163" lat="38.9952359" lon="31.9925412"/>
  <node id="7426886164" lat="38.9955861" lon="31.9924125"/>
  <node id="7426886165" lat="38.9947148" lon="31.9922516"/>
  <node id="7426886166" lat="38.9948065" lon="31.9917849"/>
  <node id="7426886167" lat="38.9948315" lon="31.9909909"/>
  <node id="7426886168" lat="38.9948732" lon="31.9906583"/>
  <node id="7426886169" lat="38.9949733" lon="31.9901004"/>
  <node id="7426886170" lat="38.9950608" lon="31.9897357"/>
  <node id="7426886171" lat="38.9953318" lon="31.9887218"/>
  <node id="7426886134" lat="38.9845828" lon="31.9964680"/>
  <node id="7426886135" lat="38.9848330" lon="31.9958457"/>
  <node id="7426886136" lat="38.9851749" lon="31.9954595"/>
  <node id="7426886137" lat="38.9853083" lon="31.9952020"/>
  <node id="7426886138" lat="38.9855126" lon="31.9948319"/>
  <node id="7426886125" lat="38.9739822" lon="32.0139238"/>
  <node id="7426886126" lat="38.9745328" lon="32.0129153"/>
  <node id="7426886127" lat="38.9753501" lon="32.0114562"/>
  <node id="7426886128" lat="38.9764761" lon="32.0099541"/>
  <node id="7426886124" lat="38.9736486" lon="32.0188591"/>
  <node id="7426886123" lat="38.9735152" lon="32.0246526"/>
  <node id="7426886118" lat="38.9717969" lon="32.0337935"/>
  <node id="7426886119" lat="38.9720221" lon="32.0331284"/>
  <node id="7426886120" lat="38.9721472" lon="32.0323559"/>
  <node id="7426886121" lat="38.9726061" lon="32.0304997"/>
  <node id="7426886122" lat="38.9732316" lon="32.0281073"/>
  <node id="7426886179" lat="38.9973413" lon="31.9817802"/>
  <node id="12879853398" lat="38.9539692" lon="32.1053767"/>
  <node id="12879853401" lat="38.9565639" lon="32.1056449"/>
  <node id="973502450" lat="38.9524822" lon="32.1113980"/>
  <node id="12879853397" lat="38.9526009" lon="32.1114385"/>
  <node id="7426886085" lat="38.9598012" lon="32.0925555"/>
  <node id="7426827484" lat="38.9600182" lon="32.0939609"/>
  <node id="12879853399" lat="38.9588165" lon="32.0983922"/>
  <node id="12879853400" lat="38.9599761" lon="32.0944011"/>
  <node id="12879853402" lat="38.9507152" lon="32.1194315"/>
  <node id="151004894" lat="38.9521576" lon="32.1133033"/>
  <node id="13741260124" lat="38.9570728" lon="32.1198714"/>
  <node id="13741260125" lat="38.9568851" lon="32.1198553"/>
  <node id="13741260126" lat="38.9557880" lon="32.1197802"/>
  <node id="13741260127" lat="38.9548702" lon="32.1197212"/>
  <node id="13741260128" lat="38.9538023" lon="32.1196407"/>
  <node id="13741260129" lat="38.9532475" lon="32.1196085"/>
  <node id="13741260130" lat="38.9529972" lon="32.1195871"/>
  <node id="13741260131" lat="38.9523464" lon="32.1195388"/>
  <node id="13741260121" lat="38.9588832" lon="32.1246350"/>
  <node id="13741260122" lat="38.9589750" lon="32.1199411"/>
  <node id="13741260123" lat="38.9580990" lon="32.1199143"/>
  <node id="13741260118" lat="38.9585349" lon="32.1383169"/>
  <node id="13741260119" lat="38.9585537" lon="32.1358734"/>
  <node id="13741260120" lat="38.9587122" lon="32.1325126"/>
  <node id="13741260117" lat="38.9580635" lon="32.1411493"/>
  <node id="13741260115" lat="38.9707664" lon="32.1420935"/>
  <node id="13741260116" lat="38.9656029" lon="32.1416965"/>
  <node id="13741260105" lat="38.9946602" lon="32.1376222"/>
  <node id="13741260100" lat="39.0028461" lon="32.1374935"/>
  <node id="13741260101" lat="39.0016767" lon="32.1375418"/>
  <node id="13741260102" lat="39.0011890" lon="32.1375310"/>
  <node id="13741260103" lat="38.9993776" lon="32.1374908"/>
  <node id="13741260104" lat="38.9989982" lon="32.1374854"/>
  <node id="13741260096" lat="39.0057037" lon="32.1331108"/>
  <node id="13741260097" lat="39.0056808" lon="32.1347684"/>
  <node id="13741260098" lat="39.0056120" lon="32.1375981"/>
  <node id="13741260099" lat="39.0048908" lon="32.1375605"/>
  <node id="13741260094" lat="39.0166746" lon="32.1298707"/>
  <node id="13741260095" lat="39.0159223" lon="32.1299779"/>
  <node id="13741260071" lat="39.0145093" lon="32.1384269"/>
  <node id="13741260072" lat="39.0150324" lon="32.1380997"/>
  <node id="13741260073" lat="39.0152950" lon="32.1379146"/>
  <node id="13741260074" lat="39.0156431" lon="32.1378019"/>
  <node id="13741260075" lat="39.0161203" lon="32.1376759"/>
  <node id="13741260076" lat="39.0166559" lon="32.1374962"/>
  <node id="13741260077" lat="39.0169831" lon="32.1373540"/>
  <node id="13741260078" lat="39.0173019" lon="32.1371904"/>
  <node id="13741260079" lat="39.0177249" lon="32.1369785"/>
  <node id="13741260080" lat="39.0180292" lon="32.1367988"/>
  <node id="13741260081" lat="39.0181396" lon="32.1366942"/>
  <node id="13741260082" lat="39.0185689" lon="32.1362248"/>
  <node id="13741260083" lat="39.0187940" lon="32.1360719"/>
  <node id="13741260084" lat="39.0190566" lon="32.1358600"/>
  <node id="13741260085" lat="39.0196901" lon="32.1352404"/>
  <node id="13741260086" lat="39.0199589" lon="32.1351466"/>
  <node id="13741260087" lat="39.0210321" lon="32.1348971"/>
  <node id="13741260088" lat="39.0221657" lon="32.1346182"/>
  <node id="13741260089" lat="39.0230159" lon="32.1343794"/>
  <node id="13741260113" lat="38.9759212" lon="32.1424904"/>
  <node id="13741260114" lat="38.9735836" lon="32.1423161"/>
  <node id="13741260110" lat="38.9800956" lon="32.1428445"/>
  <node id="13741260111" lat="38.9782211" lon="32.1426487"/>
  <node id="13741260112" lat="38.9780730" lon="32.1426380"/>
  <node id="13741260109" lat="38.9863609" lon="32.1435285"/>
  <node id="13741260106" lat="38.9943163" lon="32.1410823"/>
  <node id="13741260107" lat="38.9940244" lon="32.1433407"/>
  <node id="13741260108" lat="38.9937972" lon="32.1443412"/>
  <node id="13741260061" lat="39.0141717" lon="32.1453389"/>
  <node id="13741260062" lat="39.0141363" lon="32.1451619"/>
  <node id="13741260063" lat="39.0136778" lon="32.1427774"/>
  <node id="13741260064" lat="39.0134381" lon="32.1415919"/>
  <node id="13741260065" lat="39.0130088" lon="32.1398994"/>
  <node id="13741260066" lat="39.0129004" lon="32.1395051"/>
  <node id="13741260067" lat="39.0128984" lon="32.1394059"/>
  <node id="13741260068" lat="39.0129400" lon="32.1392879"/>
  <node id="13741260069" lat="39.0130338" lon="32.1391752"/>
  <node id="13741260070" lat="39.0136445" lon="32.1388856"/>
  <node id="13741260057" lat="39.0153826" lon="32.1516529"/>
  <node id="13741260058" lat="39.0152450" lon="32.1508965"/>
  <node id="13741260059" lat="39.0150116" lon="32.1496385"/>
  <node id="13741260060" lat="39.0143780" lon="32.1464547"/>
  <node id="13741260052" lat="39.0165392" lon="32.1564594"/>
  <node id="13741260053" lat="39.0162641" lon="32.1565506"/>
  <node id="13741260054" lat="39.0159411" lon="32.1547669"/>
  <node id="13741260055" lat="39.0158098" lon="32.1540400"/>
  <node id="13741260056" lat="39.0156035" lon="32.1528867"/>
  <node id="13741260051" lat="39.0229075" lon="32.1548045"/>
  <node id="13741259887" lat="39.0151491" lon="32.1845502"/>
  <node id="13741259888" lat="39.0150699" lon="32.1842766"/>
  <node id="13741259889" lat="39.0150220" lon="32.1840915"/>
  <node id="13741259890" lat="39.0150012" lon="32.1839869"/>
  <node id="13741259891" lat="39.0149803" lon="32.1838662"/>
  <node id="13741259892" lat="39.0149720" lon="32.1837696"/>
  <node id="13741259893" lat="39.0149657" lon="32.1836999"/>
  <node id="13741259894" lat="39.0149720" lon="32.1836328"/>
  <node id="13741259895" lat="39.0149949" lon="32.1835524"/>
  <node id="13741259896" lat="39.0150449" lon="32.1833995"/>
  <node id="13741259897" lat="39.0151179" lon="32.1832278"/>
  <node id="13741259898" lat="39.0153263" lon="32.1828148"/>
  <node id="13741259899" lat="39.0155555" lon="32.1823695"/>
  <node id="13741259900" lat="39.0156701" lon="32.1821335"/>
  <node id="13741259901" lat="39.0157410" lon="32.1819860"/>
  <node id="13741259902" lat="39.0157723" lon="32.1818572"/>
  <node id="13741259903" lat="39.0157868" lon="32.1817204"/>
  <node id="13741259904" lat="39.0158035" lon="32.1815622"/>
  <node id="13741259905" lat="39.0158056" lon="32.1814844"/>
  <node id="13741259906" lat="39.0158119" lon="32.1814013"/>
  <node id="13741259907" lat="39.0158202" lon="32.1812645"/>
  <node id="13741259908" lat="39.0158098" lon="32.1810687"/>
  <node id="13741259909" lat="39.0158035" lon="32.1809292"/>
  <node id="13741259910" lat="39.0157827" lon="32.1807817"/>
  <node id="13741259911" lat="39.0157493" lon="32.1805859"/>
  <node id="13741259912" lat="39.0157035" lon="32.1804410"/>
  <node id="13741259913" lat="39.0156597" lon="32.1803418"/>
  <node id="13741259914" lat="39.0155243" lon="32.1800870"/>
  <node id="13741259915" lat="39.0153659" lon="32.1797919"/>
  <node id="13741259916" lat="39.0152346" lon="32.1795532"/>
  <node id="13741259917" lat="39.0151616" lon="32.1794379"/>
  <node id="13741259918" lat="39.0150658" lon="32.1793145"/>
  <node id="13741259919" lat="39.0149553" lon="32.1791697"/>
  <node id="13741259920" lat="39.0155326" lon="32.1790409"/>
  <node id="13741259921" lat="39.0159890" lon="32.1789470"/>
  <node id="13741259922" lat="39.0161349" lon="32.1789202"/>
  <node id="13741259923" lat="39.0162495" lon="32.1789068"/>
  <node id="13741259924" lat="39.0165037" lon="32.1789309"/>
  <node id="13741259925" lat="39.0165809" lon="32.1789497"/>
  <node id="13741259926" lat="39.0168413" lon="32.1790087"/>
  <node id="13741259874" lat="39.0164120" lon="32.1853065"/>
  <node id="13741259875" lat="39.0163995" lon="32.1852824"/>
  <node id="13741259876" lat="39.0163391" lon="32.1852609"/>
  <node id="13741259877" lat="39.0162370" lon="32.1851966"/>
  <node id="13741259878" lat="39.0160807" lon="32.1851054"/>
  <node id="13741259879" lat="39.0159661" lon="32.1850330"/>
  <node id="13741259880" lat="39.0158598" lon="32.1849820"/>
  <node id="13741259881" lat="39.0157889" lon="32.1849900"/>
  <node id="13741259882" lat="39.0156722" lon="32.1850544"/>
  <node id="13741259883" lat="39.0154868" lon="32.1851885"/>
  <node id="13741259884" lat="39.0153721" lon="32.1852958"/>
  <node id="13741259885" lat="39.0153284" lon="32.1852690"/>
  <node id="13741259886" lat="39.0152367" lon="32.1848801"/>
  <node id="13741259927" lat="39.0175686" lon="32.1791723"/>
  <node id="13741259928" lat="39.0177708" lon="32.1792152"/>
  <node id="13741259929" lat="39.0181334" lon="32.1792796"/>
  <node id="13741259930" lat="39.0187294" lon="32.1794164"/>
  <node id="13741259931" lat="39.0190712" lon="32.1795264"/>
  <node id="13741259932" lat="39.0191816" lon="32.1794003"/>
  <node id="13741259933" lat="39.0193504" lon="32.1792179"/>
  <node id="13741259934" lat="39.0196067" lon="32.1788934"/>
  <node id="13741259935" lat="39.0196317" lon="32.1788344"/>
  <node id="13741259936" lat="39.0196421" lon="32.1787646"/>
  <node id="13741259937" lat="39.0196442" lon="32.1786761"/>
  <node id="13741259938" lat="39.0196484" lon="32.1783918"/>
  <node id="13741259939" lat="39.0199422" lon="32.1783730"/>
  <node id="13741259940" lat="39.0202840" lon="32.1783569"/>
  <node id="13741259941" lat="39.0205945" lon="32.1783408"/>
  <node id="13741259942" lat="39.0208862" lon="32.1783301"/>
  <node id="13741259943" lat="39.0214343" lon="32.1783355"/>
  <node id="13741259944" lat="39.0215781" lon="32.1783516"/>
  <node id="13741259945" lat="39.0217198" lon="32.1783677"/>
  <node id="13741259946" lat="39.0222136" lon="32.1784025"/>
  <node id="13741259947" lat="39.0224032" lon="32.1784240"/>
  <node id="13741259948" lat="39.0226679" lon="32.1784615"/>
  <node id="13741259949" lat="39.0228742" lon="32.1785098"/>
  <node id="13741259950" lat="39.0229242" lon="32.1787620"/>
  <node id="13741259951" lat="39.0229492" lon="32.1788156"/>
  <node id="13741259952" lat="39.0230076" lon="32.1788692"/>
  <node id="13741259953" lat="39.0230367" lon="32.1786895"/>
  <node id="13741259954" lat="39.0230951" lon="32.1785930"/>
  <node id="13741259955" lat="39.0231784" lon="32.1785393"/>
  <node id="13741259868" lat="39.0189315" lon="32.1894532"/>
  <node id="13741259869" lat="39.0188982" lon="32.1894371"/>
  <node id="13741259870" lat="39.0173603" lon="32.1890643"/>
  <node id="13741259871" lat="39.0172811" lon="32.1890455"/>
  <node id="13741259872" lat="39.0169976" lon="32.1884286"/>
  <node id="13741259873" lat="39.0173290" lon="32.1880773"/>
  <node id="13741259754" lat="38.9927507" lon="32.2297266"/>
  <node id="13741259755" lat="38.9927444" lon="32.2292277"/>
  <node id="13741259756" lat="38.9933511" lon="32.2291794"/>
  <node id="13741259757" lat="38.9948416" lon="32.2289488"/>
  <node id="13741259758" lat="38.9965385" lon="32.2287476"/>
  <node id="13741259743" lat="38.9884311" lon="32.2370866"/>
  <node id="13741259744" lat="38.9894443" lon="32.2346029"/>
  <node id="13741259745" lat="38.9894527" lon="32.2345734"/>
  <node id="13741259746" lat="38.9892004" lon="32.2325027"/>
  <node id="13741259747" lat="38.9893568" lon="32.2312555"/>
  <node id="13741259748" lat="38.9893651" lon="32.2312206"/>
  <node id="13741259749" lat="38.9896862" lon="32.2312957"/>
  <node id="13741259739" lat="38.9898404" lon="32.2378537"/>
  <node id="13741259740" lat="38.9895069" lon="32.2377652"/>
  <node id="13741259741" lat="38.9884624" lon="32.2374621"/>
  <node id="13741259742" lat="38.9884436" lon="32.2374219"/>
  <node id="13741259750" lat="38.9913727" lon="32.2318536"/>
  <node id="13741259751" lat="38.9927132" lon="32.2323525"/>
  <node id="13741259752" lat="38.9927153" lon="32.2317168"/>
  <node id="13741259753" lat="38.9926757" lon="32.2307351"/>
  <node id="13741259732" lat="38.9927924" lon="32.2435266"/>
  <node id="13741259733" lat="38.9931697" lon="32.2419709"/>
  <node id="13741259734" lat="38.9932635" lon="32.2411019"/>
  <node id="13741259735" lat="38.9926944" lon="32.2402570"/>
  <node id="13741259736" lat="38.9925339" lon="32.2390231"/>
  <node id="13741259737" lat="38.9920377" lon="32.2389507"/>
  <node id="13741259738" lat="38.9919856" lon="32.2384706"/>
  <node id="13741259860" lat="39.0166288" lon="32.2040445"/>
  <node id="13741259866" lat="39.0180271" lon="32.1952200"/>
  <node id="13741259867" lat="39.0184210" lon="32.1926826"/>
  <node id="13741259861" lat="39.0170247" lon="32.2016895"/>
  <node id="13741259862" lat="39.0170935" lon="32.2012737"/>
  <node id="13741259863" lat="39.0171769" lon="32.2006434"/>
  <node id="13741259864" lat="39.0172727" lon="32.1999863"/>
  <node id="13741259865" lat="39.0173894" lon="32.1992621"/>
  <node id="13741259856" lat="39.0156743" lon="32.2102967"/>
  <node id="13741259857" lat="39.0157577" lon="32.2098300"/>
  <node id="13741259858" lat="39.0161182" lon="32.2074240"/>
  <node id="13741259859" lat="39.0165121" lon="32.2048062"/>
  <node id="13741259851" lat="39.0156201" lon="32.2138774"/>
  <node id="13741259852" lat="39.0151596" lon="32.2137755"/>
  <node id="13741259853" lat="39.0153179" lon="32.2127026"/>
  <node id="13741259854" lat="39.0154555" lon="32.2118738"/>
  <node id="13741259855" lat="39.0155201" lon="32.2112972"/>
  <node id="13741259759" lat="38.9978601" lon="32.2285759"/>
  <node id="13741259760" lat="38.9982811" lon="32.2285277"/>
  <node id="13741259761" lat="38.9987231" lon="32.2284740"/>
  <node id="13741259762" lat="38.9990295" lon="32.2284043"/>
  <node id="13741259763" lat="38.9994943" lon="32.2283158"/>
  <node id="13741259764" lat="38.9997736" lon="32.2282809"/>
  <node id="13741259765" lat="39.0000863" lon="32.2282407"/>
  <node id="13741259766" lat="39.0003156" lon="32.2282138"/>
  <node id="13741259767" lat="39.0004928" lon="32.2281763"/>
  <node id="13741259768" lat="39.0007262" lon="32.2281468"/>
  <node id="13741259769" lat="39.0008909" lon="32.2281146"/>
  <node id="13741259770" lat="39.0009159" lon="32.2281146"/>
  <node id="13741259771" lat="39.0009451" lon="32.2281146"/>
  <node id="13741259772" lat="39.0009722" lon="32.2281092"/>
  <node id="13741259773" lat="39.0019832" lon="32.2278893"/>
  <node id="13741259774" lat="39.0024167" lon="32.2277766"/>
  <node id="13741259775" lat="39.0028190" lon="32.2276801"/>
  <node id="13741259776" lat="39.0034193" lon="32.2275487"/>
  <node id="13741259777" lat="39.0034610" lon="32.2275406"/>
  <node id="13741259778" lat="39.0036444" lon="32.2274977"/>
  <node id="13741259779" lat="39.0040071" lon="32.2274119"/>
  <node id="13741259780" lat="39.0043093" lon="32.2273368"/>
  <node id="13741259781" lat="39.0044385" lon="32.2272938"/>
  <node id="13741259782" lat="39.0048679" lon="32.2270846"/>
  <node id="13741259783" lat="39.0051451" lon="32.2269586"/>
  <node id="13741259784" lat="39.0053515" lon="32.2268781"/>
  <node id="13741259785" lat="39.0054578" lon="32.2268513"/>
  <node id="13741259786" lat="39.0059017" lon="32.2267199"/>
  <node id="13741259787" lat="39.0060872" lon="32.2266662"/>
  <node id="13741259788" lat="39.0061748" lon="32.2266474"/>
  <node id="13741259789" lat="39.0062456" lon="32.2266340"/>
  <node id="13741259790" lat="39.0063499" lon="32.2266045"/>
  <node id="13741259791" lat="39.0064562" lon="32.2265831"/>
  <node id="13741259792" lat="39.0065708" lon="32.2265777"/>
  <node id="13741259793" lat="39.0067959" lon="32.2265401"/>
  <node id="13741259794" lat="39.0071231" lon="32.2264704"/>
  <node id="13741259795" lat="39.0073711" lon="32.2264221"/>
  <node id="13741259796" lat="39.0077380" lon="32.2263309"/>
  <node id="13741259797" lat="39.0078839" lon="32.2263068"/>
  <node id="13741259798" lat="39.0080985" lon="32.2262505"/>
  <node id="13741259799" lat="39.0083174" lon="32.2261968"/>
  <node id="13741259800" lat="39.0085008" lon="32.2261646"/>
  <node id="13741259801" lat="39.0086550" lon="32.2261083"/>
  <node id="13741259802" lat="39.0087655" lon="32.2260681"/>
  <node id="13741259803" lat="39.0088593" lon="32.2260252"/>
  <node id="13741259804" lat="39.0089260" lon="32.2259930"/>
  <node id="13741259805" lat="39.0089781" lon="32.2259581"/>
  <node id="13741259806" lat="39.0091677" lon="32.2258508"/>
  <node id="13741259807" lat="39.0093720" lon="32.2257596"/>
  <node id="13741259808" lat="39.0096784" lon="32.2256523"/>
  <node id="13741259809" lat="39.0097847" lon="32.2256201"/>
  <node id="13741259810" lat="39.0099097" lon="32.2255880"/>
  <node id="13741259811" lat="39.0100389" lon="32.2254994"/>
  <node id="13741259812" lat="39.0102244" lon="32.2254485"/>
  <node id="13741259830" lat="39.0137278" lon="32.2239974"/>
  <node id="13741259831" lat="39.0137174" lon="32.2236192"/>
  <node id="13741259832" lat="39.0137132" lon="32.2230989"/>
  <node id="13741259833" lat="39.0137112" lon="32.2229111"/>
  <node id="13741259834" lat="39.0137216" lon="32.2227341"/>
  <node id="13741259835" lat="39.0137570" lon="32.2224283"/>
  <node id="13741259836" lat="39.0137862" lon="32.2220528"/>
  <node id="13741259837" lat="39.0138029" lon="32.2217846"/>
  <node id="13741259838" lat="39.0138424" lon="32.2213823"/>
  <node id="13741259839" lat="39.0138737" lon="32.2209316"/>
  <node id="13741259840" lat="39.0138966" lon="32.2204328"/>
  <node id="13741259841" lat="39.0139300" lon="32.2198936"/>
  <node id="13741259842" lat="39.0139216" lon="32.2193170"/>
  <node id="13741259843" lat="39.0139341" lon="32.2190434"/>
  <node id="13741259844" lat="39.0139467" lon="32.2187912"/>
  <node id="13741259845" lat="39.0139467" lon="32.2187456"/>
  <node id="13741259846" lat="39.0140842" lon="32.2187644"/>
  <node id="13741259847" lat="39.0143072" lon="32.2188422"/>
  <node id="13741259848" lat="39.0147740" lon="32.2190782"/>
  <node id="13741259849" lat="39.0152638" lon="32.2193116"/>
  <node id="13741259850" lat="39.0152742" lon="32.2192875"/>
  <node id="13741259813" lat="39.0105621" lon="32.2253197"/>
  <node id="13741259814" lat="39.0106371" lon="32.2253171"/>
  <node id="13741259815" lat="39.0108518" lon="32.2252473"/>
  <node id="13741259816" lat="39.0111269" lon="32.2251078"/>
  <node id="13741259817" lat="39.0112707" lon="32.2250703"/>
  <node id="13741259818" lat="39.0115041" lon="32.2249952"/>
  <node id="13741259819" lat="39.0116104" lon="32.2249389"/>
  <node id="13741259820" lat="39.0117063" lon="32.2249147"/>
  <node id="13741259821" lat="39.0119272" lon="32.2248530"/>
  <node id="13741259822" lat="39.0122231" lon="32.2247243"/>
  <node id="13741259823" lat="39.0124211" lon="32.2246411"/>
  <node id="13741259824" lat="39.0125691" lon="32.2246116"/>
  <node id="13741259825" lat="39.0126712" lon="32.2246224"/>
  <node id="13741259826" lat="39.0131234" lon="32.2244561"/>
  <node id="13741259827" lat="39.0134277" lon="32.2243354"/>
  <node id="13741259828" lat="39.0137091" lon="32.2242308"/>
  <node id="13741259829" lat="39.0137237" lon="32.2241074"/>
  <node id="13741259726" lat="38.9899780" lon="32.2468203"/>
  <node id="13741259727" lat="38.9903220" lon="32.2455838"/>
  <node id="13741259719" lat="38.9897508" lon="32.2547811"/>
  <node id="13741259720" lat="38.9900885" lon="32.2526970"/>
  <node id="13741259721" lat="38.9906368" lon="32.2506827"/>
  <node id="13741259722" lat="38.9909975" lon="32.2493577"/>
  <node id="13741259723" lat="38.9910225" lon="32.2492772"/>
  <node id="13741259724" lat="38.9909912" lon="32.2492638"/>
  <node id="13741259725" lat="38.9914582" lon="32.2477618"/>
  <node id="13741259728" lat="38.9911580" lon="32.2459164"/>
  <node id="13741259729" lat="38.9919293" lon="32.2465950"/>
  <node id="13741259730" lat="38.9919377" lon="32.2465521"/>
  <node id="13741259731" lat="38.9925652" lon="32.2445914"/>
  <node id="13741259715" lat="38.9901240" lon="32.2599149"/>
  <node id="13741259716" lat="38.9905451" lon="32.2584370"/>
  <node id="13741259717" lat="38.9905242" lon="32.2583941"/>
  <node id="13741259718" lat="38.9901010" lon="32.2569108"/>
  <node id="13741259701" lat="38.9967636" lon="32.2607356"/>
  <node id="13741259702" lat="38.9963175" lon="32.2604272"/>
  <node id="13741259703" lat="38.9959319" lon="32.2607544"/>
  <node id="13741259704" lat="38.9950876" lon="32.2620794"/>
  <node id="13741259705" lat="38.9941995" lon="32.2616798"/>
  <node id="13741259706" lat="38.9931239" lon="32.2619024"/>
  <node id="13741259707" lat="38.9929467" lon="32.2622243"/>
  <node id="13741259708" lat="38.9928633" lon="32.2627151"/>
  <node id="13741259709" lat="38.9925339" lon="32.2632462"/>
  <node id="13741259710" lat="38.9924151" lon="32.2631496"/>
  <node id="13741259711" lat="38.9918001" lon="32.2625166"/>
  <node id="13741259712" lat="38.9916291" lon="32.2622618"/>
  <node id="13741259713" lat="38.9912393" lon="32.2616395"/>
  <node id="13741259714" lat="38.9909995" lon="32.2612640"/>
  <node id="13741250000" lat="38.9967824" lon="32.2637960"/>
  <node id="13741249999" lat="38.9967073" lon="32.2710299"/>
  <node id="13741249993" lat="38.9973514" lon="32.2754905"/>
  <node id="13741249994" lat="38.9972493" lon="32.2750157"/>
  <node id="13741249995" lat="38.9973910" lon="32.2743130"/>
  <node id="13741249996" lat="38.9976016" lon="32.2731355"/>
  <node id="13741249997" lat="38.9976224" lon="32.2726232"/>
  <node id="13741249998" lat="38.9975912" lon="32.2723711"/>
  <node id="13741249980" lat="39.0005741" lon="32.2820860"/>
  <node id="13741249981" lat="39.0006095" lon="32.2820538"/>
  <node id="13741249982" lat="39.0009743" lon="32.2810212"/>
  <node id="13741249983" lat="39.0007492" lon="32.2803479"/>
  <node id="13741249984" lat="39.0003406" lon="32.2798490"/>
  <node id="13741249985" lat="39.0002447" lon="32.2797900"/>
  <node id="13741249986" lat="39.0002114" lon="32.2798705"/>
  <node id="13741249987" lat="38.9999446" lon="32.2796881"/>
  <node id="13741249988" lat="39.0000613" lon="32.2792804"/>
  <node id="13741249989" lat="38.9990608" lon="32.2787118"/>
  <node id="13741249990" lat="38.9989128" lon="32.2786018"/>
  <node id="13741249991" lat="38.9981894" lon="32.2780439"/>
  <node id="13741249992" lat="38.9978163" lon="32.2776282"/>
  <node id="13741249979" lat="39.0015371" lon="32.2839475"/>
  <node id="13741249978" lat="39.0039508" lon="32.2886145"/>
  <node id="13741249976" lat="39.0072440" lon="32.2949097"/>
  <node id="13741249977" lat="39.0057433" lon="32.2920477"/>
  <node id="13741249962" lat="39.0101265" lon="32.3019236"/>
  <node id="13741249963" lat="39.0100306" lon="32.3018727"/>
  <node id="13741249964" lat="39.0099493" lon="32.3016152"/>
  <node id="13741249965" lat="39.0098722" lon="32.3012450"/>
  <node id="13741249966" lat="39.0097763" lon="32.3005825"/>
  <node id="13741249967" lat="39.0096867" lon="32.3000756"/>
  <node id="13741249968" lat="39.0095387" lon="32.2986674"/>
  <node id="13741249969" lat="39.0094053" lon="32.2984019"/>
  <node id="13741249970" lat="39.0089176" lon="32.2982705"/>
  <node id="13741249971" lat="39.0083737" lon="32.2964653"/>
  <node id="13741249972" lat="39.0083236" lon="32.2964975"/>
  <node id="13741249973" lat="39.0082194" lon="32.2965941"/>
  <node id="13741249974" lat="39.0081569" lon="32.2965458"/>
  <node id="13741249975" lat="39.0080694" lon="32.2964841"/>
  <node id="13741249958" lat="39.0126379" lon="32.3019907"/>
  <node id="13741249959" lat="39.0109476" lon="32.3017198"/>
  <node id="13741249960" lat="39.0106308" lon="32.3012933"/>
  <node id="13741249961" lat="39.0103495" lon="32.3016393"/>
  <node id="13741249950" lat="39.0141155" lon="32.3088920"/>
  <node id="13741249951" lat="39.0139967" lon="32.3082188"/>
  <node id="13741249952" lat="39.0137466" lon="32.3074973"/>
  <node id="13741249953" lat="39.0136132" lon="32.3069930"/>
  <node id="13741249954" lat="39.0136174" lon="32.3068777"/>
  <node id="13741249955" lat="39.0133173" lon="32.3056143"/>
  <node id="13741249956" lat="39.0131630" lon="32.3047748"/>
  <node id="13741249957" lat="39.0130422" lon="32.3039862"/>
  <node id="13741249939" lat="39.0166288" lon="32.3156646"/>
  <node id="13741249940" lat="39.0166475" lon="32.3153830"/>
  <node id="13741249941" lat="39.0166204" lon="32.3149753"/>
  <node id="13741249942" lat="39.0166976" lon="32.3135322"/>
  <node id="13741249943" lat="39.0162912" lon="32.3120946"/>
  <node id="13741249944" lat="39.0160807" lon="32.3117995"/>
  <node id="13741249945" lat="39.0158452" lon="32.3113999"/>
  <node id="13741249946" lat="39.0156097" lon="32.3109707"/>
  <node id="13741249947" lat="39.0155451" lon="32.3109466"/>
  <node id="13741249948" lat="39.0141030" lon="32.3095170"/>
  <node id="13741249949" lat="39.0141259" lon="32.3094445"/>
  <node id="13741249928" lat="39.0167788" lon="32.3194572"/>
  <node id="13741249929" lat="39.0166288" lon="32.3192722"/>
  <node id="13741249930" lat="39.0163995" lon="32.3189718"/>
  <node id="13741249931" lat="39.0162787" lon="32.3188430"/>
  <node id="13741249932" lat="39.0160515" lon="32.3186740"/>
  <node id="13741249933" lat="39.0154034" lon="32.3182449"/>
  <node id="13741249934" lat="39.0149428" lon="32.3180276"/>
  <node id="13741249935" lat="39.0149866" lon="32.3179740"/>
  <node id="13741249936" lat="39.0157681" lon="32.3170298"/>
  <node id="13741249937" lat="39.0164683" lon="32.3160723"/>
  <node id="13741249938" lat="39.0165621" lon="32.3158792"/>
  <node id="13741249912" lat="39.0232243" lon="32.3195913"/>
  <node id="13741249913" lat="39.0226012" lon="32.3191810"/>
  <node id="13741249914" lat="39.0220469" lon="32.3188269"/>
  <node id="13741249915" lat="39.0215322" lon="32.3184755"/>
  <node id="13741249916" lat="39.0209154" lon="32.3180759"/>
  <node id="13741249917" lat="39.0204694" lon="32.3178050"/>
  <node id="13741249918" lat="39.0203319" lon="32.3175877"/>
  <node id="13741249919" lat="39.0199089" lon="32.3181027"/>
  <node id="13741249920" lat="39.0198505" lon="32.3187411"/>
  <node id="13741249921" lat="39.0191962" lon="32.3189932"/>
  <node id="13741249922" lat="39.0184918" lon="32.3192775"/>
  <node id="13741249923" lat="39.0181438" lon="32.3194036"/>
  <node id="13741249924" lat="39.0174978" lon="32.3196691"/>
  <node id="13741249925" lat="39.0173498" lon="32.3197496"/>
  <node id="13741249926" lat="39.0170956" lon="32.3200259"/>
  <node id="13741249927" lat="39.0169330" lon="32.3197255"/>
  <node id="13741260257" lat="38.9888001" lon="32.4008274"/>
  <node id="13741260258" lat="38.9890628" lon="32.4006423"/>
  <node id="13741260259" lat="38.9895423" lon="32.4002615"/>
  <node id="13741260260" lat="38.9902011" lon="32.3997277"/>
  <node id="13741260261" lat="38.9905951" lon="32.3994273"/>
  <node id="13741260262" lat="38.9909266" lon="32.3991886"/>
  <node id="13741260263" lat="38.9909683" lon="32.3991644"/>
  <node id="13741260264" lat="38.9916020" lon="32.3987246"/>
  <node id="13741260265" lat="38.9926402" lon="32.3980620"/>
  <node id="13741260266" lat="38.9944143" lon="32.3967263"/>
  <node id="13741260267" lat="38.9951543" lon="32.3962274"/>
  <node id="13741260268" lat="38.9957025" lon="32.3958224"/>
  <node id="13741260269" lat="38.9958506" lon="32.3957178"/>
  <node id="13741260270" lat="38.9965551" lon="32.3952216"/>
  <node id="13741260303" lat="39.0172686" lon="32.3742521"/>
  <node id="13741260288" lat="39.0043427" lon="32.3808020"/>
  <node id="13741260289" lat="39.0043760" lon="32.3807028"/>
  <node id="13741260290" lat="39.0044052" lon="32.3805848"/>
  <node id="13741260291" lat="39.0045678" lon="32.3800805"/>
  <node id="13741260292" lat="39.0061393" lon="32.3794690"/>
  <node id="13741260293" lat="39.0068980" lon="32.3785275"/>
  <node id="13741260294" lat="39.0072523" lon="32.3783129"/>
  <node id="13741260295" lat="39.0075462" lon="32.3774198"/>
  <node id="13741260296" lat="39.0090052" lon="32.3769638"/>
  <node id="13741260297" lat="39.0099931" lon="32.3765480"/>
  <node id="13741260283" lat="39.0048179" lon="32.3877490"/>
  <node id="13741260284" lat="39.0047595" lon="32.3860511"/>
  <node id="13741260285" lat="39.0049763" lon="32.3857883"/>
  <node id="13741260286" lat="39.0048054" lon="32.3839483"/>
  <node id="13741260287" lat="39.0041196" lon="32.3815155"/>
  <node id="13741260272" lat="38.9979768" lon="32.3942104"/>
  <node id="13741260273" lat="38.9987189" lon="32.3936686"/>
  <node id="13741260274" lat="38.9997236" lon="32.3929176"/>
  <node id="13741260275" lat="39.0002593" lon="32.3925555"/>
  <node id="13741260276" lat="39.0006929" lon="32.3922256"/>
  <node id="13741260277" lat="39.0023458" lon="32.3912090"/>
  <node id="13741260278" lat="39.0023104" lon="32.3910427"/>
  <node id="13741260279" lat="39.0030024" lon="32.3905438"/>
  <node id="13741260280" lat="39.0032150" lon="32.3896319"/>
  <node id="13741260271" lat="38.9972910" lon="32.3946932"/>
  <node id="13741260281" lat="39.0040800" lon="32.3884785"/>
  <node id="13741260282" lat="39.0046178" lon="32.3881191"/>
  <node id="13741260298" lat="39.0129380" lon="32.3752633"/>
  <node id="13741260299" lat="39.0132902" lon="32.3751077"/>
  <node id="13741260300" lat="39.0137966" lon="32.3749307"/>
  <node id="13741260301" lat="39.0140842" lon="32.3757622"/>
  <node id="13741260302" lat="39.0141342" lon="32.3761994"/>
  <node id="13741260304" lat="39.0181970" lon="32.3756844"/>
  <node id="13741260150" lat="38.9631483" lon="32.4401164"/>
  <node id="13741260151" lat="38.9635007" lon="32.4396202"/>
  <node id="13741260152" lat="38.9638761" lon="32.4391454"/>
  <node id="13741260153" lat="38.9643662" lon="32.4386734"/>
  <node id="13741260169" lat="38.9694088" lon="32.4332097"/>
  <node id="13741260170" lat="38.9694964" lon="32.4330246"/>
  <node id="13741260171" lat="38.9696653" lon="32.4325231"/>
  <node id="13741260172" lat="38.9699615" lon="32.4316433"/>
  <node id="13741260173" lat="38.9700595" lon="32.4313161"/>
  <node id="13741260174" lat="38.9703076" lon="32.4304470"/>
  <node id="13741260175" lat="38.9704557" lon="32.4298650"/>
  <node id="13741260176" lat="38.9707581" lon="32.4290174"/>
  <node id="13741260177" lat="38.9709624" lon="32.4285185"/>
  <node id="13741260154" lat="38.9647312" lon="32.4383971"/>
  <node id="13741260155" lat="38.9652004" lon="32.4377722"/>
  <node id="13741260156" lat="38.9654653" lon="32.4374020"/>
  <node id="13741260157" lat="38.9658261" lon="32.4370319"/>
  <node id="13741260158" lat="38.9661035" lon="32.4367690"/>
  <node id="13741260159" lat="38.9666394" lon="32.4361494"/>
  <node id="13741260160" lat="38.9669272" lon="32.4358705"/>
  <node id="13741260161" lat="38.9672171" lon="32.4356371"/>
  <node id="13741260162" lat="38.9672880" lon="32.4355808"/>
  <node id="13741260163" lat="38.9673193" lon="32.4355620"/>
  <node id="13741260164" lat="38.9674965" lon="32.4353823"/>
  <node id="13741260165" lat="38.9677906" lon="32.4350122"/>
  <node id="13741260166" lat="38.9681785" lon="32.4344838"/>
  <node id="13741260167" lat="38.9683912" lon="32.4342504"/>
  <node id="13741260168" lat="38.9688708" lon="32.4337918"/>
  <node id="151004859" lat="38.9589810" lon="32.4467918"/>
  <node id="13741260132" lat="38.9590313" lon="32.4468273"/>
  <node id="13741260133" lat="38.9591564" lon="32.4464384"/>
  <node id="13741260134" lat="38.9593963" lon="32.4456230"/>
  <node id="13741260135" lat="38.9595673" lon="32.4451536"/>
  <node id="13741260136" lat="38.9599657" lon="32.4443918"/>
  <node id="13741260137" lat="38.9601012" lon="32.4441317"/>
  <node id="13741260138" lat="38.9603223" lon="32.4438715"/>
  <node id="13741260139" lat="38.9605058" lon="32.4435121"/>
  <node id="13741260140" lat="38.9605622" lon="32.4434718"/>
  <node id="13741260141" lat="38.9607207" lon="32.4433485"/>
  <node id="13741260142" lat="38.9609355" lon="32.4431741"/>
  <node id="13741260143" lat="38.9611169" lon="32.4429756"/>
  <node id="13741260144" lat="38.9612817" lon="32.4428013"/>
  <node id="13741260145" lat="38.9616780" lon="32.4422783"/>
  <node id="13741260146" lat="38.9619095" lon="32.4419752"/>
  <node id="13741260147" lat="38.9622515" lon="32.4414736"/>
  <node id="13741260148" lat="38.9626561" lon="32.4409237"/>
  <node id="13741260149" lat="38.9629668" lon="32.4404436"/>
  <node id="13448965978" lat="38.9618261" lon="32.4534230"/>
  <node id="13448965979" lat="38.9617583" lon="32.4530306"/>
  <node id="13448965980" lat="38.9616954" lon="32.4527938"/>
  <node id="13448965981" lat="38.9616033" lon="32.4525073"/>
  <node id="13448965982" lat="38.9615113" lon="32.4523142"/>
  <node id="13448965983" lat="38.9614048" lon="32.4521086"/>
  <node id="13448965984" lat="38.9613709" lon="32.4519155"/>
  <node id="13448965985" lat="38.9613273" lon="32.4517287"/>
  <node id="13448965986" lat="38.9612110" lon="32.4514484"/>
  <node id="13448965987" lat="38.9610270" lon="32.4510061"/>
  <node id="13448965988" lat="38.9608720" lon="32.4506261"/>
  <node id="13448965989" lat="38.9607460" lon="32.4505327"/>
  <node id="13448965990" lat="38.9606346" lon="32.4504143"/>
  <node id="13448965991" lat="38.9604167" lon="32.4501153"/>
  <node id="13448965992" lat="38.9602665" lon="32.4499036"/>
  <node id="13448965993" lat="38.9601745" lon="32.4496419"/>
  <node id="13448965994" lat="38.9599468" lon="32.4491062"/>
  <node id="13448965995" lat="38.9597482" lon="32.4487138"/>
  <node id="13448965996" lat="38.9595206" lon="32.4483089"/>
  <node id="13448965997" lat="38.9592978" lon="32.4479788"/>
  <node id="13448965998" lat="38.9591379" lon="32.4477296"/>
  <node id="13448965999" lat="38.9589926" lon="32.4475614"/>
  <node id="13448966000" lat="38.9588570" lon="32.4474555"/>
  <node id="13448966001" lat="38.9587989" lon="32.4472936"/>
  <node id="13448966002" lat="38.9589103" lon="32.4469697"/>
  <node id="13448965960" lat="38.9643108" lon="32.4559520"/>
  <node id="13448965961" lat="38.9641413" lon="32.4557527"/>
  <node id="13448965962" lat="38.9639766" lon="32.4555596"/>
  <node id="13448965963" lat="38.9638410" lon="32.4554474"/>
  <node id="13448965964" lat="38.9637054" lon="32.4553789"/>
  <node id="13448965965" lat="38.9634051" lon="32.4552606"/>
  <node id="13448965966" lat="38.9633276" lon="32.4552294"/>
  <node id="13448965967" lat="38.9630806" lon="32.4551484"/>
  <node id="13448965968" lat="38.9629401" lon="32.4550924"/>
  <node id="13448965969" lat="38.9628142" lon="32.4549740"/>
  <node id="13448965970" lat="38.9627222" lon="32.4548930"/>
  <node id="13448965971" lat="38.9621991" lon="32.4550114"/>
  <node id="13448965972" lat="38.9620974" lon="32.4550737"/>
  <node id="13448965973" lat="38.9620489" lon="32.4547311"/>
  <node id="13448965974" lat="38.9620199" lon="32.4544196"/>
  <node id="13448965975" lat="38.9619569" lon="32.4542016"/>
  <node id="13448965976" lat="38.9618891" lon="32.4540334"/>
  <node id="13448965977" lat="38.9618213" lon="32.4537967"/>
  <node id="13448965930" lat="38.9709919" lon="32.4567213"/>
  <node id="13448965931" lat="38.9704834" lon="32.4567587"/>
  <node id="13448965932" lat="38.9702752" lon="32.4567773"/>
  <node id="13448965933" lat="38.9700427" lon="32.4568396"/>
  <node id="13448965934" lat="38.9698732" lon="32.4568770"/>
  <node id="13448965935" lat="38.9695342" lon="32.4569206"/>
  <node id="13448965936" lat="38.9692121" lon="32.4569518"/>
  <node id="13448965937" lat="38.9690838" lon="32.4569331"/>
  <node id="13448965938" lat="38.9690426" lon="32.4569362"/>
  <node id="13448965939" lat="38.9690523" lon="32.4568054"/>
  <node id="13448965940" lat="38.9689264" lon="32.4568116"/>
  <node id="13448965941" lat="38.9688344" lon="32.4567680"/>
  <node id="13448965942" lat="38.9687085" lon="32.4567244"/>
  <node id="13448965943" lat="38.9685874" lon="32.4567244"/>
  <node id="13448965944" lat="38.9684227" lon="32.4568241"/>
  <node id="13448965945" lat="38.9682677" lon="32.4568739"/>
  <node id="13448965946" lat="38.9681418" lon="32.4568926"/>
  <node id="13448965947" lat="38.9680595" lon="32.4568677"/>
  <node id="13448965948" lat="38.9676139" lon="32.4568427"/>
  <node id="13448965949" lat="38.9674831" lon="32.4568427"/>
  <node id="13448965950" lat="38.9672894" lon="32.4569736"/>
  <node id="13448965951" lat="38.9671296" lon="32.4570732"/>
  <node id="13448965952" lat="38.9667421" lon="32.4571168"/>
  <node id="13448965953" lat="38.9662385" lon="32.4571168"/>
  <node id="13448965954" lat="38.9656766" lon="32.4570421"/>
  <node id="13448965955" lat="38.9653328" lon="32.4569362"/>
  <node id="13448965956" lat="38.9649889" lon="32.4567555"/>
  <node id="13448965957" lat="38.9648145" lon="32.4565936"/>
  <node id="13448965958" lat="38.9645869" lon="32.4562510"/>
  <node id="13448965959" lat="38.9644416" lon="32.4559769"/>
  <node id="13741260218" lat="38.9770138" lon="32.4073318"/>
  <node id="13741260219" lat="38.9772265" lon="32.4067765"/>
  <node id="13741260220" lat="38.9773641" lon="32.4063528"/>
  <node id="13741260221" lat="38.9774819" lon="32.4059491"/>
  <node id="13741260222" lat="38.9774975" lon="32.4059612"/>
  <node id="13741260207" lat="38.9749349" lon="32.4129859"/>
  <node id="13741260208" lat="38.9751413" lon="32.4121597"/>
  <node id="13741260209" lat="38.9752247" lon="32.4118271"/>
  <node id="13741260210" lat="38.9754791" lon="32.4113363"/>
  <node id="13741260211" lat="38.9757272" lon="32.4109715"/>
  <node id="13741260212" lat="38.9758148" lon="32.4109313"/>
  <node id="13741260213" lat="38.9760796" lon="32.4105585"/>
  <node id="13741260214" lat="38.9763027" lon="32.4099496"/>
  <node id="13741260215" lat="38.9764320" lon="32.4092871"/>
  <node id="13741260216" lat="38.9766760" lon="32.4082571"/>
  <node id="13741260217" lat="38.9768490" lon="32.4078146"/>
  <node id="13741260223" lat="38.9779166" lon="32.4062401"/>
  <node id="13741260224" lat="38.9784588" lon="32.4066800"/>
  <node id="13741260225" lat="38.9787820" lon="32.4069133"/>
  <node id="13741260226" lat="38.9792303" lon="32.4072432"/>
  <node id="13741260227" lat="38.9796035" lon="32.4074793"/>
  <node id="13741260230" lat="38.9805355" lon="32.4074444"/>
  <node id="13741260231" lat="38.9809025" lon="32.4071655"/>
  <node id="13741260232" lat="38.9812361" lon="32.4069133"/>
  <node id="13741260233" lat="38.9816114" lon="32.4066317"/>
  <node id="13741260234" lat="38.9818637" lon="32.4064279"/>
  <node id="13741260235" lat="38.9819846" lon="32.4063340"/>
  <node id="13741260236" lat="38.9823057" lon="32.4060845"/>
  <node id="13741260237" lat="38.9827956" lon="32.4056447"/>
  <node id="13741260238" lat="38.9831251" lon="32.4053147"/>
  <node id="13741260239" lat="38.9833044" lon="32.4051243"/>
  <node id="13741260240" lat="38.9834462" lon="32.4050036"/>
  <node id="13741260241" lat="38.9837026" lon="32.4048373"/>
  <node id="13741260228" lat="38.9799809" lon="32.4078521"/>
  <node id="13741260229" lat="38.9802290" lon="32.4076563"/>
  <node id="13741260199" lat="38.9731624" lon="32.4202788"/>
  <node id="13741260200" lat="38.9732271" lon="32.4196538"/>
  <node id="13741260201" lat="38.9732312" lon="32.4192300"/>
  <node id="13741260202" lat="38.9732688" lon="32.4188518"/>
  <node id="13741260203" lat="38.9733313" lon="32.4184817"/>
  <node id="13741260204" lat="38.9733834" lon="32.4179560"/>
  <node id="13741260205" lat="38.9735127" lon="32.4166846"/>
  <node id="13741260206" lat="38.9741612" lon="32.4148822"/>
  <node id="13741260180" lat="38.9715129" lon="32.4271479"/>
  <node id="13741260181" lat="38.9716464" lon="32.4269682"/>
  <node id="13741260182" lat="38.9718570" lon="32.4267778"/>
  <node id="13741260183" lat="38.9719342" lon="32.4266759"/>
  <node id="13741260184" lat="38.9720072" lon="32.4264988"/>
  <node id="13741260185" lat="38.9721594" lon="32.4261796"/>
  <node id="13741260186" lat="38.9722866" lon="32.4258792"/>
  <node id="13741260187" lat="38.9724284" lon="32.4255976"/>
  <node id="13741260188" lat="38.9725285" lon="32.4253401"/>
  <node id="13741260189" lat="38.9726369" lon="32.4249673"/>
  <node id="13741260190" lat="38.9726494" lon="32.4246830"/>
  <node id="13741260191" lat="38.9727141" lon="32.4240366"/>
  <node id="13741260192" lat="38.9727141" lon="32.4237174"/>
  <node id="13741260193" lat="38.9726953" lon="32.4233419"/>
  <node id="13741260194" lat="38.9726536" lon="32.4231085"/>
  <node id="13741260195" lat="38.9726473" lon="32.4228054"/>
  <node id="13741260196" lat="38.9726765" lon="32.4226284"/>
  <node id="13741260197" lat="38.9727579" lon="32.4222448"/>
  <node id="13741260198" lat="38.9729560" lon="32.4214026"/>
  <node id="13741260242" lat="38.9841550" lon="32.4045235"/>
  <node id="13741260243" lat="38.9843594" lon="32.4043760"/>
  <node id="13741260244" lat="38.9848222" lon="32.4039978"/>
  <node id="13741260245" lat="38.9850912" lon="32.4037966"/>
  <node id="13741260246" lat="38.9859960" lon="32.4030992"/>
  <node id="13741260247" lat="38.9861357" lon="32.4029946"/>
  <node id="13741260248" lat="38.9862566" lon="32.4029034"/>
  <node id="13741260249" lat="38.9865131" lon="32.4027210"/>
  <node id="13741260250" lat="38.9869571" lon="32.4023804"/>
  <node id="13741260251" lat="38.9872052" lon="32.4021578"/>
  <node id="13741260252" lat="38.9875346" lon="32.4018601"/>
  <node id="13741260253" lat="38.9878578" lon="32.4015892"/>
  <node id="13741260254" lat="38.9881872" lon="32.4013290"/>
  <node id="13741260255" lat="38.9882706" lon="32.4012807"/>
  <node id="13741260256" lat="38.9885437" lon="32.4010634"/>
  <node id="13741260178" lat="38.9711543" lon="32.4280170"/>
  <node id="13741260179" lat="38.9713899" lon="32.4274054"/>
  <node id="13448965914" lat="38.9743697" lon="32.4587426"/>
  <node id="13448965915" lat="38.9740259" lon="32.4584374"/>
  <node id="13448965916" lat="38.9738903" lon="32.4583876"/>
  <node id="13448965917" lat="38.9735949" lon="32.4582568"/>
  <node id="13448965918" lat="38.9732608" lon="32.4581010"/>
  <node id="13448965919" lat="38.9730719" lon="32.4579889"/>
  <node id="13448965920" lat="38.9729896" lon="32.4578768"/>
  <node id="13448965921" lat="38.9729169" lon="32.4577709"/>
  <node id="13448965922" lat="38.9728346" lon="32.4576338"/>
  <node id="13448965923" lat="38.9727523" lon="32.4574532"/>
  <node id="13448965924" lat="38.9726215" lon="32.4571293"/>
  <node id="13448965925" lat="38.9725440" lon="32.4569922"/>
  <node id="13448965926" lat="38.9724520" lon="32.4568988"/>
  <node id="13448965927" lat="38.9723310" lon="32.4568365"/>
  <node id="13448965928" lat="38.9720549" lon="32.4567742"/>
  <node id="13448965929" lat="38.9715997" lon="32.4567244"/>
  <node id="13448965912" lat="38.9745441" lon="32.4618883"/>
  <node id="13448965913" lat="38.9745296" lon="32.4617762"/>
  <node id="13448965910" lat="38.9761421" lon="32.4721351"/>
  <node id="13448965909" lat="38.9783067" lon="32.4853408"/>
  <node id="13448965911" lat="38.9776336" lon="32.4811985"/>
  <node id="13448965905" lat="38.9822725" lon="32.4911089"/>
  <node id="13448965906" lat="38.9808296" lon="32.4899316"/>
  <node id="13448965907" lat="38.9787771" lon="32.4882033"/>
  <node id="13448965908" lat="38.9787795" lon="32.4881382"/>
  <node id="13448965902" lat="38.9879618" lon="32.4958866"/>
  <node id="13448965903" lat="38.9874873" lon="32.4954693"/>
  <node id="13448965904" lat="38.9854634" lon="32.4938123"/>
  <node id="13448965901" lat="38.9907651" lon="32.4982350"/>
  <node id="13448965898" lat="38.9951119" lon="32.5018758"/>
  <node id="13448965899" lat="38.9950283" lon="32.5018235"/>
  <node id="13448965900" lat="38.9935634" lon="32.5005896"/>
  <node id="13448965893" lat="39.0034923" lon="32.5103942"/>
  <node id="13448965894" lat="39.0032987" lon="32.5104253"/>
  <node id="13448965895" lat="39.0030276" lon="32.5104627"/>
  <node id="13448965896" lat="39.0027130" lon="32.5103942"/>
  <node id="13448965897" lat="39.0033036" lon="32.5065757"/>
  <node id="13448965850" lat="39.0102956" lon="32.5088151"/>
  <node id="13448965851" lat="39.0102230" lon="32.5089428"/>
  <node id="13448965852" lat="39.0101794" lon="32.5090051"/>
  <node id="13448965853" lat="39.0099931" lon="32.5090985"/>
  <node id="13448965854" lat="39.0099374" lon="32.5090798"/>
  <node id="13448965855" lat="39.0098817" lon="32.5090331"/>
  <node id="13448965856" lat="39.0098212" lon="32.5090549"/>
  <node id="13448965857" lat="39.0097777" lon="32.5091546"/>
  <node id="13448965858" lat="39.0097002" lon="32.5092418"/>
  <node id="13448965859" lat="39.0096639" lon="32.5092792"/>
  <node id="13448965860" lat="39.0095623" lon="32.5093290"/>
  <node id="13448965861" lat="39.0093590" lon="32.5094224"/>
  <node id="13448965862" lat="39.0091267" lon="32.5095346"/>
  <node id="13448965863" lat="39.0089621" lon="32.5096467"/>
  <node id="13448965864" lat="39.0087104" lon="32.5098647"/>
  <node id="13448965865" lat="39.0085458" lon="32.5099706"/>
  <node id="13448965866" lat="39.0083667" lon="32.5100329"/>
  <node id="13448965867" lat="39.0080860" lon="32.5101263"/>
  <node id="13448965868" lat="39.0078682" lon="32.5101014"/>
  <node id="13448965869" lat="39.0077278" lon="32.5101388"/>
  <node id="13448965870" lat="39.0076213" lon="32.5101699"/>
  <node id="13448965871" lat="39.0075003" lon="32.5101201"/>
  <node id="13448965872" lat="39.0072825" lon="32.5100765"/>
  <node id="13448965873" lat="39.0072002" lon="32.5101263"/>
  <node id="13448965874" lat="39.0070986" lon="32.5102384"/>
  <node id="13448965875" lat="39.0070308" lon="32.5102384"/>
  <node id="13448965876" lat="39.0069098" lon="32.5101637"/>
  <node id="13448965877" lat="39.0067742" lon="32.5101886"/>
  <node id="13448965878" lat="39.0065564" lon="32.5102447"/>
  <node id="13448965879" lat="39.0061014" lon="32.5103256"/>
  <node id="13448965880" lat="39.0058158" lon="32.5102820"/>
  <node id="13448965881" lat="39.0054625" lon="32.5103443"/>
  <node id="13448965882" lat="39.0052059" lon="32.5104191"/>
  <node id="13448965883" lat="39.0050559" lon="32.5103817"/>
  <node id="13448965884" lat="39.0049349" lon="32.5104689"/>
  <node id="13448965885" lat="39.0048187" lon="32.5104876"/>
  <node id="13448965886" lat="39.0047025" lon="32.5105187"/>
  <node id="13448965887" lat="39.0045815" lon="32.5105001"/>
  <node id="13448965888" lat="39.0044653" lon="32.5104191"/>
  <node id="13448965889" lat="39.0043346" lon="32.5105187"/>
  <node id="13448965890" lat="39.0041604" lon="32.5105810"/>
  <node id="13448965891" lat="39.0039135" lon="32.5105935"/>
  <node id="13448965892" lat="39.0037731" lon="32.5105250"/>
  <node id="13448965829" lat="39.0111402" lon="32.5123096"/>
  <node id="13448965830" lat="39.0111547" lon="32.5119172"/>
  <node id="13448965831" lat="39.0111547" lon="32.5116524"/>
  <node id="13448965832" lat="39.0111281" lon="32.5113597"/>
  <node id="13448965833" lat="39.0110966" lon="32.5111510"/>
  <node id="13448965834" lat="39.0110385" lon="32.5109735"/>
  <node id="13448965835" lat="39.0109950" lon="32.5107586"/>
  <node id="13448965836" lat="39.0109950" lon="32.5106028"/>
  <node id="13448965837" lat="39.0110216" lon="32.5105187"/>
  <node id="13448965838" lat="39.0109829" lon="32.5104222"/>
  <node id="13448965839" lat="39.0109926" lon="32.5100173"/>
  <node id="13448965840" lat="39.0110264" lon="32.5097744"/>
  <node id="13448965841" lat="39.0112055" lon="32.5091141"/>
  <node id="13448965842" lat="39.0112878" lon="32.5087559"/>
  <node id="13448965843" lat="39.0112854" lon="32.5085659"/>
  <node id="13448965844" lat="39.0112128" lon="32.5084133"/>
  <node id="13448965845" lat="39.0111402" lon="32.5082202"/>
  <node id="13448965846" lat="39.0109514" lon="32.5083105"/>
  <node id="13448965847" lat="39.0107844" lon="32.5083915"/>
  <node id="13448965848" lat="39.0106223" lon="32.5085286"/>
  <node id="13448965849" lat="39.0104166" lon="32.5086781"/>
  <node id="13448923989" lat="39.0153413" lon="32.5165236"/>
  <node id="13448923990" lat="39.0153219" lon="32.5163990"/>
  <node id="13448923991" lat="39.0152639" lon="32.5162993"/>
  <node id="13448923992" lat="39.0151768" lon="32.5161997"/>
  <node id="13448923993" lat="39.0151235" lon="32.5161498"/>
  <node id="13448923994" lat="39.0149590" lon="32.5160751"/>
  <node id="13448923995" lat="39.0148718" lon="32.5160875"/>
  <node id="13448923996" lat="39.0148041" lon="32.5162059"/>
  <node id="13448923997" lat="39.0148089" lon="32.5163367"/>
  <node id="13448923998" lat="39.0148525" lon="32.5165672"/>
  <node id="13448923999" lat="39.0149299" lon="32.5170219"/>
  <node id="13448924000" lat="39.0147557" lon="32.5171776"/>
  <node id="13448965801" lat="39.0144266" lon="32.5173147"/>
  <node id="13448965802" lat="39.0141894" lon="32.5174268"/>
  <node id="13448965803" lat="39.0139329" lon="32.5175140"/>
  <node id="13448965804" lat="39.0138022" lon="32.5174829"/>
  <node id="13448965805" lat="39.0136231" lon="32.5173458"/>
  <node id="13448965806" lat="39.0134779" lon="32.5172711"/>
  <node id="13448965807" lat="39.0132456" lon="32.5171527"/>
  <node id="13448965808" lat="39.0130544" lon="32.5168693"/>
  <node id="13448965809" lat="39.0128149" lon="32.5164115"/>
  <node id="13448965810" lat="39.0126842" lon="32.5158104"/>
  <node id="13448965811" lat="39.0126697" lon="32.5155892"/>
  <node id="13448965812" lat="39.0125535" lon="32.5156266"/>
  <node id="13448965813" lat="39.0123018" lon="32.5157792"/>
  <node id="13448965814" lat="39.0118033" lon="32.5161810"/>
  <node id="13448965815" lat="39.0115105" lon="32.5162713"/>
  <node id="13448965816" lat="39.0112176" lon="32.5164613"/>
  <node id="13448965817" lat="39.0103996" lon="32.5168008"/>
  <node id="13448965818" lat="39.0104747" lon="32.5164924"/>
  <node id="13448965819" lat="39.0104626" lon="32.5162588"/>
  <node id="13448965820" lat="39.0106489" lon="32.5161343"/>
  <node id="13448965821" lat="39.0112709" lon="32.5155612"/>
  <node id="13448965822" lat="39.0114306" lon="32.5153494"/>
  <node id="13448965823" lat="39.0113241" lon="32.5151532"/>
  <node id="13448965824" lat="39.0111886" lon="32.5147172"/>
  <node id="13448965825" lat="39.0111232" lon="32.5142687"/>
  <node id="13448965826" lat="39.0110289" lon="32.5137579"/>
  <node id="13448965827" lat="39.0108740" lon="32.5133468"/>
  <node id="13448965828" lat="39.0110385" lon="32.5126553"/>
  <node id="13384178234" lat="39.0233597" lon="32.5135875"/>
  <node id="13384178235" lat="39.0232472" lon="32.5136250"/>
  <node id="13384178236" lat="39.0230847" lon="32.5136089"/>
  <node id="13384178237" lat="39.0229930" lon="32.5135285"/>
  <node id="13384178238" lat="39.0228304" lon="32.5134641"/>
  <node id="13384178239" lat="39.0226012" lon="32.5136197"/>
  <node id="13384178240" lat="39.0223387" lon="32.5137377"/>
  <node id="13384178241" lat="39.0221136" lon="32.5138396"/>
  <node id="13384178242" lat="39.0219261" lon="32.5140595"/>
  <node id="13384178243" lat="39.0217604" lon="32.5143962"/>
  <node id="13384178244" lat="39.0216629" lon="32.5145515"/>
  <node id="13448923972" lat="39.0213618" lon="32.5145677"/>
  <node id="13448923973" lat="39.0209747" lon="32.5144991"/>
  <node id="13448923974" lat="39.0205972" lon="32.5144493"/>
  <node id="13448923975" lat="39.0202633" lon="32.5144057"/>
  <node id="13448923976" lat="39.0199390" lon="32.5144244"/>
  <node id="13448923977" lat="39.0197987" lon="32.5144867"/>
  <node id="13448923978" lat="39.0196245" lon="32.5145863"/>
  <node id="13448923979" lat="39.0193244" lon="32.5147794"/>
  <node id="13448923980" lat="39.0190679" lon="32.5149850"/>
  <node id="13448923981" lat="39.0189227" lon="32.5151532"/>
  <node id="13448923982" lat="39.0188501" lon="32.5152092"/>
  <node id="13448923983" lat="39.0185065" lon="32.5153338"/>
  <node id="13448923984" lat="39.0182210" lon="32.5153961"/>
  <node id="13448923985" lat="39.0179645" lon="32.5153712"/>
  <node id="13448923986" lat="39.0177902" lon="32.5154896"/>
  <node id="13448923987" lat="39.0176838" lon="32.5153338"/>
  <node id="13448923988" lat="39.0175773" lon="32.5150597"/>
  <node id="151004854" lat="38.6728587" lon="33.3593413"/>
  <node id="12806862318" lat="38.7236888" lon="33.3488272"/>
  <node id="151004535" lat="38.7540262" lon="33.3522912"/>
  <node id="151004331" lat="38.8525636" lon="33.3679008"/>
  <node id="12806862316" lat="38.8687500" lon="33.3551356"/>
  <node id="9941269599" lat="38.8919681" lon="33.3603715"/>
  <node id="151004352" lat="38.9092728" lon="33.3640325"/>
  <node id="12806862315" lat="38.9150789" lon="33.3658217"/>
  <node id="9941269598" lat="38.9208220" lon="33.3692549"/>
  <node id="9941269597" lat="38.9453919" lon="33.3872794"/>
  <node id="151004377" lat="38.9607563" lon="33.3883556"/>
  <node id="9941279345" lat="38.9669836" lon="33.3887600"/>
  <node id="12879410401" lat="38.9715130" lon="33.3890927"/>
  <node id="12879410400" lat="38.9858084" lon="33.3868933"/>
  <node id="9941279346" lat="38.9989754" lon="33.3810404"/>
  <node id="11617226565" lat="39.0078648" lon="33.3770935"/>
  <node id="7426827441" lat="39.0275941" lon="31.9291284"/>
  <node id="7426827442" lat="39.0287443" lon="31.9286617"/>
  <node id="7426827443" lat="39.0297111" lon="31.9280287"/>
  <node id="7426827444" lat="39.0304612" lon="31.9278571"/>
  <node id="7426827445" lat="39.0310779" lon="31.9281360"/>
  <node id="7426886256" lat="39.0715622" lon="31.9226858"/>
  <node id="7426886257" lat="39.0744275" lon="31.9228253"/>
  <node id="7426886258" lat="39.0752854" lon="31.9226643"/>
  <node id="7426886263" lat="39.0748356" lon="31.9277069"/>
  <node id="7426886264" lat="39.0744525" lon="31.9279000"/>
  <node id="7426827438" lat="39.0246103" lon="31.9301315"/>
  <node id="7426827439" lat="39.0254771" lon="31.9297883"/>
  <node id="7426827440" lat="39.0263939" lon="31.9295951"/>
  <node id="7426827446" lat="39.0321822" lon="31.9293967"/>
  <node id="7426827447" lat="39.0325489" lon="31.9298151"/>
  <node id="7426827448" lat="39.0339615" lon="31.9306251"/>
  <node id="7426827449" lat="39.0366283" lon="31.9325992"/>
  <node id="7426827450" lat="39.0386450" lon="31.9337793"/>
  <node id="7426827451" lat="39.0406783" lon="31.9350132"/>
  <node id="7426827452" lat="39.0442447" lon="31.9376418"/>
  <node id="7426827453" lat="39.0445280" lon="31.9374701"/>
  <node id="7426827454" lat="39.0446447" lon="31.9379207"/>
  <node id="7426827455" lat="39.0455946" lon="31.9384357"/>
  <node id="7426827456" lat="39.0464445" lon="31.9384143"/>
  <node id="7426827457" lat="39.0472944" lon="31.9393584"/>
  <node id="7426827458" lat="39.0472777" lon="31.9389507"/>
  <node id="7426827459" lat="39.0482276" lon="31.9386289"/>
  <node id="7426827460" lat="39.0493275" lon="31.9388220"/>
  <node id="7426827461" lat="39.0512689" lon="31.9390794"/>
  <node id="7426827462" lat="39.0515438" lon="31.9393101"/>
  <node id="7426827463" lat="39.0523103" lon="31.9385430"/>
  <node id="7426827464" lat="39.0528102" lon="31.9383070"/>
  <node id="7426827465" lat="39.0545348" lon="31.9387469"/>
  <node id="7426827466" lat="39.0562761" lon="31.9403884"/>
  <node id="7426827467" lat="39.0583422" lon="31.9416544"/>
  <node id="7426827468" lat="39.0587920" lon="31.9415686"/>
  <node id="7426827470" lat="39.0615579" lon="31.9418475"/>
  <node id="7426827471" lat="39.0627241" lon="31.9417724"/>
  <node id="7426827469" lat="39.0599750" lon="31.9422981"/>
  <node id="7426827472" lat="39.0637571" lon="31.9418904"/>
  <node id="7426827474" lat="39.0653316" lon="31.9422337"/>
  <node id="7426827475" lat="39.0659230" lon="31.9420835"/>
  <node id="7426827476" lat="39.0667560" lon="31.9418046"/>
  <node id="7426827477" lat="39.0683220" lon="31.9411501"/>
  <node id="7426827481" lat="39.0740527" lon="31.9355818"/>
  <node id="7426827482" lat="39.0734030" lon="31.9330927"/>
  <node id="7426827483" lat="39.0729199" lon="31.9294235"/>
  <node id="7426886265" lat="39.0748023" lon="31.9294879"/>
  <node id="7426886266" lat="39.0758101" lon="31.9294235"/>
  <node id="7426827478" lat="39.0716872" lon="31.9397232"/>
  <node id="7426827479" lat="39.0743900" lon="31.9384626"/>
  <node id="7426827480" lat="39.0742942" lon="31.9369551"/>
  <node id="7426827473" lat="39.0647234" lon="31.9422767"/>
  <node id="7426886259" lat="39.0765014" lon="31.9227716"/>
  <node id="7426886260" lat="39.0763015" lon="31.9244882"/>
  <node id="7426886261" lat="39.0786502" lon="31.9287583"/>
  <node id="7426886262" lat="39.0765847" lon="31.9285223"/>
  <node id="7426886274" lat="39.0799078" lon="31.9291284"/>
  <node id="7426886275" lat="39.0799161" lon="31.9282219"/>
  <node id="7426886276" lat="39.0805491" lon="31.9280288"/>
  <node id="7426886277" lat="39.0803201" lon="31.9277552"/>
  <node id="7426886278" lat="39.0807656" lon="31.9267574"/>
  <node id="7426886279" lat="39.0811571" lon="31.9259903"/>
  <node id="7426886280" lat="39.0816984" lon="31.9253465"/>
  <node id="7426886287" lat="39.0887937" lon="31.9219777"/>
  <node id="7426886281" lat="39.0829809" lon="31.9260117"/>
  <node id="7426886282" lat="39.0841303" lon="31.9232651"/>
  <node id="7426886283" lat="39.0853961" lon="31.9234153"/>
  <node id="7426886284" lat="39.0876112" lon="31.9237372"/>
  <node id="7426886285" lat="39.0876945" lon="31.9244668"/>
  <node id="7426886293" lat="39.0894099" lon="31.9125148"/>
  <node id="7426886294" lat="39.0918415" lon="31.9123646"/>
  <node id="7426886295" lat="39.0917082" lon="31.9104978"/>
  <node id="7426886296" lat="39.0945227" lon="31.9095537"/>
  <node id="7426886297" lat="39.0947059" lon="31.9104978"/>
  <node id="7426886299" lat="39.0968542" lon="31.9081160"/>
  <node id="7426886300" lat="39.0992854" lon="31.9065067"/>
  <node id="7426886301" lat="39.1005843" lon="31.9060990"/>
  <node id="7426886298" lat="39.0974370" lon="31.9098756"/>
  <node id="7426886288" lat="39.0891102" lon="31.9208404"/>
  <node id="7426886289" lat="39.0891601" lon="31.9194028"/>
  <node id="7426886290" lat="39.0891518" lon="31.9169137"/>
  <node id="7426886291" lat="39.0896005" lon="31.9165727"/>
  <node id="7426886292" lat="39.0894766" lon="31.9163558"/>
  <node id="7426886286" lat="39.0890102" lon="31.9241664"/>
  <node id="7426886309" lat="39.1126560" lon="31.8998548"/>
  <node id="7426886310" lat="39.1144395" lon="31.8967407"/>
  <node id="7426886313" lat="39.1192487" lon="31.8884822"/>
  <node id="7426886212" lat="39.1269728" lon="31.8886110"/>
  <node id="7426886213" lat="39.1273723" lon="31.8873450"/>
  <node id="7426886214" lat="39.1278051" lon="31.8864867"/>
  <node id="7426886215" lat="39.1282212" lon="31.8861648"/>
  <node id="7426886311" lat="39.1165018" lon="31.8931386"/>
  <node id="7426886312" lat="39.1178503" lon="31.8907997"/>
  <node id="7426886314" lat="39.1213630" lon="31.8915936"/>
  <node id="7426886207" lat="39.1267065" lon="31.8954667"/>
  <node id="7426886208" lat="39.1264817" lon="31.8932244"/>
  <node id="7426886209" lat="39.1266316" lon="31.8920764"/>
  <node id="7426886210" lat="39.1270227" lon="31.8912288"/>
  <node id="7426886211" lat="39.1268563" lon="31.8898770"/>
  <node id="7426886315" lat="39.1242096" lon="31.8938038"/>
  <node id="7426886316" lat="39.1258076" lon="31.8951878"/>
  <node id="7426886302" lat="39.1033651" lon="31.9056269"/>
  <node id="7426886303" lat="39.1033651" lon="31.9047472"/>
  <node id="7426886304" lat="39.1055631" lon="31.9053265"/>
  <node id="7426886305" lat="39.1082105" lon="31.9070002"/>
  <node id="7426886306" lat="39.1100254" lon="31.9078156"/>
  <node id="7426886307" lat="39.1111409" lon="31.9050691"/>
  <node id="7426886308" lat="39.1102585" lon="31.9041249"/>
  <node id="7426886267" lat="39.0764514" lon="31.9294128"/>
  <node id="7426886268" lat="39.0771219" lon="31.9295576"/>
  <node id="7426886269" lat="39.0776258" lon="31.9296756"/>
  <node id="7426886270" lat="39.0778048" lon="31.9296917"/>
  <node id="7426886271" lat="39.0780672" lon="31.9296542"/>
  <node id="7426886272" lat="39.0783254" lon="31.9295147"/>
  <node id="7426886273" lat="39.0790791" lon="31.9293001"/>
  <node id="7426886220" lat="39.1294696" lon="31.8830642"/>
  <node id="7426886221" lat="39.1296860" lon="31.8825707"/>
  <node id="7426886222" lat="39.1300522" lon="31.8825599"/>
  <node id="7426886223" lat="39.1302935" lon="31.8823346"/>
  <node id="7426886224" lat="39.1305432" lon="31.8818733"/>
  <node id="7426886225" lat="39.1307097" lon="31.8812081"/>
  <node id="7426886226" lat="39.1308095" lon="31.8802318"/>
  <node id="7426886227" lat="39.1310675" lon="31.8797383"/>
  <node id="7426886228" lat="39.1314670" lon="31.8792555"/>
  <node id="7426886229" lat="39.1326654" lon="31.8782147"/>
  <node id="7426886230" lat="39.1332813" lon="31.8771741"/>
  <node id="7426886216" lat="39.1283377" lon="31.8853280"/>
  <node id="7426886217" lat="39.1287289" lon="31.8849847"/>
  <node id="7426886218" lat="39.1289786" lon="31.8845448"/>
  <node id="7426886219" lat="39.1289869" lon="31.8838581"/>
  <node id="7721514577" lat="39.1852502" lon="31.8772387"/>
  <node id="7721514578" lat="39.1835538" lon="31.8802213"/>
  <node id="7721514579" lat="39.1822730" lon="31.8823671"/>
  <node id="7721514580" lat="39.1818406" lon="31.8835473"/>
  <node id="7721514581" lat="39.1817574" lon="31.8846845"/>
  <node id="7721514582" lat="39.1819238" lon="31.8857360"/>
  <node id="7721514583" lat="39.1826390" lon="31.8871307"/>
  <node id="7721514584" lat="39.1842523" lon="31.8879461"/>
  <node id="7721524085" lat="39.1851837" lon="31.8881821"/>
  <node id="7721524086" lat="39.1863313" lon="31.8883753"/>
  <node id="7721524087" lat="39.1924515" lon="31.8918085"/>
  <node id="7721524088" lat="39.1934660" lon="31.8929243"/>
  <node id="7721524089" lat="39.1969249" lon="31.8995976"/>
  <node id="7721524090" lat="39.1978229" lon="31.9002199"/>
  <node id="7721524091" lat="39.1983883" lon="31.9033098"/>
  <node id="7721524092" lat="39.2007163" lon="31.9050908"/>
  <node id="7721524093" lat="39.2010156" lon="31.9057560"/>
  <node id="7721524094" lat="39.2018969" lon="31.9064426"/>
  <node id="7721524095" lat="39.2019967" lon="31.9077515"/>
  <node id="7721524096" lat="39.2020133" lon="31.9086742"/>
  <node id="7721524097" lat="39.2022128" lon="31.9089961"/>
  <node id="7721524098" lat="39.2026119" lon="31.9095754"/>
  <node id="7721524099" lat="39.2030276" lon="31.9096827"/>
  <node id="7721524100" lat="39.2044243" lon="31.9109916"/>
  <node id="7721524101" lat="39.2057711" lon="31.9119787"/>
  <node id="7721524102" lat="39.2063364" lon="31.9127512"/>
  <node id="7721524103" lat="39.2070680" lon="31.9136953"/>
  <node id="7721524104" lat="39.2069350" lon="31.9145751"/>
  <node id="7721524105" lat="39.2072177" lon="31.9150471"/>
  <node id="7721524106" lat="39.2072177" lon="31.9157338"/>
  <node id="7721524107" lat="39.2076832" lon="31.9170642"/>
  <node id="7721524108" lat="39.2074504" lon="31.9199610"/>
  <node id="7721524109" lat="39.2080656" lon="31.9215488"/>
  <node id="7721524110" lat="39.2087972" lon="31.9219994"/>
  <node id="7721524111" lat="39.2104432" lon="31.9235658"/>
  <node id="7721524112" lat="39.2118564" lon="31.9254541"/>
  <node id="7721524113" lat="39.2129038" lon="31.9258189"/>
  <node id="7721524114" lat="39.2142837" lon="31.9261408"/>
  <node id="7721524115" lat="39.2162787" lon="31.9262910"/>
  <node id="7721524116" lat="39.2170767" lon="31.9272780"/>
  <node id="7721524117" lat="39.2192212" lon="31.9278574"/>
  <node id="7721524118" lat="39.2200690" lon="31.9283509"/>
  <node id="7721524119" lat="39.2208337" lon="31.9283938"/>
  <node id="7721524120" lat="39.2215153" lon="31.9278788"/>
  <node id="7721524121" lat="39.2221303" lon="31.9279432"/>
  <node id="7721524122" lat="39.2251723" lon="31.9251323"/>
  <node id="7721524123" lat="39.2266185" lon="31.9246816"/>
  <node id="7721524124" lat="39.2279316" lon="31.9256043"/>
  <node id="7721524125" lat="39.2299594" lon="31.9297671"/>
  <node id="7721524126" lat="39.2300924" lon="31.9303679"/>
  <node id="7721524127" lat="39.2302919" lon="31.9308185"/>
  <node id="7721524128" lat="39.2302420" lon="31.9312048"/>
  <node id="7721524129" lat="39.2301755" lon="31.9316339"/>
  <node id="7721524130" lat="39.2303417" lon="31.9320631"/>
  <node id="7721524131" lat="39.2305079" lon="31.9325352"/>
  <node id="7721524132" lat="39.2303417" lon="31.9333076"/>
  <node id="7721524133" lat="39.2305578" lon="31.9336724"/>
  <node id="7721524134" lat="39.2304747" lon="31.9346380"/>
  <node id="7721524135" lat="39.2298265" lon="31.9351959"/>
  <node id="7721524136" lat="39.2294608" lon="31.9358825"/>
  <node id="7721524137" lat="39.2306243" lon="31.9373846"/>
  <node id="7721524138" lat="39.2315551" lon="31.9387579"/>
  <node id="7721524139" lat="39.2310897" lon="31.9405603"/>
  <node id="7721524140" lat="39.2304581" lon="31.9420623"/>
  <node id="7721524141" lat="39.2304913" lon="31.9437789"/>
  <node id="7721524142" lat="39.2311229" lon="31.9442081"/>
  <node id="7721524143" lat="39.2311894" lon="31.9483709"/>
  <node id="7721524144" lat="39.2315219" lon="31.9496154"/>
  <node id="7721524145" lat="39.2326521" lon="31.9533919"/>
  <node id="7721524169" lat="39.2199653" lon="32.0038710"/>
  <node id="7721524162" lat="39.2258040" lon="31.9894409"/>
  <node id="7721524166" lat="39.2225459" lon="31.9942474"/>
  <node id="7721524159" lat="39.2297268" lon="31.9822311"/>
  <node id="7721524160" lat="39.2285300" lon="31.9845485"/>
  <node id="7721524161" lat="39.2268014" lon="31.9882392"/>
  <node id="7721524167" lat="39.2206842" lon="31.9981097"/>
  <node id="7721524168" lat="39.2200732" lon="32.0027553"/>
  <node id="8313875227" lat="39.2230820" lon="32.0071058"/>
  <node id="9466193085" lat="39.2209459" lon="32.0053464"/>
  <node id="7721524172" lat="39.2282641" lon="32.0011137"/>
  <node id="7721524173" lat="39.2309236" lon="31.9968222"/>
  <node id="7721524171" lat="39.2269344" lon="32.0054052"/>
  <node id="7721524170" lat="39.2261365" lon="32.0087527"/>
  <node id="13741260091" lat="39.0258477" lon="32.1271080"/>
  <node id="13741260092" lat="39.0252851" lon="32.1271428"/>
  <node id="13741260093" lat="39.0236931" lon="32.1275505"/>
  <node id="13741260090" lat="39.0264186" lon="32.1334568"/>
  <node id="13741260048" lat="39.0297483" lon="32.1530315"/>
  <node id="13741260049" lat="39.0281272" lon="32.1534553"/>
  <node id="13741260050" lat="39.0254185" lon="32.1541661"/>
  <node id="13741260042" lat="39.0313443" lon="32.1581277"/>
  <node id="13741260043" lat="39.0312485" lon="32.1567464"/>
  <node id="13741260044" lat="39.0312068" lon="32.1548796"/>
  <node id="13741260045" lat="39.0311026" lon="32.1540749"/>
  <node id="13741260046" lat="39.0310984" lon="32.1531656"/>
  <node id="13741260047" lat="39.0311547" lon="32.1526694"/>
  <node id="13741260036" lat="39.0320506" lon="32.1646991"/>
  <node id="13741260037" lat="39.0317152" lon="32.1627331"/>
  <node id="13741260038" lat="39.0317131" lon="32.1619445"/>
  <node id="13741260039" lat="39.0317381" lon="32.1612471"/>
  <node id="13741260040" lat="39.0316652" lon="32.1607938"/>
  <node id="13741260041" lat="39.0315131" lon="32.1597236"/>
  <node id="13741260025" lat="39.0331903" lon="32.1716058"/>
  <node id="13741260026" lat="39.0330965" lon="32.1703157"/>
  <node id="13741260027" lat="39.0330445" lon="32.1699214"/>
  <node id="13741260028" lat="39.0330445" lon="32.1695834"/>
  <node id="13741260029" lat="39.0330278" lon="32.1692240"/>
  <node id="13741260030" lat="39.0330028" lon="32.1689182"/>
  <node id="13741260031" lat="39.0327736" lon="32.1685052"/>
  <node id="13741260032" lat="39.0326673" lon="32.1682262"/>
  <node id="13741260033" lat="39.0324923" lon="32.1673223"/>
  <node id="13741260034" lat="39.0323756" lon="32.1665150"/>
  <node id="13741260035" lat="39.0322298" lon="32.1657774"/>
  <node id="13741260003" lat="39.0335695" lon="32.1778661"/>
  <node id="13741260004" lat="39.0337216" lon="32.1764150"/>
  <node id="13741260005" lat="39.0336487" lon="32.1761790"/>
  <node id="13741260006" lat="39.0336362" lon="32.1760797"/>
  <node id="13741260007" lat="39.0336487" lon="32.1759108"/>
  <node id="13741260008" lat="39.0336778" lon="32.1757552"/>
  <node id="13741260009" lat="39.0337403" lon="32.1754548"/>
  <node id="13741260010" lat="39.0337653" lon="32.1752751"/>
  <node id="13741260011" lat="39.0337633" lon="32.1751276"/>
  <node id="13741260012" lat="39.0337299" lon="32.1749291"/>
  <node id="13741260013" lat="39.0336966" lon="32.1747789"/>
  <node id="13741260014" lat="39.0336445" lon="32.1745509"/>
  <node id="13741260015" lat="39.0335924" lon="32.1744007"/>
  <node id="13741260016" lat="39.0334632" lon="32.1741915"/>
  <node id="13741260017" lat="39.0332320" lon="32.1738803"/>
  <node id="13741260018" lat="39.0331361" lon="32.1737677"/>
  <node id="13741260019" lat="39.0330674" lon="32.1736684"/>
  <node id="13741260020" lat="39.0330528" lon="32.1735665"/>
  <node id="13741260021" lat="39.0330611" lon="32.1734753"/>
  <node id="13741260022" lat="39.0331299" lon="32.1730730"/>
  <node id="13741260023" lat="39.0332195" lon="32.1725929"/>
  <node id="13741260024" lat="39.0332236" lon="32.1722791"/>
  <node id="13741259956" lat="39.0235806" lon="32.1784374"/>
  <node id="13741259957" lat="39.0240703" lon="32.1785018"/>
  <node id="13741259958" lat="39.0244995" lon="32.1785367"/>
  <node id="13741259959" lat="39.0246475" lon="32.1785608"/>
  <node id="13741259960" lat="39.0247162" lon="32.1786010"/>
  <node id="13741259961" lat="39.0247642" lon="32.1786627"/>
  <node id="13741259962" lat="39.0247496" lon="32.1787646"/>
  <node id="13741259963" lat="39.0247225" lon="32.1791696"/>
  <node id="13741259964" lat="39.0246766" lon="32.1796149"/>
  <node id="13741259965" lat="39.0246266" lon="32.1799689"/>
  <node id="13741259966" lat="39.0243974" lon="32.1817982"/>
  <node id="13741259967" lat="39.0243266" lon="32.1822864"/>
  <node id="13741259968" lat="39.0242974" lon="32.1825278"/>
  <node id="13741259969" lat="39.0244599" lon="32.1824956"/>
  <node id="13741259970" lat="39.0246725" lon="32.1825170"/>
  <node id="13741259971" lat="39.0252518" lon="32.1826029"/>
  <node id="13741259972" lat="39.0257685" lon="32.1826941"/>
  <node id="13741259973" lat="39.0260311" lon="32.1827531"/>
  <node id="13741259974" lat="39.0264603" lon="32.1828443"/>
  <node id="13741259975" lat="39.0268104" lon="32.1828926"/>
  <node id="13741259976" lat="39.0273313" lon="32.1830106"/>
  <node id="13741259977" lat="39.0276938" lon="32.1830696"/>
  <node id="13741259978" lat="39.0280939" lon="32.1831340"/>
  <node id="13741259979" lat="39.0283648" lon="32.1831715"/>
  <node id="13741259980" lat="39.0285690" lon="32.1832144"/>
  <node id="13741259981" lat="39.0288565" lon="32.1832520"/>
  <node id="13741259982" lat="39.0292607" lon="32.1833271"/>
  <node id="13741259983" lat="39.0295524" lon="32.1833807"/>
  <node id="13741259984" lat="39.0299650" lon="32.1834612"/>
  <node id="13741259985" lat="39.0305276" lon="32.1835846"/>
  <node id="13741259986" lat="39.0306984" lon="32.1830910"/>
  <node id="13741259987" lat="39.0307901" lon="32.1827719"/>
  <node id="13741259988" lat="39.0308588" lon="32.1824875"/>
  <node id="13741259989" lat="39.0309151" lon="32.1822917"/>
  <node id="13741259990" lat="39.0309859" lon="32.1818840"/>
  <node id="13741259991" lat="39.0312818" lon="32.1819591"/>
  <node id="13741259992" lat="39.0317735" lon="32.1820664"/>
  <node id="13741259993" lat="39.0320110" lon="32.1821174"/>
  <node id="13741259994" lat="39.0322756" lon="32.1821871"/>
  <node id="13741259995" lat="39.0325132" lon="32.1822354"/>
  <node id="13741259996" lat="39.0328757" lon="32.1823186"/>
  <node id="13741259997" lat="39.0330049" lon="32.1823588"/>
  <node id="13741259998" lat="39.0330924" lon="32.1817580"/>
  <node id="13741259999" lat="39.0331632" lon="32.1812698"/>
  <node id="13741260000" lat="39.0332320" lon="32.1808487"/>
  <node id="13741260001" lat="39.0332716" lon="32.1806234"/>
  <node id="13741260002" lat="39.0334091" lon="32.1793520"/>
  <node id="7721524146" lat="39.2337158" lon="31.9551086"/>
  <node id="7721524147" lat="39.2366410" lon="31.9560527"/>
  <node id="7721524148" lat="39.2387018" lon="31.9576835"/>
  <node id="7721524149" lat="39.2400978" lon="31.9594859"/>
  <node id="7721524150" lat="39.2422915" lon="31.9595718"/>
  <node id="7721524151" lat="39.2446180" lon="31.9610309"/>
  <node id="7721524152" lat="39.2456151" lon="31.9627475"/>
  <node id="7721524153" lat="39.2455486" lon="31.9644641"/>
  <node id="7721524157" lat="39.2388348" lon="31.9764375"/>
  <node id="7721524158" lat="39.2367739" lon="31.9781970"/>
  <node id="7721524155" lat="39.2441859" lon="31.9718455"/>
  <node id="7721524156" lat="39.2415271" lon="31.9737767"/>
  <node id="7721524154" lat="39.2466787" lon="31.9673824"/>
  <node id="8313875226" lat="39.2467118" lon="31.9690990"/>
  <node id="7721524178" lat="39.2526608" lon="31.9773386"/>
  <node id="7721524179" lat="39.2689092" lon="31.9490146"/>
  <node id="7721524180" lat="39.2757199" lon="31.9475126"/>
  <node id="7721524181" lat="39.2768826" lon="31.9498300"/>
  <node id="7721524182" lat="39.2797063" lon="31.9544220"/>
  <node id="7721524183" lat="39.2834268" lon="31.9575977"/>
  <node id="7721524184" lat="39.2876785" lon="31.9600868"/>
  <node id="7721524185" lat="39.2904685" lon="31.9644641"/>
  <node id="7721524186" lat="39.2894721" lon="31.9684982"/>
  <node id="7721524187" lat="39.2919631" lon="31.9685411"/>
  <node id="7721524188" lat="39.2946202" lon="31.9695711"/>
  <node id="7721524189" lat="39.2957826" lon="31.9727468"/>
  <node id="7721524190" lat="39.2976092" lon="31.9748926"/>
  <node id="7721524191" lat="39.2992033" lon="31.9730901"/>
  <node id="7721524192" lat="39.3068080" lon="31.9790124"/>
  <node id="7721524193" lat="39.3073393" lon="31.9812011"/>
  <node id="7721524194" lat="39.3094312" lon="31.9813299"/>
  <node id="7721524174" lat="39.2337159" lon="31.9918440"/>
  <node id="7721524175" lat="39.2354444" lon="31.9889257"/>
  <node id="7721524176" lat="39.2375717" lon="31.9887541"/>
  <node id="7721524177" lat="39.2412944" lon="31.9856642"/>
  <node id="7721524195" lat="39.3122204" lon="31.9824886"/>
  <node id="7721524196" lat="39.3141462" lon="31.9846344"/>
  <node id="7721524197" lat="39.3160719" lon="31.9867372"/>
  <node id="7721524198" lat="39.3183296" lon="31.9903421"/>
  <node id="7721524200" lat="39.3246375" lon="32.0026159"/>
  <node id="7721524201" lat="39.3239736" lon="32.0035171"/>
  <node id="7721524202" lat="39.3232764" lon="32.0060062"/>
  <node id="7721524199" lat="39.3259654" lon="32.0016717"/>
  <node id="7721524207" lat="39.3312768" lon="32.0064354"/>
  <node id="7721524208" lat="39.3336668" lon="32.0037317"/>
  <node id="7721524203" lat="39.3231768" lon="32.0093536"/>
  <node id="7721524204" lat="39.3251687" lon="32.0115423"/>
  <node id="7721524205" lat="39.3266958" lon="32.0109415"/>
  <node id="7721524206" lat="39.3281896" lon="32.0100832"/>
  <node id="7721524220" lat="39.3489176" lon="31.9792700"/>
  <node id="7721524221" lat="39.3494652" lon="31.9790339"/>
  <node id="7721524224" lat="39.3553554" lon="31.9732618"/>
  <node id="7721524225" lat="39.3560855" lon="31.9725752"/>
  <node id="7721524226" lat="39.3568819" lon="31.9724035"/>
  <node id="7721524222" lat="39.3512074" lon="31.9774031"/>
  <node id="7721524223" lat="39.3533312" lon="31.9752788"/>
  <node id="7721524227" lat="39.3578110" lon="31.9727254"/>
  <node id="7721524228" lat="39.3591051" lon="31.9736695"/>
  <node id="7721524229" lat="39.3661724" lon="31.9785404"/>
  <node id="7721524235" lat="39.3927596" lon="31.9740557"/>
  <node id="7721524236" lat="39.3944179" lon="31.9708156"/>
  <node id="7721524237" lat="39.3979499" lon="31.9710517"/>
  <node id="7721524238" lat="39.3991437" lon="31.9715237"/>
  <node id="7721524239" lat="39.4020288" lon="31.9759440"/>
  <node id="7721524242" lat="39.4048143" lon="31.9747209"/>
  <node id="7721524243" lat="39.4058091" lon="31.9748711"/>
  <node id="7721524240" lat="39.4038195" lon="31.9757724"/>
  <node id="7721524241" lat="39.4042008" lon="31.9752574"/>
  <node id="7721524244" lat="39.4080805" lon="31.9754720"/>
  <node id="7721524245" lat="39.4133524" lon="31.9774890"/>
  <node id="7721524246" lat="39.4146952" lon="31.9804930"/>
  <node id="11564279467" lat="39.4139055" lon="31.9784400"/>
  <node id="7721524247" lat="39.4170160" lon="31.9812655"/>
  <node id="7721524218" lat="39.3476399" lon="31.9861579"/>
  <node id="7721524219" lat="39.3471919" lon="31.9837975"/>
  <node id="7721524215" lat="39.3455159" lon="31.9942045"/>
  <node id="7721524216" lat="39.3464783" lon="31.9925737"/>
  <node id="7721524217" lat="39.3483700" lon="31.9882178"/>
  <node id="7721524211" lat="39.3432259" lon="31.9985175"/>
  <node id="7721524212" lat="39.3435080" lon="31.9965434"/>
  <node id="7721524213" lat="39.3437237" lon="31.9956636"/>
  <node id="7721524214" lat="39.3444373" lon="31.9951272"/>
  <node id="9379324454" lat="39.3433794" lon="31.9995421"/>
  <node id="9379324455" lat="39.3433669" lon="32.0005399"/>
  <node id="7721524209" lat="39.3421473" lon="32.0028680"/>
  <node id="7721524210" lat="39.3431720" lon="32.0015430"/>
  <node id="7721524230" lat="39.3684782" lon="31.9869733"/>
  <node id="7721524231" lat="39.3740518" lon="31.9918012"/>
  <node id="7721524232" lat="39.3753787" lon="31.9921446"/>
  <node id="7721524233" lat="39.3771037" lon="31.9909215"/>
  <node id="7721524234" lat="39.3840531" lon="31.9840121"/>
  <node id="7721524248" lat="39.4235968" lon="31.9913935"/>
  <node id="7721524249" lat="39.4278234" lon="31.9931102"/>
  <node id="7721524250" lat="39.4294311" lon="31.9928956"/>
  <node id="7721524251" lat="39.4312957" lon="31.9912648"/>
  <node id="7721524252" lat="39.4324144" lon="31.9911790"/>
  <node id="7721524253" lat="39.4344363" lon="31.9917583"/>
  <node id="9379328581" lat="39.4303137" lon="31.9919944"/>
  <node id="7721524254" lat="39.4370382" lon="31.9926166"/>
  <node id="7721524255" lat="39.4387286" lon="31.9936681"/>
  <node id="7721524256" lat="39.4402531" lon="31.9953847"/>
  <node id="7721524257" lat="39.4407669" lon="31.9958353"/>
  <node id="7721524258" lat="39.4416949" lon="31.9962215"/>
  <node id="7721524259" lat="39.4424903" lon="31.9956636"/>
  <node id="13741249910" lat="39.0239348" lon="32.3200259"/>
  <node id="13741249911" lat="39.0238036" lon="32.3199776"/>
  <node id="7365571531" lat="39.0287212" lon="32.3293088"/>
  <node id="13741260316" lat="39.0251674" lon="32.3352474"/>
  <node id="13741260317" lat="39.0275574" lon="32.3312388"/>
  <node id="151004633" lat="39.0344945" lon="32.3277130"/>
  <node id="13741249907" lat="39.0340216" lon="32.3273751"/>
  <node id="13741249908" lat="39.0320089" lon="32.3259321"/>
  <node id="13741249909" lat="39.0308713" lon="32.3251086"/>
  <node id="13741260313" lat="39.0253268" lon="32.3384580"/>
  <node id="13741260314" lat="39.0253309" lon="32.3383936"/>
  <node id="13741260315" lat="39.0253101" lon="32.3380597"/>
  <node id="13741260312" lat="39.0280741" lon="32.3475587"/>
  <node id="13741260310" lat="39.0293180" lon="32.3516102"/>
  <node id="13741260311" lat="39.0284148" lon="32.3486571"/>
  <node id="13741260309" lat="39.0302348" lon="32.3665166"/>
  <node id="13741260305" lat="39.0250361" lon="32.3755784"/>
  <node id="13741260306" lat="39.0261332" lon="32.3755583"/>
  <node id="13741260307" lat="39.0274178" lon="32.3755248"/>
  <node id="13741260308" lat="39.0307640" lon="32.3757769"/>
  <node id="13384178199" lat="39.0297483" lon="32.5121498"/>
  <node id="13384178200" lat="39.0295858" lon="32.5114739"/>
  <node id="13384178201" lat="39.0293357" lon="32.5107980"/>
  <node id="13384178202" lat="39.0287982" lon="32.5094891"/>
  <node id="13384178203" lat="39.0288148" lon="32.5094140"/>
  <node id="13384178204" lat="39.0287898" lon="32.5092369"/>
  <node id="13384178205" lat="39.0287482" lon="32.5091940"/>
  <node id="13384178206" lat="39.0287732" lon="32.5090760"/>
  <node id="13384178207" lat="39.0288773" lon="32.5087702"/>
  <node id="13384178208" lat="39.0290815" lon="32.5083625"/>
  <node id="13384178209" lat="39.0289190" lon="32.5081104"/>
  <node id="13384178210" lat="39.0285023" lon="32.5078046"/>
  <node id="13384178211" lat="39.0283981" lon="32.5078690"/>
  <node id="13384178212" lat="39.0283273" lon="32.5080675"/>
  <node id="13384178213" lat="39.0283106" lon="32.5081587"/>
  <node id="13384178214" lat="39.0283773" lon="32.5082767"/>
  <node id="13384178215" lat="39.0283856" lon="32.5084162"/>
  <node id="13384178216" lat="39.0283523" lon="32.5085449"/>
  <node id="13384178217" lat="39.0280606" lon="32.5090009"/>
  <node id="13384178218" lat="39.0281397" lon="32.5090814"/>
  <node id="13384178219" lat="39.0282356" lon="32.5092262"/>
  <node id="13384178220" lat="39.0282314" lon="32.5093442"/>
  <node id="13384178221" lat="39.0281064" lon="32.5094408"/>
  <node id="13384178222" lat="39.0278814" lon="32.5097626"/>
  <node id="13384178223" lat="39.0276230" lon="32.5096071"/>
  <node id="13384178224" lat="39.0276063" lon="32.5097197"/>
  <node id="13384178225" lat="39.0276230" lon="32.5098324"/>
  <node id="13384178226" lat="39.0277105" lon="32.5101918"/>
  <node id="13384178227" lat="39.0276063" lon="32.5103152"/>
  <node id="13384178228" lat="39.0273771" lon="32.5104010"/>
  <node id="13384178229" lat="39.0270729" lon="32.5105029"/>
  <node id="13384178230" lat="39.0268062" lon="32.5109160"/>
  <node id="13384178231" lat="39.0261519" lon="32.5110340"/>
  <node id="13384178232" lat="39.0260769" lon="32.5111681"/>
  <node id="13384178196" lat="39.0299775" lon="32.5129813"/>
  <node id="13384178197" lat="39.0299066" lon="32.5128633"/>
  <node id="13384178198" lat="39.0298691" lon="32.5125790"/>
  <node id="13384178233" lat="39.0240974" lon="32.5131690"/>
  <node id="13384178182" lat="39.0339445" lon="32.5186998"/>
  <node id="13384178183" lat="39.0336695" lon="32.5183350"/>
  <node id="13384178184" lat="39.0333278" lon="32.5180131"/>
  <node id="13384178185" lat="39.0326528" lon="32.5173265"/>
  <node id="13384178186" lat="39.0319360" lon="32.5166935"/>
  <node id="13384178187" lat="39.0314026" lon="32.5163448"/>
  <node id="13384178188" lat="39.0312026" lon="32.5161892"/>
  <node id="13384178189" lat="39.0311234" lon="32.5160015"/>
  <node id="13384178190" lat="39.0309734" lon="32.5155669"/>
  <node id="13384178191" lat="39.0305359" lon="32.5143814"/>
  <node id="13384178192" lat="39.0303275" lon="32.5136840"/>
  <node id="13384178193" lat="39.0302859" lon="32.5135660"/>
  <node id="13384178194" lat="39.0302067" lon="32.5134319"/>
  <node id="13384178195" lat="39.0301233" lon="32.5133890"/>
  <node id="13384178174" lat="39.0363988" lon="32.5199068"/>
  <node id="13384178175" lat="39.0360113" lon="32.5201964"/>
  <node id="13384178176" lat="39.0358655" lon="32.5203359"/>
  <node id="13384178177" lat="39.0356321" lon="32.5205934"/>
  <node id="13384178178" lat="39.0354404" lon="32.5207221"/>
  <node id="13384178179" lat="39.0351654" lon="32.5204110"/>
  <node id="13384178180" lat="39.0345821" lon="32.5196385"/>
  <node id="13384178181" lat="39.0342029" lon="32.5191235"/>
  <node id="13384178160" lat="39.0406071" lon="32.5181901"/>
  <node id="13384178161" lat="39.0405071" lon="32.5179219"/>
  <node id="13384178162" lat="39.0404196" lon="32.5179917"/>
  <node id="13384178163" lat="39.0402030" lon="32.5181150"/>
  <node id="13384178164" lat="39.0399155" lon="32.5182921"/>
  <node id="13384178165" lat="39.0396530" lon="32.5183725"/>
  <node id="13384178166" lat="39.0394280" lon="32.5184262"/>
  <node id="13384178167" lat="39.0393447" lon="32.5184369"/>
  <node id="13384178168" lat="39.0391572" lon="32.5184905"/>
  <node id="13384178169" lat="39.0387572" lon="32.5187319"/>
  <node id="13384178143" lat="39.0427154" lon="32.5254965"/>
  <node id="13384178144" lat="39.0427445" lon="32.5248313"/>
  <node id="13384178145" lat="39.0427362" lon="32.5246918"/>
  <node id="13384178146" lat="39.0426404" lon="32.5245148"/>
  <node id="13384178147" lat="39.0425487" lon="32.5240910"/>
  <node id="13384178148" lat="39.0424862" lon="32.5236618"/>
  <node id="13384178149" lat="39.0424237" lon="32.5232863"/>
  <node id="13384178150" lat="39.0422654" lon="32.5228518"/>
  <node id="13384178151" lat="39.0421571" lon="32.5225139"/>
  <node id="13384178152" lat="39.0420362" lon="32.5221384"/>
  <node id="13384178153" lat="39.0418821" lon="32.5216609"/>
  <node id="13384178154" lat="39.0417779" lon="32.5213712"/>
  <node id="13384178155" lat="39.0415904" lon="32.5208777"/>
  <node id="13384178156" lat="39.0414571" lon="32.5204807"/>
  <node id="13384178157" lat="39.0413446" lon="32.5201696"/>
  <node id="13384178158" lat="39.0412113" lon="32.5197619"/>
  <node id="13384178159" lat="39.0409988" lon="32.5192201"/>
  <node id="13384178170" lat="39.0375613" lon="32.5194240"/>
  <node id="13384178171" lat="39.0374363" lon="32.5194400"/>
  <node id="13384178172" lat="39.0372905" lon="32.5195581"/>
  <node id="13384178173" lat="39.0369446" lon="32.5196332"/>
  <node id="13384178114" lat="39.0418279" lon="32.5318909"/>
  <node id="13384178115" lat="39.0419196" lon="32.5315905"/>
  <node id="13384178116" lat="39.0420362" lon="32.5312954"/>
  <node id="13384178117" lat="39.0420279" lon="32.5312310"/>
  <node id="13384178118" lat="39.0421446" lon="32.5309360"/>
  <node id="13384178119" lat="39.0423404" lon="32.5304371"/>
  <node id="13384178120" lat="39.0426029" lon="32.5301367"/>
  <node id="13384178121" lat="39.0427820" lon="32.5299597"/>
  <node id="13384178122" lat="39.0428654" lon="32.5298738"/>
  <node id="13384178123" lat="39.0429987" lon="32.5293803"/>
  <node id="13384178124" lat="39.0430529" lon="32.5291443"/>
  <node id="13384178141" lat="39.0432612" lon="32.5255072"/>
  <node id="13384178142" lat="39.0432070" lon="32.5254267"/>
  <node id="13384178125" lat="39.0431028" lon="32.5290102"/>
  <node id="13384178126" lat="39.0431528" lon="32.5289136"/>
  <node id="13384178127" lat="39.0432362" lon="32.5288600"/>
  <node id="13384178128" lat="39.0435445" lon="32.5287312"/>
  <node id="13384178129" lat="39.0440111" lon="32.5284362"/>
  <node id="13384178130" lat="39.0439403" lon="32.5282109"/>
  <node id="13384178131" lat="39.0438570" lon="32.5280231"/>
  <node id="13384178132" lat="39.0438528" lon="32.5278997"/>
  <node id="13384178133" lat="39.0438570" lon="32.5275618"/>
  <node id="13384178134" lat="39.0438195" lon="32.5272989"/>
  <node id="13384178135" lat="39.0437611" lon="32.5271165"/>
  <node id="13384178136" lat="39.0436945" lon="32.5268805"/>
  <node id="13384178137" lat="39.0435861" lon="32.5266445"/>
  <node id="13384178138" lat="39.0433778" lon="32.5262207"/>
  <node id="13384178139" lat="39.0433112" lon="32.5259846"/>
  <node id="13384178140" lat="39.0432945" lon="32.5257432"/>
  <node id="13384178093" lat="39.0410696" lon="32.5373867"/>
  <node id="13384178094" lat="39.0412342" lon="32.5371695"/>
  <node id="13384178095" lat="39.0418404" lon="32.5365794"/>
  <node id="13384178096" lat="39.0420342" lon="32.5364828"/>
  <node id="13384178097" lat="39.0421696" lon="32.5364962"/>
  <node id="13384178098" lat="39.0423946" lon="32.5365633"/>
  <node id="13384178099" lat="39.0424383" lon="32.5364211"/>
  <node id="13384178100" lat="39.0424091" lon="32.5362951"/>
  <node id="13384178101" lat="39.0423821" lon="32.5360966"/>
  <node id="13384178102" lat="39.0424154" lon="32.5357908"/>
  <node id="13384178103" lat="39.0424800" lon="32.5357023"/>
  <node id="13384178104" lat="39.0423258" lon="32.5351390"/>
  <node id="13384178105" lat="39.0422737" lon="32.5348064"/>
  <node id="13384178106" lat="39.0422904" lon="32.5346857"/>
  <node id="13384178107" lat="39.0425071" lon="32.5342995"/>
  <node id="13384178108" lat="39.0423404" lon="32.5336343"/>
  <node id="13384178109" lat="39.0422883" lon="32.5333956"/>
  <node id="13384178110" lat="39.0422675" lon="32.5331756"/>
  <node id="13384178111" lat="39.0418863" lon="32.5334626"/>
  <node id="13384178112" lat="39.0418863" lon="32.5333822"/>
  <node id="13384178113" lat="39.0418904" lon="32.5328565"/>
  <node id="13384178089" lat="39.0430029" lon="32.5408709"/>
  <node id="13384178090" lat="39.0425904" lon="32.5406992"/>
  <node id="13384178091" lat="39.0414113" lon="32.5399643"/>
  <node id="13384178092" lat="39.0401321" lon="32.5391328"/>
  <node id="13384178075" lat="39.0458859" lon="32.5448513"/>
  <node id="13384178076" lat="39.0451402" lon="32.5442344"/>
  <node id="13384178077" lat="39.0448777" lon="32.5439447"/>
  <node id="13384178078" lat="39.0443944" lon="32.5433332"/>
  <node id="13384178079" lat="39.0439403" lon="32.5426358"/>
  <node id="13384178080" lat="39.0439070" lon="32.5425178"/>
  <node id="13384178081" lat="39.0439070" lon="32.5424159"/>
  <node id="13384178082" lat="39.0439445" lon="32.5423139"/>
  <node id="13384178083" lat="39.0440236" lon="32.5421745"/>
  <node id="13384178084" lat="39.0441986" lon="32.5420189"/>
  <node id="13384178085" lat="39.0438945" lon="32.5415575"/>
  <node id="13384178086" lat="39.0436695" lon="32.5411820"/>
  <node id="13384178087" lat="39.0435820" lon="32.5410801"/>
  <node id="13384178088" lat="39.0434487" lon="32.5410265"/>
  <node id="13384178047" lat="39.0426487" lon="32.5513154"/>
  <node id="13384178048" lat="39.0428529" lon="32.5508380"/>
  <node id="13384178049" lat="39.0430029" lon="32.5506502"/>
  <node id="13384178026" lat="39.0427320" lon="32.5581711"/>
  <node id="13384178027" lat="39.0429320" lon="32.5575113"/>
  <node id="13384178034" lat="39.0429487" lon="32.5553709"/>
  <node id="13384178035" lat="39.0428404" lon="32.5553709"/>
  <node id="13384178036" lat="39.0427820" lon="32.5552958"/>
  <node id="13384178037" lat="39.0427612" lon="32.5551403"/>
  <node id="13384178038" lat="39.0429570" lon="32.5541156"/>
  <node id="13384178039" lat="39.0430154" lon="32.5537670"/>
  <node id="13384178040" lat="39.0430195" lon="32.5535041"/>
  <node id="13384178041" lat="39.0429279" lon="32.5534236"/>
  <node id="13384178042" lat="39.0426570" lon="32.5533915"/>
  <node id="13384178043" lat="39.0427904" lon="32.5526994"/>
  <node id="13384178044" lat="39.0428445" lon="32.5523454"/>
  <node id="13384178045" lat="39.0428779" lon="32.5519162"/>
  <node id="13384178046" lat="39.0426362" lon="32.5517392"/>
  <node id="13384178050" lat="39.0434612" lon="32.5505000"/>
  <node id="13384178051" lat="39.0437445" lon="32.5504303"/>
  <node id="13384178052" lat="39.0440486" lon="32.5504732"/>
  <node id="13384178053" lat="39.0442361" lon="32.5505322"/>
  <node id="13384178054" lat="39.0444278" lon="32.5505912"/>
  <node id="13384178055" lat="39.0449485" lon="32.5507307"/>
  <node id="13384178056" lat="39.0451235" lon="32.5506878"/>
  <node id="13384178057" lat="39.0451610" lon="32.5506449"/>
  <node id="13384178058" lat="39.0453610" lon="32.5502211"/>
  <node id="13384178059" lat="39.0455860" lon="32.5497705"/>
  <node id="13384178060" lat="39.0458110" lon="32.5492662"/>
  <node id="13384178061" lat="39.0460109" lon="32.5490355"/>
  <node id="13384178062" lat="39.0461193" lon="32.5487834"/>
  <node id="13384178063" lat="39.0458984" lon="32.5484776"/>
  <node id="13384178064" lat="39.0451110" lon="32.5481075"/>
  <node id="13384178065" lat="39.0442611" lon="32.5477964"/>
  <node id="13384178066" lat="39.0443944" lon="32.5472760"/>
  <node id="13384178067" lat="39.0448985" lon="32.5474316"/>
  <node id="13384178068" lat="39.0452610" lon="32.5475603"/>
  <node id="13384178069" lat="39.0454110" lon="32.5467503"/>
  <node id="13384178070" lat="39.0454985" lon="32.5463748"/>
  <node id="13384178071" lat="39.0455735" lon="32.5459993"/>
  <node id="13384178072" lat="39.0456401" lon="32.5457954"/>
  <node id="13384178073" lat="39.0459401" lon="32.5460476"/>
  <node id="13384178074" lat="39.0463067" lon="32.5452536"/>
  <node id="13384178028" lat="39.0432403" lon="32.5565672"/>
  <node id="13384178029" lat="39.0433278" lon="32.5562239"/>
  <node id="13384178030" lat="39.0434528" lon="32.5559127"/>
  <node id="13384178031" lat="39.0435195" lon="32.5556445"/>
  <node id="13384178032" lat="39.0434195" lon="32.5555587"/>
  <node id="13384178033" lat="39.0432112" lon="32.5554675"/>
  <node id="13384178000" lat="39.0361321" lon="32.5705737"/>
  <node id="13384178001" lat="39.0363696" lon="32.5704771"/>
  <node id="7365571379" lat="39.0266999" lon="32.5747123"/>
  <node id="12373421811" lat="39.0260113" lon="32.5775622"/>
  <node id="12373421812" lat="39.0259609" lon="32.5772953"/>
  <node id="12373421813" lat="39.0260077" lon="32.5770139"/>
  <node id="13384177958" lat="39.0263540" lon="32.5761715"/>
  <node id="13384177959" lat="39.0267729" lon="32.5749913"/>
  <node id="13384177960" lat="39.0267395" lon="32.5746185"/>
  <node id="13384177961" lat="39.0268937" lon="32.5729769"/>
  <node id="13384177962" lat="39.0273605" lon="32.5731593"/>
  <node id="13384177963" lat="39.0275605" lon="32.5732076"/>
  <node id="13384177964" lat="39.0278105" lon="32.5732559"/>
  <node id="13384177965" lat="39.0279147" lon="32.5731701"/>
  <node id="13384177966" lat="39.0279397" lon="32.5728428"/>
  <node id="13384177967" lat="39.0279689" lon="32.5727087"/>
  <node id="13384177968" lat="39.0281147" lon="32.5726604"/>
  <node id="13384177969" lat="39.0283106" lon="32.5725532"/>
  <node id="13384177970" lat="39.0286898" lon="32.5724351"/>
  <node id="13384177971" lat="39.0289107" lon="32.5723386"/>
  <node id="13384177972" lat="39.0292024" lon="32.5719792"/>
  <node id="13384177973" lat="39.0294399" lon="32.5717485"/>
  <node id="13384177974" lat="39.0296149" lon="32.5717431"/>
  <node id="13384177975" lat="39.0299191" lon="32.5717324"/>
  <node id="7365571376" lat="39.0266267" lon="32.5814512"/>
  <node id="7365571377" lat="39.0269577" lon="32.5814186"/>
  <node id="7365571378" lat="39.0264417" lon="32.5788547"/>
  <node id="12373421809" lat="39.0262998" lon="32.5784355"/>
  <node id="12373421810" lat="39.0261716" lon="32.5780591"/>
  <node id="13384177976" lat="39.0300442" lon="32.5718558"/>
  <node id="13384177977" lat="39.0300483" lon="32.5720704"/>
  <node id="13384177978" lat="39.0301692" lon="32.5721830"/>
  <node id="13384177979" lat="39.0303775" lon="32.5722527"/>
  <node id="13384177980" lat="39.0306567" lon="32.5722420"/>
  <node id="13384177981" lat="39.0312193" lon="32.5723600"/>
  <node id="13384177982" lat="39.0324319" lon="32.5727409"/>
  <node id="13384177983" lat="39.0334111" lon="32.5729930"/>
  <node id="13384177984" lat="39.0333195" lon="32.5738996"/>
  <node id="13384177985" lat="39.0332070" lon="32.5743234"/>
  <node id="13384177986" lat="39.0338362" lon="32.5743717"/>
  <node id="13384177987" lat="39.0342237" lon="32.5746077"/>
  <node id="13384177988" lat="39.0348737" lon="32.5745809"/>
  <node id="13384177989" lat="39.0349404" lon="32.5741142"/>
  <node id="13384177990" lat="39.0349946" lon="32.5737172"/>
  <node id="13384177991" lat="39.0350779" lon="32.5732022"/>
  <node id="13384177992" lat="39.0351446" lon="32.5729501"/>
  <node id="13384177993" lat="39.0355363" lon="32.5720006"/>
  <node id="13384177994" lat="39.0352904" lon="32.5725424"/>
  <node id="13384177995" lat="39.0354238" lon="32.5722527"/>
  <node id="13384177996" lat="39.0356279" lon="32.5718772"/>
  <node id="13384177997" lat="39.0357779" lon="32.5716466"/>
  <node id="13384177998" lat="39.0359321" lon="32.5715285"/>
  <node id="13384177999" lat="39.0361530" lon="32.5715071"/>
  <node id="13384178018" lat="39.0396155" lon="32.5646889"/>
  <node id="13384178019" lat="39.0397280" lon="32.5644958"/>
  <node id="13384178020" lat="39.0403488" lon="32.5632191"/>
  <node id="13384178021" lat="39.0407196" lon="32.5625700"/>
  <node id="13384178022" lat="39.0413446" lon="32.5615132"/>
  <node id="13384178023" lat="39.0419154" lon="32.5605154"/>
  <node id="13384178024" lat="39.0420779" lon="32.5601613"/>
  <node id="13384178025" lat="39.0424112" lon="32.5592762"/>
  <node id="13384178002" lat="39.0367905" lon="32.5703698"/>
  <node id="13384178003" lat="39.0370530" lon="32.5702679"/>
  <node id="13384178004" lat="39.0373113" lon="32.5701231"/>
  <node id="13384178005" lat="39.0373905" lon="32.5697100"/>
  <node id="13384178006" lat="39.0375947" lon="32.5688732"/>
  <node id="13384178007" lat="39.0377322" lon="32.5680578"/>
  <node id="13384178008" lat="39.0380322" lon="32.5663251"/>
  <node id="13384178009" lat="39.0377572" lon="32.5662070"/>
  <node id="13384178010" lat="39.0378238" lon="32.5659174"/>
  <node id="13384178011" lat="39.0379780" lon="32.5655419"/>
  <node id="13384178012" lat="39.0380530" lon="32.5655043"/>
  <node id="13384178013" lat="39.0381155" lon="32.5655043"/>
  <node id="13384178014" lat="39.0382530" lon="32.5655472"/>
  <node id="13384178015" lat="39.0386363" lon="32.5657028"/>
  <node id="13384178016" lat="39.0391822" lon="32.5659603"/>
  <node id="13384178017" lat="39.0394780" lon="32.5651449"/>
  <node id="7365571371" lat="39.0242993" lon="32.5905551"/>
  <node id="7365571372" lat="39.0265586" lon="32.5856270"/>
  <node id="7365571373" lat="39.0270069" lon="32.5856713"/>
  <node id="12373421807" lat="39.0261087" lon="32.5900321"/>
  <node id="12373421808" lat="39.0271092" lon="32.5900664"/>
  <node id="7365571368" lat="39.0244620" lon="32.5968060"/>
  <node id="7365571370" lat="39.0243349" lon="32.5934019"/>
  <node id="12373421805" lat="39.0244274" lon="32.5949451"/>
  <node id="12373421806" lat="39.0239869" lon="32.5933173"/>
  <node id="12373421766" lat="39.0245917" lon="32.6041322"/>
  <node id="12373421767" lat="39.0255153" lon="32.6003258"/>
  <node id="12373421768" lat="39.0246718" lon="32.6002078"/>
  <node id="12373421769" lat="39.0244881" lon="32.5987651"/>
  <node id="12373421770" lat="39.0243527" lon="32.5985971"/>
  <node id="12879409780" lat="39.0299775" lon="32.6028085"/>
  <node id="12879409781" lat="39.0297358" lon="32.6030230"/>
  <node id="12879409782" lat="39.0293024" lon="32.6033986"/>
  <node id="12879409783" lat="39.0290440" lon="32.6036453"/>
  <node id="12879409784" lat="39.0288190" lon="32.6039672"/>
  <node id="12879409785" lat="39.0285273" lon="32.6040959"/>
  <node id="973502277" lat="39.0254394" lon="32.6044100"/>
  <node id="7365571363" lat="39.0263937" lon="32.6061128"/>
  <node id="7365571364" lat="39.0262718" lon="32.6059706"/>
  <node id="7365571365" lat="39.0259749" lon="32.6051481"/>
  <node id="7365571366" lat="39.0256711" lon="32.6046033"/>
  <node id="12373421742" lat="39.0255255" lon="32.6044590"/>
  <node id="12373421743" lat="39.0258281" lon="32.6048104"/>
  <node id="12373421744" lat="39.0268086" lon="32.6061018"/>
  <node id="12879409786" lat="39.0281356" lon="32.6042676"/>
  <node id="12879409787" lat="39.0280272" lon="32.6044392"/>
  <node id="12879409788" lat="39.0279439" lon="32.6048469"/>
  <node id="12879409789" lat="39.0279439" lon="32.6052439"/>
  <node id="12879409790" lat="39.0278939" lon="32.6056838"/>
  <node id="12879409791" lat="39.0278105" lon="32.6059949"/>
  <node id="12879409792" lat="39.0277105" lon="32.6062202"/>
  <node id="12879409793" lat="39.0276105" lon="32.6063812"/>
  <node id="12879409794" lat="39.0273355" lon="32.6061666"/>
  <node id="12879409795" lat="39.0271021" lon="32.6060700"/>
  <node id="12879409775" lat="39.0314527" lon="32.6039028"/>
  <node id="12879409776" lat="39.0312110" lon="32.6035917"/>
  <node id="12879409777" lat="39.0308026" lon="32.6031196"/>
  <node id="12879409778" lat="39.0305692" lon="32.6028192"/>
  <node id="12879409779" lat="39.0302525" lon="32.6025295"/>
  <node id="12879409758" lat="39.0365113" lon="32.6091277"/>
  <node id="12879409759" lat="39.0353779" lon="32.6097608"/>
  <node id="12879409760" lat="39.0349112" lon="32.6100719"/>
  <node id="12879409761" lat="39.0348196" lon="32.6097929"/>
  <node id="12879409762" lat="39.0347529" lon="32.6093852"/>
  <node id="12879409763" lat="39.0346029" lon="32.6089561"/>
  <node id="12879409764" lat="39.0342529" lon="32.6079905"/>
  <node id="12879409765" lat="39.0337028" lon="32.6068854"/>
  <node id="12879409766" lat="39.0336112" lon="32.6066387"/>
  <node id="12879409767" lat="39.0334195" lon="32.6067781"/>
  <node id="12879409768" lat="39.0331861" lon="32.6063490"/>
  <node id="12879409769" lat="39.0329111" lon="32.6059413"/>
  <node id="12879409770" lat="39.0328111" lon="32.6057053"/>
  <node id="12879409771" lat="39.0325194" lon="32.6053834"/>
  <node id="12879409772" lat="39.0322277" lon="32.6050830"/>
  <node id="12879409773" lat="39.0318360" lon="32.6046324"/>
  <node id="12879409774" lat="39.0316443" lon="32.6042569"/>
  <node id="12879409752" lat="39.0391280" lon="32.6090526"/>
  <node id="12879409753" lat="39.0390280" lon="32.6089454"/>
  <node id="12879409754" lat="39.0388363" lon="32.6086557"/>
  <node id="12879409755" lat="39.0386363" lon="32.6086986"/>
  <node id="12879409756" lat="39.0375780" lon="32.6087952"/>
  <node id="12879409757" lat="39.0370613" lon="32.6088595"/>
  <node id="12879409746" lat="39.0430529" lon="32.6124322"/>
  <node id="12879409747" lat="39.0426945" lon="32.6122928"/>
  <node id="12879409748" lat="39.0424112" lon="32.6121640"/>
  <node id="12879409749" lat="39.0422112" lon="32.6120031"/>
  <node id="12879409750" lat="39.0417946" lon="32.6115954"/>
  <node id="12879409751" lat="39.0412613" lon="32.6109946"/>
  <node id="12879409731" lat="39.0490939" lon="32.6149320"/>
  <node id="12879409732" lat="39.0488356" lon="32.6147711"/>
  <node id="12879409733" lat="39.0482023" lon="32.6152646"/>
  <node id="12879409734" lat="39.0480024" lon="32.6154685"/>
  <node id="12879409735" lat="39.0479190" lon="32.6152539"/>
  <node id="12879409736" lat="39.0477607" lon="32.6149964"/>
  <node id="12879409737" lat="39.0474191" lon="32.6146960"/>
  <node id="12879409738" lat="39.0471441" lon="32.6144063"/>
  <node id="12879409739" lat="39.0463276" lon="32.6141274"/>
  <node id="12879409740" lat="39.0458776" lon="32.6139665"/>
  <node id="12879409741" lat="39.0452527" lon="32.6135373"/>
  <node id="12879409742" lat="39.0450110" lon="32.6133442"/>
  <node id="12879409743" lat="39.0445194" lon="32.6131189"/>
  <node id="12879409744" lat="39.0440195" lon="32.6128721"/>
  <node id="12879409745" lat="39.0433862" lon="32.6126253"/>
  <node id="12879409717" lat="39.0555343" lon="32.6168525"/>
  <node id="12879409729" lat="39.0519351" lon="32.6169383"/>
  <node id="12879409730" lat="39.0510686" lon="32.6159727"/>
  <node id="12879409718" lat="39.0555509" lon="32.6173675"/>
  <node id="12879409719" lat="39.0555509" lon="32.6182258"/>
  <node id="12879409720" lat="39.0554760" lon="32.6201892"/>
  <node id="12879409721" lat="39.0554843" lon="32.6208544"/>
  <node id="12879409722" lat="39.0556259" lon="32.6228285"/>
  <node id="12879409723" lat="39.0555010" lon="32.6228070"/>
  <node id="12879409724" lat="39.0524350" lon="32.6225495"/>
  <node id="12879409725" lat="39.0518684" lon="32.6225603"/>
  <node id="12879409726" lat="39.0518018" lon="32.6224637"/>
  <node id="12879409727" lat="39.0521517" lon="32.6214766"/>
  <node id="12879409728" lat="39.0522183" lon="32.6187086"/>
  <node id="12879409711" lat="39.0578920" lon="32.6165521"/>
  <node id="12879409712" lat="39.0578587" lon="32.6163912"/>
  <node id="12879409713" lat="39.0577837" lon="32.6162624"/>
  <node id="12879409714" lat="39.0568090" lon="32.6162302"/>
  <node id="12879409715" lat="39.0567506" lon="32.6163268"/>
  <node id="12879409716" lat="39.0564007" lon="32.6170349"/>
  <node id="12879409698" lat="39.0627322" lon="32.6191592"/>
  <node id="12879409700" lat="39.0626989" lon="32.6201141"/>
  <node id="12879409701" lat="39.0622157" lon="32.6195025"/>
  <node id="12879409702" lat="39.0618325" lon="32.6190197"/>
  <node id="12879409703" lat="39.0612827" lon="32.6184404"/>
  <node id="12879409704" lat="39.0610744" lon="32.6179469"/>
  <node id="12879409705" lat="39.0607995" lon="32.6175070"/>
  <node id="12879409706" lat="39.0605579" lon="32.6175713"/>
  <node id="12879409707" lat="39.0598414" lon="32.6176679"/>
  <node id="12879409708" lat="39.0584502" lon="32.6177645"/>
  <node id="12879409709" lat="39.0579170" lon="32.6178503"/>
  <node id="12879409710" lat="39.0577504" lon="32.6175821"/>
  <node id="12879409691" lat="39.0685300" lon="32.6219058"/>
  <node id="12879409692" lat="39.0670972" lon="32.6213372"/>
  <node id="12879409693" lat="39.0657727" lon="32.6208651"/>
  <node id="12879409694" lat="39.0650314" lon="32.6204789"/>
  <node id="12879409695" lat="39.0640567" lon="32.6198351"/>
  <node id="12879409696" lat="39.0636902" lon="32.6196742"/>
  <node id="12879409697" lat="39.0632237" lon="32.6194060"/>
  <node id="12879409699" lat="39.0630904" lon="32.6197600"/>
  <node id="12879409686" lat="39.0736609" lon="32.6238048"/>
  <node id="12879409687" lat="39.0731029" lon="32.6235473"/>
  <node id="12879409688" lat="39.0723615" lon="32.6232576"/>
  <node id="12879409689" lat="39.0713370" lon="32.6228607"/>
  <node id="12879409690" lat="39.0697378" lon="32.6223028"/>
  <node id="12879409676" lat="39.0756016" lon="32.6263261"/>
  <node id="12879409677" lat="39.0755016" lon="32.6259935"/>
  <node id="12879409678" lat="39.0750935" lon="32.6251352"/>
  <node id="12879409679" lat="39.0749852" lon="32.6252854"/>
  <node id="12879409680" lat="39.0749020" lon="32.6248348"/>
  <node id="12879409681" lat="39.0748603" lon="32.6245880"/>
  <node id="12879409682" lat="39.0747437" lon="32.6242018"/>
  <node id="12879409683" lat="39.0745938" lon="32.6242876"/>
  <node id="12879409684" lat="39.0741523" lon="32.6239335"/>
  <node id="12879409685" lat="39.0739608" lon="32.6238692"/>
  <node id="12879409671" lat="39.0808944" lon="32.6293248"/>
  <node id="12879409674" lat="39.0768009" lon="32.6288688"/>
  <node id="12879409675" lat="39.0763095" lon="32.6281178"/>
  <node id="12879409670" lat="39.0780815" lon="32.6309717"/>
  <node id="12879409672" lat="39.0780815" lon="32.6310655"/>
  <node id="12879409673" lat="39.0778691" lon="32.6306605"/>
  <node id="12879409657" lat="39.0887185" lon="32.6246738"/>
  <node id="12879409658" lat="39.0887851" lon="32.6244807"/>
  <node id="12879409659" lat="39.0884687" lon="32.6243198"/>
  <node id="12879409660" lat="39.0883354" lon="32.6247167"/>
  <node id="12879409661" lat="39.0882438" lon="32.6249313"/>
  <node id="12879409662" lat="39.0881022" lon="32.6251888"/>
  <node id="12879409663" lat="39.0879690" lon="32.6253605"/>
  <node id="12879409664" lat="39.0878274" lon="32.6253712"/>
  <node id="12879409665" lat="39.0877108" lon="32.6254141"/>
  <node id="12879409666" lat="39.0848295" lon="32.6270449"/>
  <node id="12879409667" lat="39.0848211" lon="32.6272380"/>
  <node id="12879409668" lat="39.0832055" lon="32.6278496"/>
  <node id="12879409669" lat="39.0832388" lon="32.6280105"/>
  <node id="12879409650" lat="39.0917746" lon="32.6231718"/>
  <node id="12879409651" lat="39.0921576" lon="32.6223886"/>
  <node id="12879409652" lat="39.0925989" lon="32.6215303"/>
  <node id="12879409653" lat="39.0928987" lon="32.6207578"/>
  <node id="12879409654" lat="39.0925323" lon="32.6212728"/>
  <node id="12879409655" lat="39.0920327" lon="32.6221311"/>
  <node id="12879409656" lat="39.0915747" lon="32.6227534"/>
  <node id="12879409634" lat="39.0952968" lon="32.6287186"/>
  <node id="12879409635" lat="39.0945391" lon="32.6290405"/>
  <node id="12879409636" lat="39.0937814" lon="32.6293838"/>
  <node id="12879409637" lat="39.0930986" lon="32.6294911"/>
  <node id="12879409638" lat="39.0923241" lon="32.6294911"/>
  <node id="12879409639" lat="39.0916080" lon="32.6296306"/>
  <node id="12879409640" lat="39.0910168" lon="32.6298559"/>
  <node id="12879409641" lat="39.0904256" lon="32.6298880"/>
  <node id="12879409642" lat="39.0904589" lon="32.6291585"/>
  <node id="12879409643" lat="39.0905422" lon="32.6285684"/>
  <node id="12879409644" lat="39.0906088" lon="32.6282465"/>
  <node id="12879409645" lat="39.0908586" lon="32.6275277"/>
  <node id="12879409646" lat="39.0910751" lon="32.6269698"/>
  <node id="12879409647" lat="39.0911417" lon="32.6255214"/>
  <node id="12879409648" lat="39.0912666" lon="32.6244378"/>
  <node id="12879409649" lat="39.0914748" lon="32.6238906"/>
  <node id="12879409621" lat="39.1018079" lon="32.6266694"/>
  <node id="12879409622" lat="39.1016081" lon="32.6258969"/>
  <node id="12879409623" lat="39.1013334" lon="32.6260579"/>
  <node id="12879409624" lat="39.1007922" lon="32.6262081"/>
  <node id="12879409625" lat="39.1004675" lon="32.6263797"/>
  <node id="12879409626" lat="39.0999346" lon="32.6265836"/>
  <node id="12879409627" lat="39.0995433" lon="32.6267445"/>
  <node id="12879409628" lat="39.0990937" lon="32.6268411"/>
  <node id="12879409629" lat="39.0985941" lon="32.6270020"/>
  <node id="12879409630" lat="39.0982860" lon="32.6272166"/>
  <node id="12879409631" lat="39.0980029" lon="32.6272380"/>
  <node id="12879409632" lat="39.0972036" lon="32.6275706"/>
  <node id="12879409633" lat="39.0963043" lon="32.6281285"/>
  <node id="12879409620" lat="39.1021993" lon="32.6288795"/>
  <node id="12879409617" lat="39.1043639" lon="32.6350272"/>
  <node id="12879409618" lat="39.1038477" lon="32.6336539"/>
  <node id="12879409619" lat="39.1031567" lon="32.6315081"/>
  <node id="12879409611" lat="39.1053214" lon="32.6433635"/>
  <node id="12879409612" lat="39.1061206" lon="32.6428914"/>
  <node id="12879409613" lat="39.1064786" lon="32.6426554"/>
  <node id="12879409614" lat="39.1069615" lon="32.6421833"/>
  <node id="12879409615" lat="39.1062122" lon="32.6401770"/>
  <node id="12879409616" lat="39.1057959" lon="32.6390076"/>
  <node id="12879409606" lat="39.1082852" lon="32.6488352"/>
  <node id="12879409607" lat="39.1041225" lon="32.6446724"/>
  <node id="12879409608" lat="39.1041225" lon="32.6445222"/>
  <node id="12879409609" lat="39.1043390" lon="32.6442432"/>
  <node id="12879409610" lat="39.1049800" lon="32.6436961"/>
  <node id="12879409602" lat="39.1079105" lon="32.6556373"/>
  <node id="12879409603" lat="39.1078772" lon="32.6523864"/>
  <node id="12879409595" lat="39.1080104" lon="32.6611841"/>
  <node id="12879409596" lat="39.1074193" lon="32.6583731"/>
  <node id="12879409597" lat="39.1069531" lon="32.6585448"/>
  <node id="12879409598" lat="39.1065285" lon="32.6585770"/>
  <node id="12879409599" lat="39.1065202" lon="32.6584160"/>
  <node id="12879409600" lat="39.1069282" lon="32.6581693"/>
  <node id="12879409601" lat="39.1071613" lon="32.6574933"/>
  <node id="12879409604" lat="39.1126058" lon="32.6540494"/>
  <node id="12879409605" lat="39.1099918" lon="32.6513135"/>
  <node id="12879409582" lat="39.1123061" lon="32.6759255"/>
  <node id="12879409583" lat="39.1126141" lon="32.6751959"/>
  <node id="12879409584" lat="39.1140209" lon="32.6753139"/>
  <node id="12879409585" lat="39.1135131" lon="32.6745736"/>
  <node id="12879409586" lat="39.1127306" lon="32.6745522"/>
  <node id="12879409587" lat="39.1122478" lon="32.6749170"/>
  <node id="12879409588" lat="39.1119648" lon="32.6750886"/>
  <node id="12879409589" lat="39.1115818" lon="32.6741552"/>
  <node id="12879409590" lat="39.1133966" lon="32.6732433"/>
  <node id="12879409591" lat="39.1133550" lon="32.6729107"/>
  <node id="12879409592" lat="39.1132218" lon="32.6725995"/>
  <node id="12879409593" lat="39.1130137" lon="32.6710868"/>
  <node id="12879409594" lat="39.1125808" lon="32.6712799"/>
  <node id="12879409553" lat="39.1084433" lon="32.6891971"/>
  <node id="12879409566" lat="39.1092925" lon="32.6823199"/>
  <node id="12879409567" lat="39.1092342" lon="32.6813328"/>
  <node id="12879409568" lat="39.1091093" lon="32.6799488"/>
  <node id="12879409569" lat="39.1095089" lon="32.6798630"/>
  <node id="12879409570" lat="39.1094007" lon="32.6789617"/>
  <node id="12879409571" lat="39.1097837" lon="32.6790476"/>
  <node id="12879409572" lat="39.1100667" lon="32.6788759"/>
  <node id="12879409573" lat="39.1098503" lon="32.6778245"/>
  <node id="12879409574" lat="39.1096588" lon="32.6768803"/>
  <node id="12879409575" lat="39.1099835" lon="32.6766443"/>
  <node id="12879409576" lat="39.1100501" lon="32.6770842"/>
  <node id="12879409577" lat="39.1107327" lon="32.6767516"/>
  <node id="12879409578" lat="39.1110157" lon="32.6776743"/>
  <node id="12879409579" lat="39.1112155" lon="32.6776850"/>
  <node id="12879409580" lat="39.1112988" lon="32.6767945"/>
  <node id="12879409581" lat="39.1120064" lon="32.6765799"/>
  <node id="12879409554" lat="39.1087514" lon="32.6880813"/>
  <node id="12879409555" lat="39.1091260" lon="32.6873410"/>
  <node id="12879409556" lat="39.1092675" lon="32.6870406"/>
  <node id="12879409557" lat="39.1092675" lon="32.6863539"/>
  <node id="12879409558" lat="39.1092675" lon="32.6855707"/>
  <node id="12879409559" lat="39.1093091" lon="32.6852596"/>
  <node id="12879409560" lat="39.1096005" lon="32.6847875"/>
  <node id="12879409561" lat="39.1097504" lon="32.6844013"/>
  <node id="12879409562" lat="39.1098336" lon="32.6841760"/>
  <node id="12879409563" lat="39.1096338" lon="32.6839614"/>
  <node id="12879409564" lat="39.1092259" lon="32.6837683"/>
  <node id="12879409565" lat="39.1092925" lon="32.6829958"/>
  <node id="12879409537" lat="39.1085932" lon="32.6923782"/>
  <node id="12879409538" lat="39.1085162" lon="32.6923996"/>
  <node id="12879409539" lat="39.1084246" lon="32.6925150"/>
  <node id="12879409540" lat="39.1083871" lon="32.6925954"/>
  <node id="12879409541" lat="39.1085391" lon="32.6909351"/>
  <node id="12879409543" lat="39.1082664" lon="32.6927242"/>
  <node id="12879409544" lat="39.1084433" lon="32.6923031"/>
  <node id="12879409545" lat="39.1084933" lon="32.6920509"/>
  <node id="12879409546" lat="39.1085932" lon="32.6917076"/>
  <node id="12879409547" lat="39.1085849" lon="32.6914394"/>
  <node id="12879409548" lat="39.1085349" lon="32.6911068"/>
  <node id="12879409550" lat="39.1085557" lon="32.6904362"/>
  <node id="12879409551" lat="39.1083934" lon="32.6902377"/>
  <node id="12879409552" lat="39.1083268" lon="32.6899695"/>
  <node id="12879409528" lat="39.1147118" lon="32.6952374"/>
  <node id="12879409529" lat="39.1144704" lon="32.6939070"/>
  <node id="12879409530" lat="39.1135298" lon="32.6937139"/>
  <node id="12879409531" lat="39.1122395" lon="32.6933169"/>
  <node id="12879409532" lat="39.1118732" lon="32.6932740"/>
  <node id="12879409533" lat="39.1104830" lon="32.6929736"/>
  <node id="12879409534" lat="39.1098752" lon="32.6929092"/>
  <node id="12879409535" lat="39.1093924" lon="32.6927483"/>
  <node id="12879409536" lat="39.1090427" lon="32.6926035"/>
  <node id="12879409542" lat="39.1086307" lon="32.6907742"/>
  <node id="12879409549" lat="39.1086348" lon="32.6905811"/>
  <node id="12879409525" lat="39.1149782" lon="32.6969647"/>
  <node id="12879409526" lat="39.1148950" lon="32.6967609"/>
  <node id="12879409527" lat="39.1148034" lon="32.6962674"/>
  <node id="12879409513" lat="39.1159272" lon="32.7021897"/>
  <node id="12879409514" lat="39.1158856" lon="32.7016747"/>
  <node id="12879409515" lat="39.1159438" lon="32.7008378"/>
  <node id="12879409516" lat="39.1158606" lon="32.6999152"/>
  <node id="12879409517" lat="39.1157191" lon="32.6993573"/>
  <node id="12879409518" lat="39.1161020" lon="32.6992607"/>
  <node id="12879409519" lat="39.1161020" lon="32.6991320"/>
  <node id="12879409520" lat="39.1159105" lon="32.6987994"/>
  <node id="12879409521" lat="39.1157607" lon="32.6984131"/>
  <node id="12879409522" lat="39.1156691" lon="32.6979840"/>
  <node id="12879409523" lat="39.1157607" lon="32.6973081"/>
  <node id="12879409524" lat="39.1157690" lon="32.6966751"/>
  <node id="12879409506" lat="39.1162269" lon="32.7087128"/>
  <node id="12879409507" lat="39.1162102" lon="32.7079725"/>
  <node id="12879409508" lat="39.1162768" lon="32.7067709"/>
  <node id="12879409509" lat="39.1162602" lon="32.7055478"/>
  <node id="12879409510" lat="39.1161436" lon="32.7044749"/>
  <node id="12879409511" lat="39.1159938" lon="32.7036703"/>
  <node id="12879409512" lat="39.1159272" lon="32.7025759"/>
  <node id="12879409499" lat="39.1165432" lon="32.7153218"/>
  <node id="12879409500" lat="39.1165432" lon="32.7144205"/>
  <node id="12879409501" lat="39.1165432" lon="32.7134764"/>
  <node id="12879409502" lat="39.1164932" lon="32.7126181"/>
  <node id="12879409503" lat="39.1163933" lon="32.7118564"/>
  <node id="12879409504" lat="39.1163933" lon="32.7106547"/>
  <node id="12879409505" lat="39.1163184" lon="32.7096248"/>
  <node id="7365572454" lat="39.5436984" lon="31.8983745"/>
  <node id="7365572453" lat="39.5421760" lon="31.9094466"/>
  <node id="7365572451" lat="39.5405875" lon="31.9208621"/>
  <node id="7365572450" lat="39.5406537" lon="31.9267844"/>
  <node id="7365572452" lat="39.5413818" lon="31.9173431"/>
  <node id="151021554" lat="39.5074488" lon="31.9726526"/>
  <node id="7721524298" lat="39.5051997" lon="31.9805574"/>
  <node id="7721524299" lat="39.5067559" lon="31.9761586"/>
  <node id="7721524300" lat="39.5123846" lon="31.9663954"/>
  <node id="7721524301" lat="39.5173342" lon="31.9646573"/>
  <node id="7721524302" lat="39.5180956" lon="31.9646787"/>
  <node id="7721524303" lat="39.5184101" lon="31.9644642"/>
  <node id="959404228" lat="39.5098220" lon="31.9690008"/>
  <node id="7365572446" lat="39.5378074" lon="31.9338225"/>
  <node id="7365572447" lat="39.5388665" lon="31.9320201"/>
  <node id="7365572448" lat="39.5380722" lon="31.9304751"/>
  <node id="7365572449" lat="39.5392637" lon="31.9296168"/>
  <node id="7365572445" lat="39.5384032" lon="31.9380282"/>
  <node id="7365572443" lat="39.5396608" lon="31.9468688"/>
  <node id="7365572444" lat="39.5391313" lon="31.9436072"/>
  <node id="7365572438" lat="39.5476033" lon="31.9464397"/>
  <node id="7365572440" lat="39.5438969" lon="31.9457530"/>
  <node id="7365572441" lat="39.5431027" lon="31.9486713"/>
  <node id="7365572442" lat="39.5417127" lon="31.9477271"/>
  <node id="7721524304" lat="39.5222337" lon="31.9651294"/>
  <node id="7721524305" lat="39.5229786" lon="31.9657302"/>
  <node id="7721524306" lat="39.5259909" lon="31.9700002"/>
  <node id="7721524307" lat="39.5269840" lon="31.9702577"/>
  <node id="7721524308" lat="39.5277122" lon="31.9704723"/>
  <node id="7721524309" lat="39.5290694" lon="31.9713735"/>
  <node id="7721524310" lat="39.5303934" lon="31.9723606"/>
  <node id="7721524311" lat="39.5308899" lon="31.9733047"/>
  <node id="7721524312" lat="39.5317174" lon="31.9735193"/>
  <node id="7721524313" lat="39.5323132" lon="31.9733047"/>
  <node id="7721524314" lat="39.5329751" lon="31.9730043"/>
  <node id="7721524317" lat="39.5466436" lon="31.9589710"/>
  <node id="7721524316" lat="39.5438969" lon="31.9624471"/>
  <node id="7721524315" lat="39.5356892" lon="31.9718885"/>
  <node id="7721524260" lat="39.4449593" lon="31.9927668"/>
  <node id="7721524261" lat="39.4474614" lon="31.9930887"/>
  <node id="7721524262" lat="39.4479585" lon="31.9937324"/>
  <node id="7721524263" lat="39.4496983" lon="31.9944405"/>
  <node id="7721524264" lat="39.4516700" lon="31.9943118"/>
  <node id="7721524265" lat="39.4543044" lon="31.9976806"/>
  <node id="7721524266" lat="39.4552819" lon="31.9976592"/>
  <node id="7721524267" lat="39.4646255" lon="31.9929170"/>
  <node id="7721524268" lat="39.4668287" lon="31.9925308"/>
  <node id="7721524269" lat="39.4689491" lon="31.9934535"/>
  <node id="7721524270" lat="39.4703073" lon="31.9934535"/>
  <node id="7721524271" lat="39.4721294" lon="31.9923806"/>
  <node id="7721524272" lat="39.4728251" lon="31.9920802"/>
  <node id="7721524273" lat="39.4732723" lon="31.9916510"/>
  <node id="7721524274" lat="39.4736864" lon="31.9908356"/>
  <node id="7721524275" lat="39.4747464" lon="31.9884538"/>
  <node id="7721524276" lat="39.4761709" lon="31.9873380"/>
  <node id="7721524277" lat="39.4792018" lon="31.9862222"/>
  <node id="7721524278" lat="39.4805765" lon="31.9865656"/>
  <node id="7721524279" lat="39.4823155" lon="31.9867158"/>
  <node id="7721524280" lat="39.4834251" lon="31.9874882"/>
  <node id="7721524281" lat="39.4838722" lon="31.9882178"/>
  <node id="7721524282" lat="39.4851805" lon="31.9908142"/>
  <node id="7721524283" lat="39.4865551" lon="31.9912004"/>
  <node id="7721524284" lat="39.4885589" lon="31.9909215"/>
  <node id="7721524285" lat="39.4896684" lon="31.9912004"/>
  <node id="7721524286" lat="39.4933114" lon="31.9934320"/>
  <node id="7721524287" lat="39.4938744" lon="31.9946122"/>
  <node id="7721524288" lat="39.4939572" lon="31.9968223"/>
  <node id="7721524289" lat="39.4944374" lon="31.9974232"/>
  <node id="7721524295" lat="39.5044215" lon="31.9871449"/>
  <node id="7721524296" lat="39.5046699" lon="31.9832396"/>
  <node id="7721524297" lat="39.5053818" lon="31.9819951"/>
  <node id="7721524292" lat="39.5024347" lon="31.9923162"/>
  <node id="7721524293" lat="39.5031301" lon="31.9910931"/>
  <node id="7721524294" lat="39.5039911" lon="31.9888186"/>
  <node id="7721524290" lat="39.4970205" lon="31.9979596"/>
  <node id="7721524291" lat="39.4977987" lon="31.9973802"/>
  <node id="8178720885" lat="39.5695248" lon="31.8929693"/>
  <node id="7365572455" lat="39.5748656" lon="31.8918513"/>
  <node id="7365572456" lat="39.5769165" lon="31.8956279"/>
  <node id="10989394799" lat="39.5750114" lon="31.8921198"/>
  <node id="10989394800" lat="39.5751826" lon="31.8924350"/>
  <node id="7365572457" lat="39.5769165" lon="31.8988036"/>
  <node id="7365572458" lat="39.5775119" lon="31.9013785"/>
  <node id="7365572466" lat="39.5936519" lon="31.8895339"/>
  <node id="7365572467" lat="39.5944455" lon="31.8876456"/>
  <node id="7365572470" lat="39.5964297" lon="31.8876456"/>
  <node id="7365572471" lat="39.5986122" lon="31.8854999"/>
  <node id="7365572472" lat="39.5980169" lon="31.8873881"/>
  <node id="7365572473" lat="39.5989428" lon="31.8889331"/>
  <node id="7365572462" lat="39.5882943" lon="31.8913364"/>
  <node id="7365572463" lat="39.5894188" lon="31.8932246"/>
  <node id="7365572464" lat="39.5904109" lon="31.8909072"/>
  <node id="7365572465" lat="39.5916676" lon="31.8914222"/>
  <node id="7365572461" lat="39.5882943" lon="31.9018935"/>
  <node id="7365572468" lat="39.5973556" lon="31.8907355"/>
  <node id="7365572469" lat="39.5982153" lon="31.8898772"/>
  <node id="7365572459" lat="39.5803565" lon="31.9060992"/>
  <node id="7365572460" lat="39.5843255" lon="31.9030952"/>
  <node id="7365572432" lat="39.5605741" lon="31.9389724"/>
  <node id="7365572433" lat="39.5583242" lon="31.9405173"/>
  <node id="7365572434" lat="39.5532287" lon="31.9437789"/>
  <node id="7365572435" lat="39.5513757" lon="31.9436072"/>
  <node id="7365572436" lat="39.5513095" lon="31.9460105"/>
  <node id="7365572437" lat="39.5493902" lon="31.9477271"/>
  <node id="7365572439" lat="39.5478680" lon="31.9442939"/>
  <node id="7721524319" lat="39.5498535" lon="31.9548511"/>
  <node id="7721524320" lat="39.5574309" lon="31.9503021"/>
  <node id="7721524321" lat="39.5592175" lon="31.9488859"/>
  <node id="7365572429" lat="39.5648751" lon="31.9422340"/>
  <node id="7365572430" lat="39.5645443" lon="31.9394874"/>
  <node id="7365572431" lat="39.5628900" lon="31.9382857"/>
  <node id="7365572428" lat="39.5629231" lon="31.9478559"/>
  <node id="7721524318" lat="39.5483644" lon="31.9565677"/>
  <node id="7365572474" lat="39.6020511" lon="31.8891048"/>
  <node id="7365572475" lat="39.6024479" lon="31.8941688"/>
  <node id="7365572476" lat="39.6064157" lon="31.8964862"/>
  <node id="7365572477" lat="39.6092591" lon="31.8952846"/>
  <node id="7365572478" lat="39.6114412" lon="31.8941688"/>
  <node id="7365572479" lat="39.6135571" lon="31.8954562"/>
  <node id="7365572480" lat="39.6151439" lon="31.9030952"/>
  <node id="7365572481" lat="39.6237389" lon="31.9327926"/>
  <node id="7365572482" lat="39.6253917" lon="31.9341659"/>
  <node id="7365572483" lat="39.6272427" lon="31.9346809"/>
  <node id="7365572484" lat="39.6301514" lon="31.9385432"/>
  <node id="7365572485" lat="39.6345142" lon="31.9436072"/>
  <node id="7365572486" lat="39.6362328" lon="31.9434356"/>
  <node id="7365572487" lat="39.6396037" lon="31.9406032"/>
  <node id="7721524331" lat="39.6715536" lon="31.8829036"/>
  <node id="7721524332" lat="39.6714711" lon="31.8820023"/>
  <node id="7721524333" lat="39.6714711" lon="31.8813371"/>
  <node id="7721524338" lat="39.6714215" lon="31.8767237"/>
  <node id="7721524324" lat="39.6693900" lon="31.8873668"/>
  <node id="7721524325" lat="39.6698029" lon="31.8867874"/>
  <node id="7721524326" lat="39.6702654" lon="31.8862939"/>
  <node id="7721524327" lat="39.6706287" lon="31.8859505"/>
  <node id="7721524328" lat="39.6708599" lon="31.8854999"/>
  <node id="7721524329" lat="39.6711903" lon="31.8845343"/>
  <node id="7721524330" lat="39.6711738" lon="31.8839979"/>
  <node id="7721524334" lat="39.6728749" lon="31.8808436"/>
  <node id="7721524335" lat="39.6731722" lon="31.8801999"/>
  <node id="7721524336" lat="39.6734365" lon="31.8789124"/>
  <node id="7721524337" lat="39.6727923" lon="31.8783331"/>
  <node id="7721524323" lat="39.6689440" lon="31.8915081"/>
  <node id="7365572493" lat="39.6690762" lon="31.9021939"/>
  <node id="7365572494" lat="39.6701993" lon="31.8998765"/>
  <node id="7721524322" lat="39.6686302" lon="31.8964648"/>
  <node id="7721524378" lat="39.6688119" lon="31.8969154"/>
  <node id="7721524379" lat="39.6702323" lon="31.8982458"/>
  <node id="7365572491" lat="39.6655414" lon="31.9148540"/>
  <node id="7365572490" lat="39.6642531" lon="31.9212054"/>
  <node id="7721524380" lat="39.6653432" lon="31.9170856"/>
  <node id="7365572489" lat="39.6597600" lon="31.9258403"/>
  <node id="7365572492" lat="39.6683164" lon="31.9095754"/>
  <node id="7721524381" lat="39.6660039" lon="31.9185447"/>
  <node id="7365572488" lat="39.6542094" lon="31.9307326"/>
  <node id="7365572553" lat="39.8321035" lon="31.8800925"/>
  <node id="7365572554" lat="39.8341962" lon="31.8824100"/>
  <node id="7365572555" lat="39.8360745" lon="31.8827103"/>
  <node id="7365572556" lat="39.8372609" lon="31.8830751"/>
  <node id="7365572557" lat="39.8380847" lon="31.8837618"/>
  <node id="7365572558" lat="39.8393864" lon="31.8847274"/>
  <node id="7365572559" lat="39.8409351" lon="31.8864011"/>
  <node id="7365572560" lat="39.8408857" lon="31.8869804"/>
  <node id="7721524384" lat="39.8411657" lon="31.8879461"/>
  <node id="7721524385" lat="39.8408856" lon="31.8873668"/>
  <node id="7721524386" lat="39.8401936" lon="31.8856931"/>
  <node id="7365572561" lat="39.8428462" lon="31.8892335"/>
  <node id="7365572562" lat="39.8432416" lon="31.8907785"/>
  <node id="7365572563" lat="39.8448562" lon="31.8911003"/>
  <node id="7365572564" lat="39.8472615" lon="31.8933963"/>
  <node id="7365572565" lat="39.8486289" lon="31.8939327"/>
  <node id="7721524426" lat="39.8543038" lon="31.8819058"/>
  <node id="7721524427" lat="39.8540897" lon="31.8814444"/>
  <node id="7721524428" lat="39.8542791" lon="31.8811870"/>
  <node id="7721524429" lat="39.8544026" lon="31.8811762"/>
  <node id="7721524430" lat="39.8549709" lon="31.8812299"/>
  <node id="7721524431" lat="39.8552674" lon="31.8808222"/>
  <node id="7721524450" lat="39.8552592" lon="31.8770027"/>
  <node id="7721524451" lat="39.8549133" lon="31.8767559"/>
  <node id="7721524406" lat="39.8556134" lon="31.8888366"/>
  <node id="7721524407" lat="39.8553828" lon="31.8885362"/>
  <node id="7721524408" lat="39.8553498" lon="31.8882036"/>
  <node id="7721524409" lat="39.8553580" lon="31.8878174"/>
  <node id="7721524410" lat="39.8556710" lon="31.8871522"/>
  <node id="7721524411" lat="39.8555804" lon="31.8857896"/>
  <node id="7721524412" lat="39.8555063" lon="31.8854248"/>
  <node id="7721524413" lat="39.8552427" lon="31.8848562"/>
  <node id="7721524414" lat="39.8552016" lon="31.8842018"/>
  <node id="7721524415" lat="39.8554486" lon="31.8839013"/>
  <node id="7721524416" lat="39.8557122" lon="31.8837941"/>
  <node id="7721524423" lat="39.8588995" lon="31.8832362"/>
  <node id="7721524424" lat="39.8581583" lon="31.8826139"/>
  <node id="7721524425" lat="39.8569888" lon="31.8822598"/>
  <node id="7721524432" lat="39.8557946" lon="31.8804145"/>
  <node id="7721524433" lat="39.8560581" lon="31.8801784"/>
  <node id="7721524434" lat="39.8563711" lon="31.8803286"/>
  <node id="7721524435" lat="39.8566593" lon="31.8803930"/>
  <node id="7721524436" lat="39.8575076" lon="31.8818414"/>
  <node id="7721524437" lat="39.8588501" lon="31.8823779"/>
  <node id="7721524438" lat="39.8597395" lon="31.8822384"/>
  <node id="7721524439" lat="39.8604396" lon="31.8813801"/>
  <node id="7721524440" lat="39.8602172" lon="31.8802857"/>
  <node id="7721524441" lat="39.8598466" lon="31.8793094"/>
  <node id="7721524442" lat="39.8588748" lon="31.8781829"/>
  <node id="7721524443" lat="39.8586442" lon="31.8771315"/>
  <node id="7721524444" lat="39.8584959" lon="31.8768847"/>
  <node id="7721524449" lat="39.8568652" lon="31.8768310"/>
  <node id="7721524400" lat="39.8588418" lon="31.8896735"/>
  <node id="7721524401" lat="39.8584877" lon="31.8891048"/>
  <node id="7721524402" lat="39.8578865" lon="31.8889224"/>
  <node id="7721524403" lat="39.8571288" lon="31.8889975"/>
  <node id="7721524404" lat="39.8563381" lon="31.8891585"/>
  <node id="7721524405" lat="39.8560087" lon="31.8890834"/>
  <node id="7721524417" lat="39.8562475" lon="31.8842232"/>
  <node id="7721524418" lat="39.8567170" lon="31.8841696"/>
  <node id="7721524419" lat="39.8576147" lon="31.8848455"/>
  <node id="7721524420" lat="39.8582406" lon="31.8849206"/>
  <node id="7721524421" lat="39.8586277" lon="31.8846095"/>
  <node id="7721524422" lat="39.8589819" lon="31.8837726"/>
  <node id="7365572566" lat="39.8496338" lon="31.8950271"/>
  <node id="7365572567" lat="39.8504244" lon="31.8953489"/>
  <node id="951481923" lat="39.8548685" lon="31.9002269"/>
  <node id="7365572568" lat="39.8513799" lon="31.8965506"/>
  <node id="7721524383" lat="39.8525165" lon="31.8994045"/>
  <node id="7721524391" lat="39.8564617" lon="31.8954241"/>
  <node id="7721524392" lat="39.8580265" lon="31.8940937"/>
  <node id="7721524393" lat="39.8580512" lon="31.8937290"/>
  <node id="7721524394" lat="39.8580924" lon="31.8930530"/>
  <node id="7721524395" lat="39.8581995" lon="31.8924522"/>
  <node id="7721524396" lat="39.8584465" lon="31.8919587"/>
  <node id="7721524397" lat="39.8589736" lon="31.8911648"/>
  <node id="7721524398" lat="39.8591630" lon="31.8905425"/>
  <node id="7721524399" lat="39.8590724" lon="31.8904138"/>
  <node id="951481942" lat="39.8559234" lon="31.9001079"/>
  <node id="7721524387" lat="39.8562970" lon="31.8986857"/>
  <node id="7721524388" lat="39.8563381" lon="31.8982029"/>
  <node id="7721524389" lat="39.8563711" lon="31.8975162"/>
  <node id="7721524390" lat="39.8563958" lon="31.8966043"/>
  <node id="2794078378" lat="39.7160439" lon="32.7059948"/>
  <node id="12879409495" lat="39.1153070" lon="32.7195435"/>
  <node id="12879409496" lat="39.1162685" lon="32.7172959"/>
  <node id="12879409497" lat="39.1164766" lon="32.7173066"/>
  <node id="12879409498" lat="39.1165349" lon="32.7163625"/>
  <node id="12879409494" lat="39.1170343" lon="32.7250528"/>
  <node id="12879409493" lat="39.1193400" lon="32.7288830"/>
  <node id="12879409492" lat="39.1223282" lon="32.7322090"/>
  <node id="12879409488" lat="39.1219953" lon="32.7409530"/>
  <node id="12879409489" lat="39.1220535" lon="32.7407384"/>
  <node id="12879409490" lat="39.1228110" lon="32.7367580"/>
  <node id="12879409491" lat="39.1227693" lon="32.7365971"/>
  <node id="12879409486" lat="39.1205386" lon="32.7457595"/>
  <node id="12879409487" lat="39.1205553" lon="32.7454698"/>
  <node id="12879409477" lat="39.1184660" lon="32.7544284"/>
  <node id="12879409478" lat="39.1185326" lon="32.7539348"/>
  <node id="12879409479" lat="39.1186159" lon="32.7533662"/>
  <node id="12879409480" lat="39.1186658" lon="32.7528620"/>
  <node id="12879409481" lat="39.1187657" lon="32.7524972"/>
  <node id="12879409482" lat="39.1188656" lon="32.7521968"/>
  <node id="12879409483" lat="39.1189238" lon="32.7518320"/>
  <node id="12879409484" lat="39.1189738" lon="32.7515852"/>
  <node id="12879409485" lat="39.1195231" lon="32.7497506"/>
  <node id="12879409467" lat="39.1187490" lon="32.7611232"/>
  <node id="12879409468" lat="39.1187490" lon="32.7607477"/>
  <node id="12879409469" lat="39.1187907" lon="32.7602434"/>
  <node id="12879409470" lat="39.1187657" lon="32.7596748"/>
  <node id="12879409471" lat="39.1187907" lon="32.7590096"/>
  <node id="12879409472" lat="39.1185992" lon="32.7582049"/>
  <node id="12879409473" lat="39.1185409" lon="32.7574325"/>
  <node id="12879409474" lat="39.1184494" lon="32.7564883"/>
  <node id="12879409475" lat="39.1183911" lon="32.7557373"/>
  <node id="12879409476" lat="39.1184327" lon="32.7549219"/>
  <node id="12879409452" lat="39.1212295" lon="32.7673030"/>
  <node id="12879409453" lat="39.1207883" lon="32.7669275"/>
  <node id="12879409454" lat="39.1204721" lon="32.7667773"/>
  <node id="12879409455" lat="39.1211962" lon="32.7649856"/>
  <node id="12879409456" lat="39.1203555" lon="32.7645564"/>
  <node id="12879409457" lat="39.1203888" lon="32.7643847"/>
  <node id="12879409458" lat="39.1204221" lon="32.7641380"/>
  <node id="12879409459" lat="39.1203971" lon="32.7638590"/>
  <node id="12879409460" lat="39.1204388" lon="32.7632475"/>
  <node id="12879409461" lat="39.1197063" lon="32.7631187"/>
  <node id="12879409462" lat="39.1197063" lon="32.7624750"/>
  <node id="12879409463" lat="39.1196397" lon="32.7619171"/>
  <node id="12879409464" lat="39.1196064" lon="32.7616489"/>
  <node id="12879409465" lat="39.1189488" lon="32.7619171"/>
  <node id="12879409466" lat="39.1188073" lon="32.7615201"/>
  <node id="12879409450" lat="39.1220951" lon="32.7679038"/>
  <node id="12879409451" lat="39.1218121" lon="32.7677429"/>
  <node id="12879409423" lat="39.1214209" lon="32.7776563"/>
  <node id="12879409424" lat="39.1213544" lon="32.7775490"/>
  <node id="12879409430" lat="39.1224780" lon="32.7742016"/>
  <node id="12879409431" lat="39.1220951" lon="32.7737617"/>
  <node id="12879409432" lat="39.1226195" lon="32.7731502"/>
  <node id="12879409433" lat="39.1228276" lon="32.7727961"/>
  <node id="12879409434" lat="39.1228859" lon="32.7725923"/>
  <node id="12879409435" lat="39.1227444" lon="32.7724850"/>
  <node id="12879409436" lat="39.1228276" lon="32.7723348"/>
  <node id="12879409437" lat="39.1230690" lon="32.7720988"/>
  <node id="12879409438" lat="39.1232854" lon="32.7719700"/>
  <node id="12879409439" lat="39.1232105" lon="32.7717769"/>
  <node id="12879409440" lat="39.1230024" lon="32.7716482"/>
  <node id="12879409441" lat="39.1227277" lon="32.7715838"/>
  <node id="12879409442" lat="39.1225196" lon="32.7715301"/>
  <node id="12879409443" lat="39.1222283" lon="32.7714121"/>
  <node id="12879409444" lat="39.1219703" lon="32.7712619"/>
  <node id="12879409445" lat="39.1221451" lon="32.7710473"/>
  <node id="12879409446" lat="39.1234935" lon="32.7686548"/>
  <node id="12879409447" lat="39.1232937" lon="32.7686226"/>
  <node id="12879409448" lat="39.1230523" lon="32.7684724"/>
  <node id="12879409449" lat="39.1224863" lon="32.7681184"/>
  <node id="12879409420" lat="39.1235517" lon="32.7804887"/>
  <node id="12879409421" lat="39.1227777" lon="32.7794158"/>
  <node id="12879409422" lat="39.1217289" lon="32.7780747"/>
  <node id="12879409425" lat="39.1220286" lon="32.7770662"/>
  <node id="12879409426" lat="39.1228609" lon="32.7763903"/>
  <node id="12879409427" lat="39.1238763" lon="32.7755642"/>
  <node id="12879409428" lat="39.1235934" lon="32.7753496"/>
  <node id="12879409429" lat="39.1230024" lon="32.7748132"/>
  <node id="12879409407" lat="39.1261735" lon="32.7870977"/>
  <node id="12879409408" lat="39.1258989" lon="32.7870226"/>
  <node id="12879409409" lat="39.1256991" lon="32.7869797"/>
  <node id="12879409410" lat="39.1254661" lon="32.7869153"/>
  <node id="12879409411" lat="39.1252580" lon="32.7867651"/>
  <node id="12879409412" lat="39.1250187" lon="32.7866095"/>
  <node id="12879409413" lat="39.1247420" lon="32.7864271"/>
  <node id="12879409414" lat="39.1257221" lon="32.7849385"/>
  <node id="12879409415" lat="39.1252559" lon="32.7843190"/>
  <node id="12879409416" lat="39.1247503" lon="32.7836859"/>
  <node id="12879409417" lat="39.1238930" lon="32.7827310"/>
  <node id="12879409418" lat="39.1234269" lon="32.7822482"/>
  <node id="12879409419" lat="39.1240844" lon="32.7811861"/>
  <node id="12879409392" lat="39.1270391" lon="32.7882564"/>
  <node id="12879409393" lat="39.1267395" lon="32.7881277"/>
  <node id="12879409394" lat="39.1267228" lon="32.7887392"/>
  <node id="12879409395" lat="39.1267228" lon="32.7892113"/>
  <node id="12879409396" lat="39.1265564" lon="32.7891147"/>
  <node id="12879409397" lat="39.1264232" lon="32.7891683"/>
  <node id="12879409398" lat="39.1262484" lon="32.7892542"/>
  <node id="12879409399" lat="39.1259987" lon="32.7893937"/>
  <node id="12879409400" lat="39.1257491" lon="32.7896404"/>
  <node id="12879409401" lat="39.1256575" lon="32.7901339"/>
  <node id="12879409402" lat="39.1254577" lon="32.7899837"/>
  <node id="12879409403" lat="39.1254577" lon="32.7898550"/>
  <node id="12879409404" lat="39.1255160" lon="32.7895117"/>
  <node id="12879409405" lat="39.1256409" lon="32.7888465"/>
  <node id="12879409406" lat="39.1258822" lon="32.7880525"/>
  <node id="12879409371" lat="39.1282626" lon="32.7973330"/>
  <node id="12879409372" lat="39.1280212" lon="32.7973759"/>
  <node id="12879409373" lat="39.1278048" lon="32.7972901"/>
  <node id="12879409374" lat="39.1276134" lon="32.7971613"/>
  <node id="12879409375" lat="39.1275801" lon="32.7970219"/>
  <node id="12879409376" lat="39.1276800" lon="32.7965820"/>
  <node id="12879409377" lat="39.1277466" lon="32.7961314"/>
  <node id="12879409378" lat="39.1277216" lon="32.7955198"/>
  <node id="12879409379" lat="39.1280878" lon="32.7955949"/>
  <node id="12879409380" lat="39.1281627" lon="32.7952194"/>
  <node id="12879409384" lat="39.1298189" lon="32.7941894"/>
  <node id="12879409385" lat="39.1295443" lon="32.7934492"/>
  <node id="12879409386" lat="39.1294527" lon="32.7927625"/>
  <node id="12879409387" lat="39.1294277" lon="32.7922583"/>
  <node id="12879409388" lat="39.1295359" lon="32.7913570"/>
  <node id="12879409389" lat="39.1297190" lon="32.7901018"/>
  <node id="12879409390" lat="39.1298938" lon="32.7889752"/>
  <node id="12879409391" lat="39.1293112" lon="32.7888787"/>
  <node id="12879409334" lat="39.1347374" lon="32.7989530"/>
  <node id="12879409335" lat="39.1347540" lon="32.7991462"/>
  <node id="12879409336" lat="39.1346625" lon="32.7992856"/>
  <node id="12879409337" lat="39.1344461" lon="32.7993715"/>
  <node id="12879409338" lat="39.1340799" lon="32.7994037"/>
  <node id="12879409339" lat="39.1337886" lon="32.7993607"/>
  <node id="12879409340" lat="39.1334890" lon="32.7991032"/>
  <node id="12879409341" lat="39.1332893" lon="32.7990174"/>
  <node id="12879409342" lat="39.1330979" lon="32.7991569"/>
  <node id="12879409343" lat="39.1328649" lon="32.7988028"/>
  <node id="12879409344" lat="39.1326735" lon="32.7985024"/>
  <node id="12879409345" lat="39.1325154" lon="32.7981913"/>
  <node id="12879409346" lat="39.1325154" lon="32.7977729"/>
  <node id="12879409347" lat="39.1322324" lon="32.7977192"/>
  <node id="12879409348" lat="39.1320077" lon="32.7978265"/>
  <node id="12879409349" lat="39.1317331" lon="32.7979231"/>
  <node id="12879409350" lat="39.1314584" lon="32.7977943"/>
  <node id="12879409351" lat="39.1312920" lon="32.7975905"/>
  <node id="12879409352" lat="39.1310589" lon="32.7974832"/>
  <node id="12879409353" lat="39.1309091" lon="32.7978265"/>
  <node id="12879409354" lat="39.1307760" lon="32.7979553"/>
  <node id="12879409355" lat="39.1306844" lon="32.7978480"/>
  <node id="12879409356" lat="39.1303099" lon="32.7975583"/>
  <node id="12879409357" lat="39.1300020" lon="32.7973223"/>
  <node id="12879409358" lat="39.1298272" lon="32.7974939"/>
  <node id="12879409359" lat="39.1297273" lon="32.7976441"/>
  <node id="12879409360" lat="39.1296358" lon="32.7977407"/>
  <node id="12879409361" lat="39.1295026" lon="32.7976763"/>
  <node id="12879409362" lat="39.1294028" lon="32.7976978"/>
  <node id="12879409363" lat="39.1292613" lon="32.7978480"/>
  <node id="12879409364" lat="39.1291531" lon="32.7978158"/>
  <node id="12879409365" lat="39.1290366" lon="32.7977729"/>
  <node id="12879409366" lat="39.1289950" lon="32.7976119"/>
  <node id="12879409367" lat="39.1288368" lon="32.7976549"/>
  <node id="12879409368" lat="39.1287453" lon="32.7976763"/>
  <node id="12879409369" lat="39.1285622" lon="32.7975905"/>
  <node id="12879409370" lat="39.1284623" lon="32.7973437"/>
  <node id="12879409381" lat="39.1285039" lon="32.7952623"/>
  <node id="12879409382" lat="39.1294361" lon="32.7953267"/>
  <node id="12879409383" lat="39.1300020" lon="32.7953160"/>
  <node id="12879409322" lat="39.1375917" lon="32.8007233"/>
  <node id="12879409323" lat="39.1366181" lon="32.8000259"/>
  <node id="12879409324" lat="39.1367679" lon="32.8006267"/>
  <node id="12879409329" lat="39.1362436" lon="32.8004229"/>
  <node id="12879409330" lat="39.1357443" lon="32.7997899"/>
  <node id="12879409331" lat="39.1359024" lon="32.7997363"/>
  <node id="12879409332" lat="39.1351784" lon="32.7990496"/>
  <node id="12879409333" lat="39.1351535" lon="32.7992749"/>
  <node id="12879409305" lat="39.1413447" lon="32.8034055"/>
  <node id="12879409306" lat="39.1413530" lon="32.8038669"/>
  <node id="12879409307" lat="39.1406291" lon="32.8037810"/>
  <node id="12879409308" lat="39.1403794" lon="32.8024828"/>
  <node id="12879409309" lat="39.1394308" lon="32.8019249"/>
  <node id="12879409310" lat="39.1392311" lon="32.8017962"/>
  <node id="12879409311" lat="39.1388400" lon="32.8015280"/>
  <node id="12879409312" lat="39.1385654" lon="32.8014207"/>
  <node id="12879409313" lat="39.1384655" lon="32.8015065"/>
  <node id="12879409314" lat="39.1382325" lon="32.8015387"/>
  <node id="12879409315" lat="39.1380661" lon="32.8015172"/>
  <node id="12879409316" lat="39.1378580" lon="32.8014421"/>
  <node id="12879409317" lat="39.1377998" lon="32.8012597"/>
  <node id="12879409318" lat="39.1376500" lon="32.8012597"/>
  <node id="12879409319" lat="39.1375168" lon="32.8011525"/>
  <node id="12879409320" lat="39.1374087" lon="32.8010666"/>
  <node id="12879409321" lat="39.1374170" lon="32.8008520"/>
  <node id="12879409325" lat="39.1370841" lon="32.8011417"/>
  <node id="12879409326" lat="39.1370758" lon="32.8012705"/>
  <node id="12879409327" lat="39.1368178" lon="32.8014743"/>
  <node id="12879409328" lat="39.1365432" lon="32.8009057"/>
  <node id="12879409279" lat="39.1466492" lon="32.8072518"/>
  <node id="12879409280" lat="39.1465411" lon="32.8073001"/>
  <node id="12879409281" lat="39.1464121" lon="32.8073215"/>
  <node id="12879409282" lat="39.1462249" lon="32.8070801"/>
  <node id="12879409283" lat="39.1462582" lon="32.8072196"/>
  <node id="12879409284" lat="39.1462748" lon="32.8073001"/>
  <node id="12879409286" lat="39.1460751" lon="32.8071767"/>
  <node id="12879409287" lat="39.1459378" lon="32.8070158"/>
  <node id="12879409288" lat="39.1457714" lon="32.8069246"/>
  <node id="12879409289" lat="39.1456466" lon="32.8069246"/>
  <node id="12879409290" lat="39.1455717" lon="32.8067851"/>
  <node id="12879409291" lat="39.1456549" lon="32.8066671"/>
  <node id="12879409292" lat="39.1455218" lon="32.8065061"/>
  <node id="12879409293" lat="39.1453637" lon="32.8063345"/>
  <node id="12879409294" lat="39.1452306" lon="32.8062916"/>
  <node id="12879409295" lat="39.1450309" lon="32.8060770"/>
  <node id="12879409296" lat="39.1448312" lon="32.8059053"/>
  <node id="12879409297" lat="39.1444983" lon="32.8058195"/>
  <node id="12879409298" lat="39.1443153" lon="32.8056800"/>
  <node id="12879409299" lat="39.1437162" lon="32.8049934"/>
  <node id="12879409300" lat="39.1437578" lon="32.8046608"/>
  <node id="12879409301" lat="39.1433085" lon="32.8043818"/>
  <node id="12879409302" lat="39.1429091" lon="32.8040922"/>
  <node id="12879409303" lat="39.1423765" lon="32.8034806"/>
  <node id="12879409304" lat="39.1414612" lon="32.8032553"/>
  <node id="12879409264" lat="39.1543911" lon="32.8022897"/>
  <node id="12879409265" lat="39.1536839" lon="32.8027618"/>
  <node id="12879409266" lat="39.1533844" lon="32.8029656"/>
  <node id="12879409267" lat="39.1527688" lon="32.8032124"/>
  <node id="12879409268" lat="39.1520616" lon="32.8036094"/>
  <node id="12879409269" lat="39.1514292" lon="32.8040278"/>
  <node id="12879409270" lat="39.1507304" lon="32.8045857"/>
  <node id="12879409271" lat="39.1504225" lon="32.8050792"/>
  <node id="12879409272" lat="39.1499732" lon="32.8058946"/>
  <node id="12879409273" lat="39.1493991" lon="32.8066242"/>
  <node id="12879409275" lat="39.1484589" lon="32.8072572"/>
  <node id="12879409276" lat="39.1478183" lon="32.8081101"/>
  <node id="12879409277" lat="39.1475687" lon="32.8078151"/>
  <node id="12879409278" lat="39.1469737" lon="32.8073913"/>
  <node id="12879409285" lat="39.1462083" lon="32.8073323"/>
  <node id="12879409274" lat="39.1486087" lon="32.8076863"/>
  <node id="12879409253" lat="39.1586756" lon="32.7998650"/>
  <node id="12879409254" lat="39.1584926" lon="32.7992749"/>
  <node id="12879409255" lat="39.1582763" lon="32.7987277"/>
  <node id="12879409256" lat="39.1575026" lon="32.7977836"/>
  <node id="12879409257" lat="39.1574194" lon="32.7980626"/>
  <node id="12879409258" lat="39.1570367" lon="32.7988887"/>
  <node id="12879409259" lat="39.1565958" lon="32.7998650"/>
  <node id="12879409260" lat="39.1560966" lon="32.8004980"/>
  <node id="12879409237" lat="39.1584510" lon="32.8071713"/>
  <node id="12879409238" lat="39.1578187" lon="32.8065061"/>
  <node id="12879409239" lat="39.1573279" lon="32.8059804"/>
  <node id="12879409240" lat="39.1574111" lon="32.8058731"/>
  <node id="12879409241" lat="39.1572863" lon="32.8057659"/>
  <node id="12879409242" lat="39.1577854" lon="32.8048861"/>
  <node id="12879409243" lat="39.1579019" lon="32.8049934"/>
  <node id="12879409244" lat="39.1579601" lon="32.8048968"/>
  <node id="12879409245" lat="39.1580933" lon="32.8042531"/>
  <node id="12879409246" lat="39.1582596" lon="32.8035879"/>
  <node id="12879409247" lat="39.1583927" lon="32.8032982"/>
  <node id="12879409248" lat="39.1588004" lon="32.8029442"/>
  <node id="12879409249" lat="39.1588669" lon="32.8026438"/>
  <node id="12879409250" lat="39.1589834" lon="32.8021502"/>
  <node id="12879409251" lat="39.1588836" lon="32.8016031"/>
  <node id="12879409252" lat="39.1588087" lon="32.8008306"/>
  <node id="12879409261" lat="39.1554227" lon="32.8013778"/>
  <node id="12879409262" lat="39.1548154" lon="32.8017640"/>
  <node id="12879409263" lat="39.1546490" lon="32.8018391"/>
  <node id="12879409214" lat="39.1605807" lon="32.8126967"/>
  <node id="12879409215" lat="39.1601314" lon="32.8119564"/>
  <node id="12879409216" lat="39.1598735" lon="32.8122246"/>
  <node id="12879409217" lat="39.1597072" lon="32.8123641"/>
  <node id="12879409218" lat="39.1595241" lon="32.8124177"/>
  <node id="12879409219" lat="39.1594243" lon="32.8123748"/>
  <node id="12879409220" lat="39.1591997" lon="32.8116560"/>
  <node id="12879409221" lat="39.1590999" lon="32.8114307"/>
  <node id="12879409222" lat="39.1591747" lon="32.8113449"/>
  <node id="12879409223" lat="39.1592746" lon="32.8111088"/>
  <node id="12879409224" lat="39.1592746" lon="32.8109479"/>
  <node id="12879409225" lat="39.1592247" lon="32.8106689"/>
  <node id="12879409226" lat="39.1591498" lon="32.8104436"/>
  <node id="12879409227" lat="39.1591498" lon="32.8102720"/>
  <node id="12879409228" lat="39.1591664" lon="32.8099930"/>
  <node id="12879409229" lat="39.1592496" lon="32.8097892"/>
  <node id="12879409230" lat="39.1588586" lon="32.8090596"/>
  <node id="12879409231" lat="39.1586839" lon="32.8091991"/>
  <node id="12879409232" lat="39.1585092" lon="32.8092635"/>
  <node id="12879409233" lat="39.1577022" lon="32.8082549"/>
  <node id="12879409234" lat="39.1579768" lon="32.8079116"/>
  <node id="12879409235" lat="39.1580849" lon="32.8076434"/>
  <node id="12879409236" lat="39.1582347" lon="32.8074074"/>
  <node id="12879409212" lat="39.1610465" lon="32.8142309"/>
  <node id="12879409213" lat="39.1613543" lon="32.8136837"/>
  <node id="12879409204" lat="39.1644156" lon="32.8203571"/>
  <node id="12879409205" lat="39.1643324" lon="32.8200889"/>
  <node id="12879409206" lat="39.1637667" lon="32.8193271"/>
  <node id="12879409207" lat="39.1625855" lon="32.8173423"/>
  <node id="12879409208" lat="39.1620614" lon="32.8168273"/>
  <node id="12879409209" lat="39.1624857" lon="32.8163016"/>
  <node id="12879409210" lat="39.1623193" lon="32.8159153"/>
  <node id="12879409211" lat="39.1618451" lon="32.8152287"/>
  <node id="12879409171" lat="39.2042663" lon="32.8072572"/>
  <node id="12879409181" lat="39.1998849" lon="32.8119349"/>
  <node id="12879409182" lat="39.1992197" lon="32.8124070"/>
  <node id="12879409183" lat="39.1986959" lon="32.8129434"/>
  <node id="12879409184" lat="39.1972326" lon="32.8150034"/>
  <node id="12879409185" lat="39.1967254" lon="32.8154647"/>
  <node id="12879409165" lat="39.2062367" lon="32.8082442"/>
  <node id="12879409166" lat="39.2057961" lon="32.8082871"/>
  <node id="12879409167" lat="39.2052474" lon="32.8085017"/>
  <node id="12879409168" lat="39.2050229" lon="32.8086090"/>
  <node id="12879409169" lat="39.2047568" lon="32.8087163"/>
  <node id="12879409170" lat="39.2045573" lon="32.8081155"/>
  <node id="12879409172" lat="39.2041499" lon="32.8074181"/>
  <node id="12879409173" lat="39.2030110" lon="32.8081798"/>
  <node id="12879409174" lat="39.2019634" lon="32.8085661"/>
  <node id="12879409175" lat="39.2013980" lon="32.8086948"/>
  <node id="12879409176" lat="39.2011902" lon="32.8087163"/>
  <node id="12879409177" lat="39.2014147" lon="32.8096068"/>
  <node id="12879409178" lat="39.2016890" lon="32.8105187"/>
  <node id="12879409179" lat="39.2011154" lon="32.8112912"/>
  <node id="12879409180" lat="39.2008493" lon="32.8112054"/>
  <node id="12879409150" lat="39.2133361" lon="32.8062487"/>
  <node id="12879409151" lat="39.2114241" lon="32.8051972"/>
  <node id="12879409152" lat="39.2102270" lon="32.8051650"/>
  <node id="12879409153" lat="39.2100275" lon="32.8074181"/>
  <node id="12879409154" lat="39.2098945" lon="32.8074825"/>
  <node id="12879409155" lat="39.2097283" lon="32.8075254"/>
  <node id="12879409156" lat="39.2096036" lon="32.8073859"/>
  <node id="12879409157" lat="39.2093625" lon="32.8074181"/>
  <node id="12879409158" lat="39.2090216" lon="32.8074825"/>
  <node id="12879409159" lat="39.2085644" lon="32.8075039"/>
  <node id="12879409160" lat="39.2086475" lon="32.8079224"/>
  <node id="12879409161" lat="39.2082153" lon="32.8080404"/>
  <node id="12879409162" lat="39.2078994" lon="32.8082228"/>
  <node id="12879409163" lat="39.2076749" lon="32.8083515"/>
  <node id="12879409164" lat="39.2076001" lon="32.8080726"/>
  <node id="12879409130" lat="39.2199152" lon="32.8078526"/>
  <node id="12879409131" lat="39.2196118" lon="32.8078097"/>
  <node id="12879409132" lat="39.2189718" lon="32.8077400"/>
  <node id="12879409133" lat="39.2184772" lon="32.8076863"/>
  <node id="12879409134" lat="39.2182404" lon="32.8077292"/>
  <node id="12879409135" lat="39.2184939" lon="32.8077882"/>
  <node id="12879409136" lat="39.2186477" lon="32.8078687"/>
  <node id="12879409137" lat="39.2188305" lon="32.8079331"/>
  <node id="12879409138" lat="39.2191048" lon="32.8081477"/>
  <node id="12879409139" lat="39.2193292" lon="32.8083408"/>
  <node id="12879409140" lat="39.2196202" lon="32.8085661"/>
  <node id="12879409144" lat="39.2199609" lon="32.8097033"/>
  <node id="12879409145" lat="39.2187474" lon="32.8094029"/>
  <node id="12879409146" lat="39.2181822" lon="32.8093386"/>
  <node id="12879409147" lat="39.2170767" lon="32.8086841"/>
  <node id="12879409148" lat="39.2167940" lon="32.8085124"/>
  <node id="12879409149" lat="39.2152812" lon="32.8074932"/>
  <node id="12879409122" lat="39.2248232" lon="32.8021932"/>
  <node id="12879409123" lat="39.2229781" lon="32.8034806"/>
  <node id="12879409124" lat="39.2220721" lon="32.8050578"/>
  <node id="12879409125" lat="39.2216150" lon="32.8058517"/>
  <node id="12879409126" lat="39.2214737" lon="32.8072035"/>
  <node id="12879409119" lat="39.2317213" lon="32.8025794"/>
  <node id="12879409120" lat="39.2300841" lon="32.8021288"/>
  <node id="12879409121" lat="39.2274163" lon="32.8018498"/>
  <node id="12879409127" lat="39.2214155" lon="32.8082013"/>
  <node id="12879409128" lat="39.2206758" lon="32.8080726"/>
  <node id="12879409129" lat="39.2202809" lon="32.8079277"/>
  <node id="12879409141" lat="39.2202103" lon="32.8089845"/>
  <node id="12879409142" lat="39.2212659" lon="32.8095424"/>
  <node id="12879409143" lat="39.2209251" lon="32.8100574"/>
  <node id="12879409203" lat="39.1665284" lon="32.8246808"/>
  <node id="12879409201" lat="39.1740227" lon="32.8241122"/>
  <node id="12879409202" lat="39.1716772" lon="32.8209579"/>
  <node id="12879409200" lat="39.1794288" lon="32.8314507"/>
  <node id="12879409199" lat="39.1800609" lon="32.8358495"/>
  <node id="12879409187" lat="39.1935824" lon="32.8227925"/>
  <node id="12879409188" lat="39.1925929" lon="32.8280926"/>
  <node id="12879409195" lat="39.1861234" lon="32.8443146"/>
  <node id="12879409196" lat="39.1844186" lon="32.8432846"/>
  <node id="12879409197" lat="39.1817907" lon="32.8416860"/>
  <node id="12879409198" lat="39.1816826" lon="32.8406560"/>
  <node id="12879409189" lat="39.1914786" lon="32.8358495"/>
  <node id="12879409190" lat="39.1923102" lon="32.8369546"/>
  <node id="12879409191" lat="39.1931666" lon="32.8419328"/>
  <node id="12879409192" lat="39.1930336" lon="32.8434777"/>
  <node id="12879409193" lat="39.1930336" lon="32.8451085"/>
  <node id="12879409186" lat="39.1945802" lon="32.8217089"/>
  <node id="12879409194" lat="39.1885277" lon="32.8466455"/>
  <node id="12879409873" lat="39.2325606" lon="32.9018319"/>
  <node id="12879409874" lat="39.2325523" lon="32.9023361"/>
  <node id="12879409875" lat="39.2322781" lon="32.9027867"/>
  <node id="12879409876" lat="39.2307822" lon="32.9033446"/>
  <node id="12879409877" lat="39.2303999" lon="32.9046857"/>
  <node id="12879409878" lat="39.2296769" lon="32.9050612"/>
  <node id="12879409879" lat="39.2297434" lon="32.9052758"/>
  <node id="12879409880" lat="39.2289705" lon="32.9056406"/>
  <node id="12879409881" lat="39.2290286" lon="32.9058874"/>
  <node id="12879409882" lat="39.2287793" lon="32.9060161"/>
  <node id="12879409883" lat="39.2286255" lon="32.9086983"/>
  <node id="12879409884" lat="39.2281061" lon="32.9084676"/>
  <node id="12879409885" lat="39.2282890" lon="32.9089317"/>
  <node id="12879409886" lat="39.2285383" lon="32.9096317"/>
  <node id="12879409887" lat="39.2285881" lon="32.9097176"/>
  <node id="12879409888" lat="39.2286546" lon="32.9098087"/>
  <node id="12879409889" lat="39.2287419" lon="32.9102486"/>
  <node id="12879409890" lat="39.2287959" lon="32.9103398"/>
  <node id="12879409891" lat="39.2288458" lon="32.9105222"/>
  <node id="12879409892" lat="39.2287461" lon="32.9105651"/>
  <node id="12879409893" lat="39.2289788" lon="32.9111338"/>
  <node id="12879409894" lat="39.2290868" lon="32.9112625"/>
  <node id="12879409895" lat="39.2300425" lon="32.9110050"/>
  <node id="12879409896" lat="39.2308985" lon="32.9124534"/>
  <node id="12879409897" lat="39.2317878" lon="32.9154575"/>
  <node id="12806861677" lat="39.2023438" lon="33.0164561"/>
  <node id="12806861678" lat="39.2022710" lon="33.0161583"/>
  <node id="12806861679" lat="39.2024290" lon="33.0157104"/>
  <node id="12806861680" lat="39.2025849" lon="33.0152196"/>
  <node id="12806861681" lat="39.2028655" lon="33.0144095"/>
  <node id="12806861682" lat="39.2030255" lon="33.0139482"/>
  <node id="12806861683" lat="39.2033373" lon="33.0133259"/>
  <node id="12806861684" lat="39.2035846" lon="33.0129424"/>
  <node id="12806861685" lat="39.2042497" lon="33.0121618"/>
  <node id="12806861686" lat="39.2047340" lon="33.0120841"/>
  <node id="12806861687" lat="39.2055778" lon="33.0119714"/>
  <node id="12806861653" lat="39.1996063" lon="33.0235103"/>
  <node id="12806861654" lat="39.1995086" lon="33.0231535"/>
  <node id="12806861655" lat="39.1990202" lon="33.0218339"/>
  <node id="12806861656" lat="39.1990056" lon="33.0217776"/>
  <node id="12806861657" lat="39.1990181" lon="33.0217320"/>
  <node id="12806861658" lat="39.1990513" lon="33.0217373"/>
  <node id="12806861659" lat="39.1995980" lon="33.0222335"/>
  <node id="12806861660" lat="39.1999410" lon="33.0225527"/>
  <node id="12806861661" lat="39.2002174" lon="33.0226546"/>
  <node id="12806861662" lat="39.2001862" lon="33.0217963"/>
  <node id="12806861663" lat="39.2002486" lon="33.0215040"/>
  <node id="12806861664" lat="39.2003671" lon="33.0212814"/>
  <node id="12806861643" lat="39.1997373" lon="33.0301058"/>
  <node id="12806861644" lat="39.1995190" lon="33.0298269"/>
  <node id="12806861645" lat="39.1993943" lon="33.0295640"/>
  <node id="12806861646" lat="39.1991844" lon="33.0290464"/>
  <node id="12806861647" lat="39.1985005" lon="33.0275229"/>
  <node id="12806861648" lat="39.1982552" lon="33.0269703"/>
  <node id="12806861649" lat="39.1973656" lon="33.0249560"/>
  <node id="12806861650" lat="39.1974758" lon="33.0249265"/>
  <node id="12806861651" lat="39.1975963" lon="33.0248326"/>
  <node id="12806861652" lat="39.1991553" lon="33.0238348"/>
  <node id="12806861665" lat="39.2006103" lon="33.0210695"/>
  <node id="12806861666" lat="39.2009283" lon="33.0209005"/>
  <node id="12806861667" lat="39.2011819" lon="33.0205947"/>
  <node id="12806861668" lat="39.2014043" lon="33.0201817"/>
  <node id="12806861669" lat="39.2014833" lon="33.0198920"/>
  <node id="12806861670" lat="39.2013669" lon="33.0194226"/>
  <node id="12806861671" lat="39.2014084" lon="33.0189022"/>
  <node id="12806861672" lat="39.2015144" lon="33.0184785"/>
  <node id="12806861673" lat="39.2015622" lon="33.0185133"/>
  <node id="12806861674" lat="39.2016038" lon="33.0185375"/>
  <node id="12806861675" lat="39.2018761" lon="33.0182746"/>
  <node id="12806861676" lat="39.2020528" lon="33.0176604"/>
  <node id="12806861702" lat="39.2135044" lon="33.0028465"/>
  <node id="12806861703" lat="39.2136041" lon="33.0026400"/>
  <node id="12806861704" lat="39.2137226" lon="33.0024630"/>
  <node id="12806861705" lat="39.2139096" lon="33.0023020"/>
  <node id="12806861690" lat="39.2094560" lon="33.0104586"/>
  <node id="12806861692" lat="39.2098114" lon="33.0098364"/>
  <node id="12806861693" lat="39.2104723" lon="33.0086106"/>
  <node id="12806861694" lat="39.2106531" lon="33.0081680"/>
  <node id="12806861695" lat="39.2109565" lon="33.0075592"/>
  <node id="12806861696" lat="39.2114844" lon="33.0065480"/>
  <node id="12806861697" lat="39.2116922" lon="33.0062047"/>
  <node id="12806861698" lat="39.2118335" lon="33.0059338"/>
  <node id="12806861699" lat="39.2122533" lon="33.0051210"/>
  <node id="12806861700" lat="39.2123385" lon="33.0049467"/>
  <node id="12806861701" lat="39.2126918" lon="33.0043244"/>
  <node id="12806861688" lat="39.2072509" lon="33.0117515"/>
  <node id="12806861689" lat="39.2088180" lon="33.0116683"/>
  <node id="12806861691" lat="39.2091152" lon="33.0111024"/>
  <node id="12806861706" lat="39.2154932" lon="33.0053732"/>
  <node id="12806861707" lat="39.2156137" lon="33.0052847"/>
  <node id="12806861708" lat="39.2163618" lon="33.0070442"/>
  <node id="12806861709" lat="39.2173032" lon="33.0093053"/>
  <node id="12806861718" lat="39.2196409" lon="33.0104291"/>
  <node id="12806861719" lat="39.2199111" lon="33.0102816"/>
  <node id="12806861730" lat="39.2199485" lon="33.0079079"/>
  <node id="12806861731" lat="39.2199983" lon="33.0078837"/>
  <node id="12806861710" lat="39.2183796" lon="33.0118963"/>
  <node id="12806861711" lat="39.2187162" lon="33.0116361"/>
  <node id="12806861712" lat="39.2188305" lon="33.0113170"/>
  <node id="12806861713" lat="39.2189697" lon="33.0110300"/>
  <node id="12806861714" lat="39.2192066" lon="33.0107188"/>
  <node id="12806861715" lat="39.2193708" lon="33.0106625"/>
  <node id="12806861716" lat="39.2195079" lon="33.0105981"/>
  <node id="12806861717" lat="39.2195308" lon="33.0105069"/>
  <node id="12806861720" lat="39.2206799" lon="33.0101502"/>
  <node id="12806861721" lat="39.2209500" lon="33.0100805"/>
  <node id="12806861722" lat="39.2208565" lon="33.0098954"/>
  <node id="12806861723" lat="39.2206051" lon="33.0094931"/>
  <node id="12806861724" lat="39.2204680" lon="33.0091658"/>
  <node id="12806861725" lat="39.2203391" lon="33.0090693"/>
  <node id="12806861726" lat="39.2202685" lon="33.0088922"/>
  <node id="12806861727" lat="39.2202186" lon="33.0086535"/>
  <node id="12806861728" lat="39.2201043" lon="33.0084336"/>
  <node id="12806861729" lat="39.2200731" lon="33.0082834"/>
  <node id="12806861732" lat="39.2202747" lon="33.0079454"/>
  <node id="12806861733" lat="39.2204971" lon="33.0080715"/>
  <node id="12806861734" lat="39.2204555" lon="33.0077362"/>
  <node id="12806861735" lat="39.2206155" lon="33.0075994"/>
  <node id="12806861736" lat="39.2212742" lon="33.0073178"/>
  <node id="12806861737" lat="39.2238923" lon="33.0062529"/>
  <node id="12806861738" lat="39.2242082" lon="33.0060840"/>
  <node id="12806861739" lat="39.2244554" lon="33.0064595"/>
  <node id="12806861740" lat="39.2246965" lon="33.0068082"/>
  <node id="12806861741" lat="39.2247817" lon="33.0069450"/>
  <node id="12806861742" lat="39.2248627" lon="33.0072024"/>
  <node id="12806861743" lat="39.2249583" lon="33.0070898"/>
  <node id="12806861744" lat="39.2255401" lon="33.0068859"/>
  <node id="12806861745" lat="39.2261302" lon="33.0066982"/>
  <node id="12806861746" lat="39.2267805" lon="33.0065292"/>
  <node id="12806861747" lat="39.2274641" lon="33.0064112"/>
  <node id="12806861748" lat="39.2280936" lon="33.0063415"/>
  <node id="12806861749" lat="39.2291304" lon="33.0062717"/>
  <node id="12806861750" lat="39.2292572" lon="33.0061832"/>
  <node id="12806861751" lat="39.2294296" lon="33.0063334"/>
  <node id="12806861752" lat="39.2296623" lon="33.0066338"/>
  <node id="12806861753" lat="39.2297330" lon="33.0067706"/>
  <node id="12806861754" lat="39.2297454" lon="33.0072212"/>
  <node id="12806861755" lat="39.2300986" lon="33.0070710"/>
  <node id="12806861756" lat="39.2303230" lon="33.0069718"/>
  <node id="12806861757" lat="39.2305723" lon="33.0068055"/>
  <node id="12806861758" lat="39.2307199" lon="33.0066928"/>
  <node id="12806861759" lat="39.2307012" lon="33.0062342"/>
  <node id="12806861760" lat="39.2310211" lon="33.0060276"/>
  <node id="12806861761" lat="39.2311229" lon="33.0059525"/>
  <node id="12806861762" lat="39.2317961" lon="33.0056736"/>
  <node id="12806861763" lat="39.2319914" lon="33.0059096"/>
  <node id="12806861764" lat="39.2320329" lon="33.0059418"/>
  <node id="12806861765" lat="39.2320703" lon="33.0059472"/>
  <node id="12806861766" lat="39.2322178" lon="33.0058587"/>
  <node id="12806861767" lat="39.2322989" lon="33.0057621"/>
  <node id="12806861768" lat="39.2323736" lon="33.0059847"/>
  <node id="12806861769" lat="39.2324941" lon="33.0063388"/>
  <node id="12806861770" lat="39.2325419" lon="33.0064461"/>
  <node id="12806861771" lat="39.2325731" lon="33.0064836"/>
  <node id="12806861772" lat="39.2325980" lon="33.0064782"/>
  <node id="12806861773" lat="39.2327289" lon="33.0063817"/>
  <node id="12806861774" lat="39.2330966" lon="33.0061161"/>
  <node id="12879410165" lat="39.1721596" lon="33.1313485"/>
  <node id="12879410154" lat="39.1796991" lon="33.1347281"/>
  <node id="12879410155" lat="39.1795577" lon="33.1343794"/>
  <node id="12879410156" lat="39.1792666" lon="33.1336766"/>
  <node id="12879410157" lat="39.1791252" lon="33.1330705"/>
  <node id="12879410158" lat="39.1789922" lon="33.1326789"/>
  <node id="12879410159" lat="39.1787926" lon="33.1323355"/>
  <node id="12879410160" lat="39.1785347" lon="33.1319332"/>
  <node id="12879410161" lat="39.1781106" lon="33.1314504"/>
  <node id="12879410162" lat="39.1774369" lon="33.1309944"/>
  <node id="12879410163" lat="39.1764555" lon="33.1304687"/>
  <node id="12879410164" lat="39.1761020" lon="33.1332153"/>
  <node id="12806861642" lat="39.2002569" lon="33.0309588"/>
  <node id="12806861632" lat="39.2009574" lon="33.0355963"/>
  <node id="12806861633" lat="39.2011839" lon="33.0356634"/>
  <node id="12806861634" lat="39.2014729" lon="33.0356768"/>
  <node id="12806861635" lat="39.2016059" lon="33.0348212"/>
  <node id="12806861636" lat="39.2016994" lon="33.0342633"/>
  <node id="12806861637" lat="39.2017701" lon="33.0336839"/>
  <node id="12806861638" lat="39.2017742" lon="33.0333728"/>
  <node id="12806861639" lat="39.2011341" lon="33.0323750"/>
  <node id="12806861640" lat="39.2008160" lon="33.0318975"/>
  <node id="12806861641" lat="39.2004959" lon="33.0315167"/>
  <node id="12806861618" lat="39.2067022" lon="33.0417895"/>
  <node id="12806861619" lat="39.2062990" lon="33.0411136"/>
  <node id="12806861620" lat="39.2058792" lon="33.0407488"/>
  <node id="12806861621" lat="39.2052474" lon="33.0406952"/>
  <node id="12806861622" lat="39.2045739" lon="33.0400836"/>
  <node id="12806861623" lat="39.2043786" lon="33.0398959"/>
  <node id="12806861624" lat="39.2039587" lon="33.0394989"/>
  <node id="12806861625" lat="39.2033061" lon="33.0389625"/>
  <node id="12806861626" lat="39.2028571" lon="33.0386782"/>
  <node id="12806861627" lat="39.2026160" lon="33.0385816"/>
  <node id="12806861628" lat="39.2026160" lon="33.0387104"/>
  <node id="12806861629" lat="39.2011943" lon="33.0380934"/>
  <node id="12806861630" lat="39.2009033" lon="33.0379593"/>
  <node id="12806861631" lat="39.2006851" lon="33.0375570"/>
  <node id="12806861612" lat="39.2084356" lon="33.0485648"/>
  <node id="12806861613" lat="39.2081695" lon="33.0486399"/>
  <node id="12806861614" lat="39.2081030" lon="33.0484414"/>
  <node id="12806861615" lat="39.2077331" lon="33.0459791"/>
  <node id="12806861616" lat="39.2076666" lon="33.0459470"/>
  <node id="12806861617" lat="39.2076084" lon="33.0458987"/>
  <node id="12806861606" lat="39.2090549" lon="33.0538058"/>
  <node id="12806861607" lat="39.2091089" lon="33.0537522"/>
  <node id="12806861608" lat="39.2096742" lon="33.0535483"/>
  <node id="12806861609" lat="39.2096451" lon="33.0527276"/>
  <node id="12806861610" lat="39.2096036" lon="33.0515796"/>
  <node id="12806861611" lat="39.2088554" lon="33.0517405"/>
  <node id="12806861599" lat="39.2108256" lon="33.0625606"/>
  <node id="12806861600" lat="39.2102852" lon="33.0615842"/>
  <node id="12806861601" lat="39.2104640" lon="33.0601519"/>
  <node id="12806861602" lat="39.2111082" lon="33.0601680"/>
  <node id="12806861603" lat="39.2112537" lon="33.0592936"/>
  <node id="12806861604" lat="39.2110168" lon="33.0594277"/>
  <node id="12806861605" lat="39.2106385" lon="33.0581778"/>
  <node id="12806861586" lat="39.2131241" lon="33.0682468"/>
  <node id="12806861587" lat="39.2124923" lon="33.0683917"/>
  <node id="12806861588" lat="39.2120185" lon="33.0684239"/>
  <node id="12806861589" lat="39.2118730" lon="33.0669004"/>
  <node id="12806861590" lat="39.2111913" lon="33.0667072"/>
  <node id="12806861591" lat="39.2104764" lon="33.0664444"/>
  <node id="12806861592" lat="39.2104889" lon="33.0663371"/>
  <node id="12806861593" lat="39.2107882" lon="33.0652320"/>
  <node id="12806861594" lat="39.2109212" lon="33.0649745"/>
  <node id="12806861595" lat="39.2109170" lon="33.0648780"/>
  <node id="12806861596" lat="39.2109627" lon="33.0648458"/>
  <node id="12806861597" lat="39.2115737" lon="33.0635261"/>
  <node id="12806861598" lat="39.2106178" lon="33.0630594"/>
  <node id="12806861585" lat="39.2144416" lon="33.0691373"/>
  <node id="12806861573" lat="39.2199651" lon="33.0743515"/>
  <node id="12806861574" lat="39.2191588" lon="33.0739170"/>
  <node id="12806861575" lat="39.2183235" lon="33.0737024"/>
  <node id="12806861576" lat="39.2184897" lon="33.0717444"/>
  <node id="12806861577" lat="39.2185562" lon="33.0711061"/>
  <node id="12806861578" lat="39.2185562" lon="33.0705267"/>
  <node id="12806861579" lat="39.2173884" lon="33.0710041"/>
  <node id="12806861580" lat="39.2165239" lon="33.0701941"/>
  <node id="12806861581" lat="39.2157758" lon="33.0699634"/>
  <node id="12806861582" lat="39.2150152" lon="33.0698669"/>
  <node id="12806861583" lat="39.2146536" lon="33.0698830"/>
  <node id="12806861584" lat="39.2144499" lon="33.0699634"/>
  <node id="13807014894" lat="39.2245608" lon="33.0688622"/>
  <node id="13807014895" lat="39.2232375" lon="33.0691768"/>
  <node id="13807014896" lat="39.2236581" lon="33.0687513"/>
  <node id="13807014897" lat="39.2241593" lon="33.0685922"/>
  <node id="13807014900" lat="39.2230271" lon="33.0694038"/>
  <node id="13807014903" lat="39.2223030" lon="33.0691571"/>
  <node id="13807014904" lat="39.2225115" lon="33.0690822"/>
  <node id="12806861559" lat="39.2264231" lon="33.0758750"/>
  <node id="12806861561" lat="39.2261946" lon="33.0759501"/>
  <node id="12806861564" lat="39.2248232" lon="33.0754137"/>
  <node id="12806861565" lat="39.2250892" lon="33.0741960"/>
  <node id="12806861566" lat="39.2238716" lon="33.0735039"/>
  <node id="12806861567" lat="39.2259370" lon="33.0715353"/>
  <node id="12806861568" lat="39.2214986" lon="33.0730748"/>
  <node id="12806861569" lat="39.2210041" lon="33.0734235"/>
  <node id="12806861570" lat="39.2209459" lon="33.0741799"/>
  <node id="12806861571" lat="39.2205843" lon="33.0747968"/>
  <node id="12806861572" lat="39.2204638" lon="33.0747592"/>
  <node id="13807014890" lat="39.2245926" lon="33.0722353"/>
  <node id="13807014891" lat="39.2254061" lon="33.0727704"/>
  <node id="13807014892" lat="39.2254860" lon="33.0707298"/>
  <node id="13807014893" lat="39.2253125" lon="33.0695419"/>
  <node id="13807014898" lat="39.2240387" lon="33.0709005"/>
  <node id="13807014899" lat="39.2238242" lon="33.0710542"/>
  <node id="13807014901" lat="39.2218306" lon="33.0717865"/>
  <node id="13807014902" lat="39.2222040" lon="33.0700996"/>
  <node id="13807014905" lat="39.2226706" lon="33.0695261"/>
  <node id="12806861562" lat="39.2252429" lon="33.0762452"/>
  <node id="12806861563" lat="39.2245780" lon="33.0760896"/>
  <node id="12806861556" lat="39.2277446" lon="33.0755049"/>
  <node id="12806861557" lat="39.2271213" lon="33.0754512"/>
  <node id="12806861560" lat="39.2270631" lon="33.0748934"/>
  <node id="12806861542" lat="39.2327144" lon="33.0815881"/>
  <node id="12806861544" lat="39.2329263" lon="33.0799037"/>
  <node id="12806861545" lat="39.2329678" lon="33.0796140"/>
  <node id="12806861546" lat="39.2321617" lon="33.0796194"/>
  <node id="12806861547" lat="39.2311520" lon="33.0790025"/>
  <node id="12806861548" lat="39.2309858" lon="33.0784392"/>
  <node id="12806861549" lat="39.2297641" lon="33.0777901"/>
  <node id="12806861550" lat="39.2292904" lon="33.0774683"/>
  <node id="12806861551" lat="39.2293278" lon="33.0774093"/>
  <node id="12806861552" lat="39.2293901" lon="33.0770230"/>
  <node id="12806861553" lat="39.2284510" lon="33.0768299"/>
  <node id="12806861554" lat="39.2279815" lon="33.0773556"/>
  <node id="12806861555" lat="39.2278651" lon="33.0765134"/>
  <node id="12806861558" lat="39.2265894" lon="33.0761057"/>
  <node id="12879410515" lat="39.2107341" lon="33.1349051"/>
  <node id="12879410516" lat="39.2106926" lon="33.1347334"/>
  <node id="12879410517" lat="39.2107466" lon="33.1347173"/>
  <node id="12879410518" lat="39.2108173" lon="33.1347173"/>
  <node id="12879410519" lat="39.2109212" lon="33.1347978"/>
  <node id="12879410520" lat="39.2110500" lon="33.1348729"/>
  <node id="12879410522" lat="39.2110999" lon="33.1346691"/>
  <node id="12879410523" lat="39.2110833" lon="33.1344759"/>
  <node id="12879410524" lat="39.2113244" lon="33.1345028"/>
  <node id="12879410525" lat="39.2115779" lon="33.1345940"/>
  <node id="12879410526" lat="39.2117774" lon="33.1348729"/>
  <node id="12879410533" lat="39.2133444" lon="33.1346315"/>
  <node id="12879410534" lat="39.2133444" lon="33.1345510"/>
  <node id="12879410535" lat="39.2142962" lon="33.1338644"/>
  <node id="12879410536" lat="39.2143211" lon="33.1337947"/>
  <node id="12879410537" lat="39.2142338" lon="33.1336123"/>
  <node id="12879410538" lat="39.2153352" lon="33.1330919"/>
  <node id="12879410539" lat="39.2153311" lon="33.1328773"/>
  <node id="12879410540" lat="39.2152604" lon="33.1322819"/>
  <node id="12879410541" lat="39.2153269" lon="33.1322282"/>
  <node id="12879410542" lat="39.2154433" lon="33.1321531"/>
  <node id="12879410543" lat="39.2158173" lon="33.1320351"/>
  <node id="12879410544" lat="39.2159919" lon="33.1319815"/>
  <node id="12879410545" lat="39.2161623" lon="33.1319117"/>
  <node id="12879410546" lat="39.2162246" lon="33.1318742"/>
  <node id="12879410547" lat="39.2163369" lon="33.1310588"/>
  <node id="12879410548" lat="39.2189801" lon="33.1300825"/>
  <node id="12879410549" lat="39.2196908" lon="33.1297928"/>
  <node id="12879410577" lat="39.2331257" lon="33.1218106"/>
  <node id="12879410551" lat="39.2233355" lon="33.1283981"/>
  <node id="12879410552" lat="39.2232898" lon="33.1282854"/>
  <node id="12879410553" lat="39.2232648" lon="33.1280655"/>
  <node id="12879410554" lat="39.2232648" lon="33.1279796"/>
  <node id="12879410555" lat="39.2232731" lon="33.1277972"/>
  <node id="12879410556" lat="39.2233272" lon="33.1276846"/>
  <node id="12879410557" lat="39.2234020" lon="33.1276470"/>
  <node id="12879410558" lat="39.2234934" lon="33.1276470"/>
  <node id="12879410559" lat="39.2236139" lon="33.1276739"/>
  <node id="12879410560" lat="39.2236846" lon="33.1277060"/>
  <node id="12879410561" lat="39.2238300" lon="33.1277972"/>
  <node id="12879410562" lat="39.2241874" lon="33.1280547"/>
  <node id="12879410563" lat="39.2246113" lon="33.1279099"/>
  <node id="12879410564" lat="39.2261322" lon="33.1272930"/>
  <node id="12879410550" lat="39.2214113" lon="33.1291437"/>
  <node id="12879410565" lat="39.2269883" lon="33.1269443"/>
  <node id="12879410566" lat="39.2276906" lon="33.1266761"/>
  <node id="12879410567" lat="39.2290619" lon="33.1262523"/>
  <node id="12879410568" lat="39.2304664" lon="33.1257802"/>
  <node id="12879410569" lat="39.2317337" lon="33.1253886"/>
  <node id="12879410570" lat="39.2325191" lon="33.1251419"/>
  <node id="12879410571" lat="39.2326936" lon="33.1250882"/>
  <node id="12879409115" lat="39.2387018" lon="32.8017962"/>
  <node id="12879409116" lat="39.2371229" lon="32.8021395"/>
  <node id="12879409117" lat="39.2355606" lon="32.8028369"/>
  <node id="12879409118" lat="39.2339485" lon="32.8042638"/>
  <node id="12879409112" lat="39.2445848" lon="32.8063023"/>
  <node id="12879409113" lat="39.2430808" lon="32.8053045"/>
  <node id="12879409114" lat="39.2411281" lon="32.8042424"/>
  <node id="12879409110" lat="39.2485148" lon="32.8043175"/>
  <node id="12879409111" lat="39.2472519" lon="32.8071499"/>
  <node id="12879409108" lat="39.2539151" lon="32.8059912"/>
  <node id="12879409109" lat="39.2528351" lon="32.8054011"/>
  <node id="12879409104" lat="39.2576452" lon="32.8122890"/>
  <node id="12879409105" lat="39.2569557" lon="32.8101969"/>
  <node id="12879409106" lat="39.2565154" lon="32.8094458"/>
  <node id="12879409107" lat="39.2561665" lon="32.8089309"/>
  <node id="12879409102" lat="39.2614749" lon="32.8195310"/>
  <node id="12879409103" lat="39.2612423" lon="32.8188980"/>
  <node id="12879409072" lat="39.2577948" lon="32.8328669"/>
  <node id="12879409073" lat="39.2589412" lon="32.8314292"/>
  <node id="12879409074" lat="39.2592984" lon="32.8308606"/>
  <node id="973502374" lat="39.2592574" lon="32.8391512"/>
  <node id="12879409061" lat="39.2589744" lon="32.8386390"/>
  <node id="12879409062" lat="39.2585840" lon="32.8358495"/>
  <node id="12879409063" lat="39.2585840" lon="32.8356886"/>
  <node id="12879409064" lat="39.2586587" lon="32.8354633"/>
  <node id="12879409065" lat="39.2587252" lon="32.8352272"/>
  <node id="12879409066" lat="39.2585923" lon="32.8352058"/>
  <node id="12879409067" lat="39.2583264" lon="32.8351307"/>
  <node id="12879409068" lat="39.2580938" lon="32.8349268"/>
  <node id="12879409069" lat="39.2579111" lon="32.8348195"/>
  <node id="12879409070" lat="39.2576037" lon="32.8345191"/>
  <node id="12879409071" lat="39.2569890" lon="32.8340149"/>
  <node id="12879409806" lat="39.2581852" lon="32.8626501"/>
  <node id="12879409807" lat="39.2569557" lon="32.8646135"/>
  <node id="12879409808" lat="39.2564240" lon="32.8650963"/>
  <node id="12879409809" lat="39.2548622" lon="32.8670168"/>
  <node id="12879409810" lat="39.2544136" lon="32.8688300"/>
  <node id="12879409811" lat="39.2538736" lon="32.8708148"/>
  <node id="12879409812" lat="39.2539151" lon="32.8716624"/>
  <node id="12879409813" lat="39.2538819" lon="32.8718018"/>
  <node id="7365571145" lat="39.2644487" lon="32.8236401"/>
  <node id="12879409086" lat="39.2619567" lon="32.8269017"/>
  <node id="12879409087" lat="39.2622640" lon="32.8266656"/>
  <node id="12879409088" lat="39.2620730" lon="32.8265369"/>
  <node id="12879409089" lat="39.2623471" lon="32.8263652"/>
  <node id="12879409090" lat="39.2626129" lon="32.8260219"/>
  <node id="12879409091" lat="39.2626627" lon="32.8258932"/>
  <node id="12879409092" lat="39.2627541" lon="32.8256464"/>
  <node id="12879409093" lat="39.2628206" lon="32.8254855"/>
  <node id="12879409094" lat="39.2628953" lon="32.8252923"/>
  <node id="12879409095" lat="39.2629950" lon="32.8251207"/>
  <node id="12879409096" lat="39.2631196" lon="32.8249812"/>
  <node id="12879409097" lat="39.2632276" lon="32.8248417"/>
  <node id="12879409098" lat="39.2633190" lon="32.8246379"/>
  <node id="12879409099" lat="39.2634436" lon="32.8244233"/>
  <node id="12879409100" lat="39.2636346" lon="32.8240371"/>
  <node id="12879409075" lat="39.2595559" lon="32.8304422"/>
  <node id="12879409076" lat="39.2597387" lon="32.8301632"/>
  <node id="12879409077" lat="39.2599214" lon="32.8298521"/>
  <node id="12879409078" lat="39.2603617" lon="32.8293586"/>
  <node id="12879409079" lat="39.2607438" lon="32.8286719"/>
  <node id="12879409080" lat="39.2609598" lon="32.8283501"/>
  <node id="12879409081" lat="39.2611010" lon="32.8281891"/>
  <node id="12879409082" lat="39.2612838" lon="32.8281355"/>
  <node id="12879409083" lat="39.2613503" lon="32.8278887"/>
  <node id="12879409084" lat="39.2614832" lon="32.8275776"/>
  <node id="12879409085" lat="39.2616991" lon="32.8272021"/>
  <node id="12879409796" lat="39.2596639" lon="32.8399211"/>
  <node id="12879409797" lat="39.2623056" lon="32.8439927"/>
  <node id="12879409798" lat="39.2620979" lon="32.8463852"/>
  <node id="12879409799" lat="39.2612423" lon="32.8498185"/>
  <node id="12879409800" lat="39.2612423" lon="32.8528011"/>
  <node id="12879409801" lat="39.2621477" lon="32.8578007"/>
  <node id="12879409802" lat="39.2626627" lon="32.8596032"/>
  <node id="12879409803" lat="39.2614333" lon="32.8610408"/>
  <node id="12879409804" lat="39.2608601" lon="32.8621030"/>
  <node id="12879409805" lat="39.2596141" lon="32.8623927"/>
  <node id="12879409814" lat="39.2572465" lon="32.8735077"/>
  <node id="12879409815" lat="39.2582600" lon="32.8745913"/>
  <node id="12879409816" lat="39.2588249" lon="32.8751814"/>
  <node id="12879409817" lat="39.2591073" lon="32.8757393"/>
  <node id="12879409818" lat="39.2592818" lon="32.8761685"/>
  <node id="12879409872" lat="39.2356770" lon="32.9034948"/>
  <node id="12879409866" lat="39.2446928" lon="32.9095781"/>
  <node id="12879409867" lat="39.2436292" lon="32.9083443"/>
  <node id="12879409868" lat="39.2432968" lon="32.9065525"/>
  <node id="12879409869" lat="39.2426487" lon="32.9068100"/>
  <node id="12879409870" lat="39.2405797" lon="32.9061770"/>
  <node id="12879409871" lat="39.2397238" lon="32.9056513"/>
  <node id="12879409898" lat="39.2335496" lon="32.9179788"/>
  <node id="12879409899" lat="39.2360260" lon="32.9176569"/>
  <node id="12879409900" lat="39.2357434" lon="32.9181826"/>
  <node id="12879409901" lat="39.2358681" lon="32.9182684"/>
  <node id="12879409902" lat="39.2362171" lon="32.9183221"/>
  <node id="12879409903" lat="39.2364997" lon="32.9173994"/>
  <node id="12879409904" lat="39.2373306" lon="32.9170132"/>
  <node id="12879409905" lat="39.2379289" lon="32.9172921"/>
  <node id="12879409906" lat="39.2379289" lon="32.9179573"/>
  <node id="12879409907" lat="39.2382364" lon="32.9181075"/>
  <node id="12879409908" lat="39.2385854" lon="32.9183221"/>
  <node id="12879409909" lat="39.2387350" lon="32.9184186"/>
  <node id="12879409910" lat="39.2388181" lon="32.9183650"/>
  <node id="12879409911" lat="39.2388513" lon="32.9181504"/>
  <node id="12879409912" lat="39.2388846" lon="32.9178500"/>
  <node id="12879409913" lat="39.2389510" lon="32.9177642"/>
  <node id="12879409914" lat="39.2399482" lon="32.9186225"/>
  <node id="12879409915" lat="39.2408955" lon="32.9196095"/>
  <node id="12879409916" lat="39.2415187" lon="32.9198348"/>
  <node id="12879409917" lat="39.2416849" lon="32.9198670"/>
  <node id="12879409918" lat="39.2418594" lon="32.9196846"/>
  <node id="12879409919" lat="39.2418677" lon="32.9194271"/>
  <node id="12879409920" lat="39.2422000" lon="32.9194486"/>
  <node id="12879409921" lat="39.2424742" lon="32.9194379"/>
  <node id="12879409922" lat="39.2425656" lon="32.9195237"/>
  <node id="12879409923" lat="39.2428814" lon="32.9204893"/>
  <node id="12879409924" lat="39.2429811" lon="32.9202533"/>
  <node id="12879409925" lat="39.2430808" lon="32.9198348"/>
  <node id="12879409926" lat="39.2431888" lon="32.9194915"/>
  <node id="12879409927" lat="39.2432470" lon="32.9193199"/>
  <node id="12879409928" lat="39.2433550" lon="32.9192340"/>
  <node id="12879409929" lat="39.2434547" lon="32.9192448"/>
  <node id="12879409930" lat="39.2435960" lon="32.9193199"/>
  <node id="12879409931" lat="39.2436874" lon="32.9193842"/>
  <node id="12879409932" lat="39.2437871" lon="32.9195237"/>
  <node id="12879409933" lat="39.2438452" lon="32.9196203"/>
  <node id="12879409934" lat="39.2439616" lon="32.9198456"/>
  <node id="12879409935" lat="39.2440613" lon="32.9200065"/>
  <node id="12879409936" lat="39.2442025" lon="32.9201996"/>
  <node id="12879409937" lat="39.2443521" lon="32.9202318"/>
  <node id="12879409938" lat="39.2444518" lon="32.9202855"/>
  <node id="12879409939" lat="39.2446180" lon="32.9203606"/>
  <node id="12879409940" lat="39.2447842" lon="32.9203927"/>
  <node id="12879409941" lat="39.2448839" lon="32.9204249"/>
  <node id="12879409942" lat="39.2451248" lon="32.9204357"/>
  <node id="12879409943" lat="39.2452412" lon="32.9204249"/>
  <node id="12879409944" lat="39.2453907" lon="32.9205000"/>
  <node id="12879409945" lat="39.2454987" lon="32.9206180"/>
  <node id="12879409946" lat="39.2455818" lon="32.9209185"/>
  <node id="12879409947" lat="39.2457148" lon="32.9211652"/>
  <node id="12879409948" lat="39.2457148" lon="32.9212940"/>
  <node id="12879409949" lat="39.2455652" lon="32.9212832"/>
  <node id="12879409950" lat="39.2454073" lon="32.9212832"/>
  <node id="12879409951" lat="39.2458477" lon="32.9226351"/>
  <node id="12879409952" lat="39.2458560" lon="32.9228175"/>
  <node id="12879409861" lat="39.2521455" lon="32.9078293"/>
  <node id="12879409862" lat="39.2500518" lon="32.9105437"/>
  <node id="12879409864" lat="39.2469943" lon="32.9114342"/>
  <node id="12879409865" lat="39.2465041" lon="32.9107475"/>
  <node id="12879409842" lat="39.2592236" lon="32.9026365"/>
  <node id="12879409843" lat="39.2584178" lon="32.9023898"/>
  <node id="12879409844" lat="39.2583929" lon="32.9027438"/>
  <node id="12879409845" lat="39.2581188" lon="32.9037309"/>
  <node id="12879409846" lat="39.2578529" lon="32.9045463"/>
  <node id="12879409847" lat="39.2574625" lon="32.9055118"/>
  <node id="12879409849" lat="39.2569308" lon="32.9053831"/>
  <node id="12879409850" lat="39.2568394" lon="32.9054582"/>
  <node id="12879409857" lat="39.2545797" lon="32.9054260"/>
  <node id="12879409858" lat="39.2543803" lon="32.9052544"/>
  <node id="12879409859" lat="39.2541976" lon="32.9055440"/>
  <node id="12879409860" lat="39.2539899" lon="32.9053295"/>
  <node id="12879409848" lat="39.2573960" lon="32.9056728"/>
  <node id="12879409851" lat="39.2562994" lon="32.9064667"/>
  <node id="12879409852" lat="39.2560004" lon="32.9059195"/>
  <node id="12879409853" lat="39.2556764" lon="32.9061556"/>
  <node id="12879409854" lat="39.2555102" lon="32.9059517"/>
  <node id="12879409855" lat="39.2552444" lon="32.9059410"/>
  <node id="12879409856" lat="39.2549868" lon="32.9061663"/>
  <node id="12879409863" lat="39.2482157" lon="32.9124105"/>
  <node id="12879409953" lat="39.2465124" lon="32.9247916"/>
  <node id="12879409819" lat="39.2600128" lon="32.8768873"/>
  <node id="12879409820" lat="39.2603866" lon="32.8773594"/>
  <node id="12879409821" lat="39.2609266" lon="32.8781640"/>
  <node id="12879409822" lat="39.2615247" lon="32.8792798"/>
  <node id="12879409823" lat="39.2616244" lon="32.8795481"/>
  <node id="12879409824" lat="39.2619733" lon="32.8798377"/>
  <node id="12879409825" lat="39.2629120" lon="32.8807390"/>
  <node id="12879409826" lat="39.2632525" lon="32.8810608"/>
  <node id="12879409827" lat="39.2641247" lon="32.8817904"/>
  <node id="12879409828" lat="39.2648640" lon="32.8811574"/>
  <node id="12879409829" lat="39.2658110" lon="32.8819621"/>
  <node id="12879409830" lat="39.2671400" lon="32.8838932"/>
  <node id="12879409831" lat="39.2687514" lon="32.8859746"/>
  <node id="12879409832" lat="39.2701468" lon="32.8878415"/>
  <node id="12879409833" lat="39.2714425" lon="32.8895473"/>
  <node id="12879409835" lat="39.2721568" lon="32.8947830"/>
  <node id="12879409836" lat="39.2716751" lon="32.8964353"/>
  <node id="12879409834" lat="39.2730372" lon="32.8916180"/>
  <node id="12879409839" lat="39.2647643" lon="32.9022503"/>
  <node id="12879409840" lat="39.2621893" lon="32.9033339"/>
  <node id="12879409841" lat="39.2601042" lon="32.9028833"/>
  <node id="12879409837" lat="39.2707614" lon="32.9002118"/>
  <node id="12879409838" lat="39.2679955" lon="32.9015314"/>
  <node id="12879409954" lat="39.2461551" lon="32.9258644"/>
  <node id="12879409955" lat="39.2461551" lon="32.9264116"/>
  <node id="12879409956" lat="39.2461136" lon="32.9279673"/>
  <node id="12879409957" lat="39.2461136" lon="32.9282570"/>
  <node id="12879409958" lat="39.2463379" lon="32.9279673"/>
  <node id="12879409959" lat="39.2464875" lon="32.9278815"/>
  <node id="12879409960" lat="39.2466786" lon="32.9278064"/>
  <node id="12879409961" lat="39.2469943" lon="32.9276347"/>
  <node id="12879409962" lat="39.2473100" lon="32.9273987"/>
  <node id="12879409963" lat="39.2474679" lon="32.9272914"/>
  <node id="12879409964" lat="39.2476008" lon="32.9272699"/>
  <node id="12879409965" lat="39.2477255" lon="32.9279780"/>
  <node id="12879409966" lat="39.2478418" lon="32.9279780"/>
  <node id="12879409967" lat="39.2481409" lon="32.9279458"/>
  <node id="12879409968" lat="39.2483735" lon="32.9278278"/>
  <node id="12879409969" lat="39.2485480" lon="32.9276240"/>
  <node id="12879409970" lat="39.2486477" lon="32.9276991"/>
  <node id="12879409971" lat="39.2486810" lon="32.9279566"/>
  <node id="12879409972" lat="39.2486394" lon="32.9283321"/>
  <node id="12879409973" lat="39.2486477" lon="32.9289758"/>
  <node id="12879409974" lat="39.2485813" lon="32.9293620"/>
  <node id="12879409975" lat="39.2494786" lon="32.9297376"/>
  <node id="12879409976" lat="39.2500103" lon="32.9295659"/>
  <node id="12879409977" lat="39.2499521" lon="32.9304457"/>
  <node id="12879409978" lat="39.2503592" lon="32.9305959"/>
  <node id="12879409979" lat="39.2505670" lon="32.9305100"/>
  <node id="12879409980" lat="39.2511485" lon="32.9300380"/>
  <node id="12879409981" lat="39.2514393" lon="32.9307675"/>
  <node id="12879409982" lat="39.2519877" lon="32.9305315"/>
  <node id="12879409983" lat="39.2520043" lon="32.9301882"/>
  <node id="12879409984" lat="39.2533585" lon="32.9296410"/>
  <node id="12879409985" lat="39.2534665" lon="32.9302418"/>
  <node id="12879409986" lat="39.2553108" lon="32.9306924"/>
  <node id="12879409987" lat="39.2580274" lon="32.9340076"/>
  <node id="12879409988" lat="39.2592818" lon="32.9355526"/>
  <node id="12879409989" lat="39.2590990" lon="32.9360890"/>
  <node id="12879409990" lat="39.2595559" lon="32.9367220"/>
  <node id="12879409991" lat="39.2598633" lon="32.9363465"/>
  <node id="12879409992" lat="39.2610263" lon="32.9379773"/>
  <node id="12879409993" lat="39.2672729" lon="32.9420328"/>
  <node id="12879409994" lat="39.2680869" lon="32.9425263"/>
  <node id="12879409995" lat="39.2696069" lon="32.9434705"/>
  <node id="12879409996" lat="39.2705040" lon="32.9456270"/>
  <node id="12879409997" lat="39.2721236" lon="32.9478049"/>
  <node id="12879409998" lat="39.2751551" lon="32.9498756"/>
  <node id="12879409999" lat="39.2764092" lon="32.9509807"/>
  <node id="12879410003" lat="39.2818240" lon="32.9500258"/>
  <node id="12879410004" lat="39.2830946" lon="32.9514527"/>
  <node id="12879410000" lat="39.2771982" lon="32.9517209"/>
  <node id="12879410001" lat="39.2785519" lon="32.9520965"/>
  <node id="12879410002" lat="39.2789090" lon="32.9520750"/>
  <node id="12879410005" lat="39.2825548" lon="32.9520106"/>
  <node id="12879410006" lat="39.2829368" lon="32.9528260"/>
  <node id="12879410007" lat="39.2831029" lon="32.9531479"/>
  <node id="12879410008" lat="39.2831859" lon="32.9533839"/>
  <node id="12879410009" lat="39.2833188" lon="32.9536092"/>
  <node id="12879410010" lat="39.2833188" lon="32.9540491"/>
  <node id="12879410011" lat="39.2840994" lon="32.9541457"/>
  <node id="12879410012" lat="39.2841824" lon="32.9543602"/>
  <node id="12879410013" lat="39.2847388" lon="32.9549932"/>
  <node id="12879410014" lat="39.2846392" lon="32.9551756"/>
  <node id="12879410015" lat="39.2844316" lon="32.9554009"/>
  <node id="12879410016" lat="39.2842987" lon="32.9557443"/>
  <node id="12879410017" lat="39.2842572" lon="32.9558623"/>
  <node id="12879410018" lat="39.2843568" lon="32.9559910"/>
  <node id="12879410019" lat="39.2846724" lon="32.9561520"/>
  <node id="12879410020" lat="39.2847970" lon="32.9562485"/>
  <node id="12879410021" lat="39.2849298" lon="32.9564094"/>
  <node id="12879410022" lat="39.2851374" lon="32.9566562"/>
  <node id="12879410023" lat="39.2853201" lon="32.9570103"/>
  <node id="12879410024" lat="39.2855194" lon="32.9574931"/>
  <node id="12879410032" lat="39.2855609" lon="32.9605722"/>
  <node id="12879410033" lat="39.2853450" lon="32.9609048"/>
  <node id="12879410034" lat="39.2851706" lon="32.9610765"/>
  <node id="12879410035" lat="39.2852371" lon="32.9611838"/>
  <node id="12879410039" lat="39.2855443" lon="32.9632652"/>
  <node id="12879410040" lat="39.2853533" lon="32.9633617"/>
  <node id="12879410041" lat="39.2851125" lon="32.9635012"/>
  <node id="12879410042" lat="39.2848634" lon="32.9635441"/>
  <node id="12879410043" lat="39.2847388" lon="32.9636407"/>
  <node id="12879410044" lat="39.2848717" lon="32.9638016"/>
  <node id="12879410045" lat="39.2850129" lon="32.9638767"/>
  <node id="12879410046" lat="39.2852205" lon="32.9640806"/>
  <node id="12879410047" lat="39.2854447" lon="32.9641986"/>
  <node id="12806861775" lat="39.2334935" lon="33.0058211"/>
  <node id="12806861776" lat="39.2337116" lon="33.0055904"/>
  <node id="12806861777" lat="39.2339048" lon="33.0054000"/>
  <node id="12806861778" lat="39.2340357" lon="33.0052632"/>
  <node id="12806861779" lat="39.2341147" lon="33.0054563"/>
  <node id="12806861780" lat="39.2344055" lon="33.0061001"/>
  <node id="12806861781" lat="39.2344408" lon="33.0062368"/>
  <node id="12806861782" lat="39.2342455" lon="33.0063334"/>
  <node id="12806861783" lat="39.2338591" lon="33.0065346"/>
  <node id="12806861784" lat="39.2337989" lon="33.0065641"/>
  <node id="12806861785" lat="39.2337864" lon="33.0066124"/>
  <node id="12806861786" lat="39.2337989" lon="33.0067036"/>
  <node id="12806861787" lat="39.2341334" lon="33.0077389"/>
  <node id="12806861788" lat="39.2341708" lon="33.0078462"/>
  <node id="12806861789" lat="39.2341998" lon="33.0079293"/>
  <node id="12806861790" lat="39.2341998" lon="33.0080688"/>
  <node id="12806861791" lat="39.2343453" lon="33.0079964"/>
  <node id="12806861792" lat="39.2345863" lon="33.0078676"/>
  <node id="12806861793" lat="39.2355045" lon="33.0079213"/>
  <node id="12806861794" lat="39.2355004" lon="33.0078784"/>
  <node id="12806861795" lat="39.2355502" lon="33.0078784"/>
  <node id="12806861796" lat="39.2355752" lon="33.0077764"/>
  <node id="12806861797" lat="39.2355502" lon="33.0072266"/>
  <node id="12806861798" lat="39.2355045" lon="33.0069047"/>
  <node id="12806861799" lat="39.2359055" lon="33.0068377"/>
  <node id="12806861800" lat="39.2359366" lon="33.0068564"/>
  <node id="12806861801" lat="39.2359013" lon="33.0072454"/>
  <node id="12806861802" lat="39.2359013" lon="33.0073902"/>
  <node id="12806861803" lat="39.2359366" lon="33.0074143"/>
  <node id="12806861804" lat="39.2360841" lon="33.0074197"/>
  <node id="12806861805" lat="39.2361319" lon="33.0074331"/>
  <node id="12806861806" lat="39.2361652" lon="33.0074733"/>
  <node id="12806861807" lat="39.2361756" lon="33.0075914"/>
  <node id="12806861808" lat="39.2361943" lon="33.0082431"/>
  <node id="12806861809" lat="39.2361984" lon="33.0083182"/>
  <node id="12806861810" lat="39.2368258" lon="33.0083317"/>
  <node id="12806861811" lat="39.2369214" lon="33.0083263"/>
  <node id="12806861812" lat="39.2372932" lon="33.0083692"/>
  <node id="12806861813" lat="39.2376069" lon="33.0084094"/>
  <node id="12806861814" lat="39.2378978" lon="33.0083451"/>
  <node id="12806861815" lat="39.2381824" lon="33.0082217"/>
  <node id="12806861816" lat="39.2384275" lon="33.0081332"/>
  <node id="12806861817" lat="39.2388222" lon="33.0080393"/>
  <node id="12806861818" lat="39.2392647" lon="33.0079374"/>
  <node id="12806861819" lat="39.2395015" lon="33.0078810"/>
  <node id="12806861820" lat="39.2409590" lon="33.0072678"/>
  <node id="12806861821" lat="39.2410575" lon="33.0072222"/>
  <node id="12806861822" lat="39.2411946" lon="33.0071300"/>
  <node id="12806861823" lat="39.2413691" lon="33.0069745"/>
  <node id="12806861824" lat="39.2414480" lon="33.0069745"/>
  <node id="12806861825" lat="39.2415519" lon="33.0070764"/>
  <node id="12806861826" lat="39.2416558" lon="33.0071998"/>
  <node id="12806861827" lat="39.2416765" lon="33.0073821"/>
  <node id="12806861828" lat="39.2416849" lon="33.0076343"/>
  <node id="12806861829" lat="39.2417139" lon="33.0078006"/>
  <node id="12806861830" lat="39.2417804" lon="33.0079883"/>
  <node id="12806861831" lat="39.2418386" lon="33.0080903"/>
  <node id="12806861832" lat="39.2419051" lon="33.0081814"/>
  <node id="12806861833" lat="39.2419424" lon="33.0082297"/>
  <node id="12806861834" lat="39.2420255" lon="33.0083317"/>
  <node id="12806861835" lat="39.2422083" lon="33.0085301"/>
  <node id="12806861836" lat="39.2425864" lon="33.0088198"/>
  <node id="12806861837" lat="39.2425573" lon="33.0089110"/>
  <node id="12806861838" lat="39.2425573" lon="33.0090773"/>
  <node id="12806861839" lat="39.2426861" lon="33.0091846"/>
  <node id="13807014856" lat="39.2444215" lon="33.0099339"/>
  <node id="12806861840" lat="39.2438521" lon="33.0112361"/>
  <node id="12806861841" lat="39.2458519" lon="33.0116844"/>
  <node id="12879410623" lat="39.2442344" lon="33.0118457"/>
  <node id="12806861842" lat="39.2473474" lon="33.0119848"/>
  <node id="12806861843" lat="39.2480329" lon="33.0122799"/>
  <node id="12806861844" lat="39.2480038" lon="33.0126339"/>
  <node id="12806861845" lat="39.2480038" lon="33.0128807"/>
  <node id="12806861846" lat="39.2479830" lon="33.0132937"/>
  <node id="12806861847" lat="39.2478626" lon="33.0142164"/>
  <node id="12806861848" lat="39.2476258" lon="33.0151230"/>
  <node id="12806861849" lat="39.2476839" lon="33.0141842"/>
  <node id="12806861850" lat="39.2476050" lon="33.0152678"/>
  <node id="12806861851" lat="39.2476050" lon="33.0159599"/>
  <node id="12806861852" lat="39.2476673" lon="33.0164909"/>
  <node id="12806861853" lat="39.2480453" lon="33.0179554"/>
  <node id="12806861854" lat="39.2481575" lon="33.0182773"/>
  <node id="12806861855" lat="39.2482406" lon="33.0183846"/>
  <node id="12806861856" lat="39.2482905" lon="33.0185509"/>
  <node id="12806861857" lat="39.2483777" lon="33.0188727"/>
  <node id="12806861858" lat="39.2484358" lon="33.0192107"/>
  <node id="12806861859" lat="39.2484358" lon="33.0195486"/>
  <node id="12806861860" lat="39.2484442" lon="33.0197418"/>
  <node id="12806861861" lat="39.2485106" lon="33.0199134"/>
  <node id="12806861862" lat="39.2487723" lon="33.0204338"/>
  <node id="12806861863" lat="39.2490507" lon="33.0209112"/>
  <node id="12806861864" lat="39.2492002" lon="33.0215764"/>
  <node id="12806861865" lat="39.2492459" lon="33.0219358"/>
  <node id="12806861866" lat="39.2492667" lon="33.0225152"/>
  <node id="12806861867" lat="39.2492459" lon="33.0230462"/>
  <node id="12806861868" lat="39.2491753" lon="33.0233788"/>
  <node id="12806861869" lat="39.2490590" lon="33.0237329"/>
  <node id="12806861870" lat="39.2489801" lon="33.0244678"/>
  <node id="12806861871" lat="39.2489676" lon="33.0247146"/>
  <node id="12806861872" lat="39.2489344" lon="33.0250633"/>
  <node id="12806861873" lat="39.2488637" lon="33.0253583"/>
  <node id="12806861874" lat="39.2488014" lon="33.0255943"/>
  <node id="12806861875" lat="39.2488471" lon="33.0256748"/>
  <node id="12806861876" lat="39.2489593" lon="33.0256802"/>
  <node id="12806861877" lat="39.2491088" lon="33.0256909"/>
  <node id="12806861878" lat="39.2493373" lon="33.0256909"/>
  <node id="12806861879" lat="39.2503343" lon="33.0256641"/>
  <node id="12806861880" lat="39.2508536" lon="33.0256748"/>
  <node id="12806861881" lat="39.2513396" lon="33.0256212"/>
  <node id="12806861882" lat="39.2514975" lon="33.0256212"/>
  <node id="12806861883" lat="39.2515182" lon="33.0259591"/>
  <node id="12806861884" lat="39.2515598" lon="33.0260181"/>
  <node id="12806861885" lat="39.2516595" lon="33.0259699"/>
  <node id="12806861886" lat="39.2517550" lon="33.0259538"/>
  <node id="12806861887" lat="39.2518340" lon="33.0260074"/>
  <node id="12806861888" lat="39.2519087" lon="33.0261683"/>
  <node id="12806861889" lat="39.2519710" lon="33.0261683"/>
  <node id="12806861890" lat="39.2520915" lon="33.0261683"/>
  <node id="12806861891" lat="39.2522452" lon="33.0262113"/>
  <node id="12806861892" lat="39.2524238" lon="33.0261844"/>
  <node id="12806861893" lat="39.2525443" lon="33.0261522"/>
  <node id="12806861894" lat="39.2529722" lon="33.0261683"/>
  <node id="12806861895" lat="39.2530802" lon="33.0265009"/>
  <node id="12806861896" lat="39.2531965" lon="33.0267477"/>
  <node id="12806861897" lat="39.2533086" lon="33.0267370"/>
  <node id="12806861898" lat="39.2536908" lon="33.0265331"/>
  <node id="12806861899" lat="39.2539234" lon="33.0264205"/>
  <node id="12806861900" lat="39.2540813" lon="33.0264151"/>
  <node id="12806861901" lat="39.2543845" lon="33.0262864"/>
  <node id="12806861902" lat="39.2544385" lon="33.0262488"/>
  <node id="12806861903" lat="39.2543928" lon="33.0259913"/>
  <node id="12806861904" lat="39.2550948" lon="33.0259162"/>
  <node id="12806861905" lat="39.2561623" lon="33.0260396"/>
  <node id="12806861906" lat="39.2555850" lon="33.0268764"/>
  <node id="12806861907" lat="39.2555850" lon="33.0270588"/>
  <node id="12806861908" lat="39.2555974" lon="33.0271769"/>
  <node id="12806861909" lat="39.2556930" lon="33.0273646"/>
  <node id="12806861910" lat="39.2558467" lon="33.0276328"/>
  <node id="12806861911" lat="39.2562870" lon="33.0281532"/>
  <node id="12806861912" lat="39.2568186" lon="33.0283302"/>
  <node id="12806861913" lat="39.2572548" lon="33.0285662"/>
  <node id="12806861914" lat="39.2575497" lon="33.0274719"/>
  <node id="12806861915" lat="39.2576120" lon="33.0271286"/>
  <node id="12806861916" lat="39.2577034" lon="33.0271447"/>
  <node id="12806861917" lat="39.2578529" lon="33.0271715"/>
  <node id="12806861918" lat="39.2582849" lon="33.0273002"/>
  <node id="12806861919" lat="39.2581603" lon="33.0279332"/>
  <node id="12806861920" lat="39.2580149" lon="33.0283678"/>
  <node id="12806861921" lat="39.2577325" lon="33.0290919"/>
  <node id="12806861922" lat="39.2584220" lon="33.0293709"/>
  <node id="12806861923" lat="39.2590409" lon="33.0294836"/>
  <node id="12806862126" lat="39.2825735" lon="32.9907900"/>
  <node id="12806862127" lat="39.2825641" lon="32.9907243"/>
  <node id="12806862128" lat="39.2825610" lon="32.9906733"/>
  <node id="12806862129" lat="39.2825662" lon="32.9906157"/>
  <node id="12806862130" lat="39.2825890" lon="32.9905540"/>
  <node id="12806862131" lat="39.2826098" lon="32.9905137"/>
  <node id="12806862132" lat="39.2826306" lon="32.9904936"/>
  <node id="12806862133" lat="39.2827188" lon="32.9903957"/>
  <node id="12806862134" lat="39.2827582" lon="32.9903649"/>
  <node id="12806862135" lat="39.2834807" lon="32.9889393"/>
  <node id="12806862136" lat="39.2840610" lon="32.9877913"/>
  <node id="12806862137" lat="39.2840952" lon="32.9877712"/>
  <node id="12806862138" lat="39.2841336" lon="32.9877524"/>
  <node id="12806862139" lat="39.2841990" lon="32.9877149"/>
  <node id="12806862140" lat="39.2842862" lon="32.9876786"/>
  <node id="12806862141" lat="39.2843890" lon="32.9876478"/>
  <node id="12806862142" lat="39.2845271" lon="32.9876330"/>
  <node id="12806862143" lat="39.2846060" lon="32.9876398"/>
  <node id="12806862144" lat="39.2846558" lon="32.9876465"/>
  <node id="12806862145" lat="39.2846713" lon="32.9876626"/>
  <node id="12806862146" lat="39.2847170" lon="32.9876491"/>
  <node id="12806862147" lat="39.2847347" lon="32.9876357"/>
  <node id="12806862148" lat="39.2847596" lon="32.9876089"/>
  <node id="12806862149" lat="39.2847617" lon="32.9875472"/>
  <node id="12806862150" lat="39.2847575" lon="32.9874560"/>
  <node id="12806862151" lat="39.2847181" lon="32.9872575"/>
  <node id="12806862152" lat="39.2846392" lon="32.9869571"/>
  <node id="12806862153" lat="39.2845717" lon="32.9867090"/>
  <node id="12806862154" lat="39.2845655" lon="32.9866567"/>
  <node id="12806862155" lat="39.2846060" lon="32.9866138"/>
  <node id="12806862156" lat="39.2846599" lon="32.9866004"/>
  <node id="12806862157" lat="39.2847367" lon="32.9865763"/>
  <node id="12806862158" lat="39.2848302" lon="32.9865387"/>
  <node id="12806862159" lat="39.2849132" lon="32.9864985"/>
  <node id="12806862160" lat="39.2848883" lon="32.9863429"/>
  <node id="12806862161" lat="39.2848239" lon="32.9860371"/>
  <node id="12806862162" lat="39.2847949" lon="32.9859540"/>
  <node id="12806862163" lat="39.2848177" lon="32.9859325"/>
  <node id="12806862164" lat="39.2849298" lon="32.9858306"/>
  <node id="12806862165" lat="39.2851727" lon="32.9856107"/>
  <node id="12806862166" lat="39.2854696" lon="32.9853451"/>
  <node id="12806862057" lat="39.2763272" lon="33.0034192"/>
  <node id="12806862058" lat="39.2763884" lon="33.0031523"/>
  <node id="12806862059" lat="39.2767383" lon="33.0034889"/>
  <node id="12806862062" lat="39.2776539" lon="33.0033146"/>
  <node id="12806862063" lat="39.2776197" lon="33.0031362"/>
  <node id="12806862064" lat="39.2777235" lon="33.0030195"/>
  <node id="12806862065" lat="39.2778761" lon="33.0027768"/>
  <node id="12806862066" lat="39.2779571" lon="33.0026320"/>
  <node id="12806862067" lat="39.2780308" lon="33.0025461"/>
  <node id="12806862068" lat="39.2781200" lon="33.0024965"/>
  <node id="12806862069" lat="39.2782467" lon="33.0024791"/>
  <node id="12806862070" lat="39.2784066" lon="33.0024898"/>
  <node id="12806862071" lat="39.2785872" lon="33.0025180"/>
  <node id="12806862072" lat="39.2787377" lon="33.0025555"/>
  <node id="12806862073" lat="39.2788799" lon="33.0026078"/>
  <node id="12806862074" lat="39.2788903" lon="33.0025461"/>
  <node id="12806862075" lat="39.2788986" lon="33.0024429"/>
  <node id="12806862076" lat="39.2788716" lon="33.0022041"/>
  <node id="12806862077" lat="39.2788363" lon="33.0019882"/>
  <node id="12806862078" lat="39.2787896" lon="33.0017173"/>
  <node id="12806862079" lat="39.2787585" lon="33.0015108"/>
  <node id="12806862080" lat="39.2787273" lon="33.0013016"/>
  <node id="12806862081" lat="39.2786661" lon="33.0010481"/>
  <node id="12806862082" lat="39.2786235" lon="33.0009194"/>
  <node id="12806862083" lat="39.2785644" lon="33.0008054"/>
  <node id="12806862084" lat="39.2785394" lon="33.0007665"/>
  <node id="12806862085" lat="39.2785021" lon="33.0007330"/>
  <node id="12806862086" lat="39.2784709" lon="33.0007249"/>
  <node id="12806862108" lat="39.2802139" lon="32.9973628"/>
  <node id="12806862109" lat="39.2803156" lon="32.9972528"/>
  <node id="12806862110" lat="39.2803842" lon="32.9971871"/>
  <node id="12806862111" lat="39.2804330" lon="32.9971562"/>
  <node id="12806862112" lat="39.2805347" lon="32.9971173"/>
  <node id="12806862113" lat="39.2806551" lon="32.9970959"/>
  <node id="12806862114" lat="39.2810132" lon="32.9969001"/>
  <node id="12806862115" lat="39.2814638" lon="32.9915048"/>
  <node id="12806862116" lat="39.2816735" lon="32.9914874"/>
  <node id="12806862117" lat="39.2818074" lon="32.9914673"/>
  <node id="12806862118" lat="39.2818873" lon="32.9914659"/>
  <node id="12806862119" lat="39.2819351" lon="32.9914659"/>
  <node id="12806862120" lat="39.2823181" lon="32.9914351"/>
  <node id="12806862121" lat="39.2827904" lon="32.9913868"/>
  <node id="12806862122" lat="39.2827499" lon="32.9912607"/>
  <node id="12806862123" lat="39.2826534" lon="32.9910488"/>
  <node id="12806862124" lat="39.2826264" lon="32.9909711"/>
  <node id="12806862125" lat="39.2825870" lon="32.9908477"/>
  <node id="12806862087" lat="39.2796803" lon="32.9986086"/>
  <node id="12806862088" lat="39.2797011" lon="32.9986234"/>
  <node id="12806862089" lat="39.2797343" lon="32.9986314"/>
  <node id="12806862090" lat="39.2798340" lon="32.9986341"/>
  <node id="12806862091" lat="39.2800987" lon="32.9986663"/>
  <node id="12806862092" lat="39.2801527" lon="32.9986636"/>
  <node id="12806862093" lat="39.2801859" lon="32.9986636"/>
  <node id="12806862094" lat="39.2802139" lon="32.9986650"/>
  <node id="12806862095" lat="39.2802430" lon="32.9986717"/>
  <node id="12806862096" lat="39.2802596" lon="32.9986744"/>
  <node id="12806862097" lat="39.2803935" lon="32.9988004"/>
  <node id="12806862098" lat="39.2804309" lon="32.9988863"/>
  <node id="12806862099" lat="39.2804766" lon="32.9990365"/>
  <node id="12806862100" lat="39.2805160" lon="32.9991437"/>
  <node id="12806862101" lat="39.2805866" lon="32.9992282"/>
  <node id="12806862102" lat="39.2806032" lon="32.9991652"/>
  <node id="12806862103" lat="39.2806343" lon="32.9991049"/>
  <node id="12806862104" lat="39.2807568" lon="32.9989828"/>
  <node id="12806862105" lat="39.2808056" lon="32.9989359"/>
  <node id="12806862106" lat="39.2807932" lon="32.9989104"/>
  <node id="12806862107" lat="39.2807527" lon="32.9987924"/>
  <node id="12806861924" lat="39.2605569" lon="33.0295694"/>
  <node id="12806861925" lat="39.2604988" lon="33.0298752"/>
  <node id="12806861926" lat="39.2604406" lon="33.0301058"/>
  <node id="12806861931" lat="39.2618611" lon="33.0300415"/>
  <node id="12806861932" lat="39.2620273" lon="33.0299181"/>
  <node id="12806861933" lat="39.2620896" lon="33.0298054"/>
  <node id="12806861934" lat="39.2621934" lon="33.0295157"/>
  <node id="12806861935" lat="39.2623097" lon="33.0292636"/>
  <node id="12806861936" lat="39.2624717" lon="33.0290544"/>
  <node id="12806861937" lat="39.2626627" lon="33.0288988"/>
  <node id="12806861938" lat="39.2628912" lon="33.0288720"/>
  <node id="12806861939" lat="39.2630282" lon="33.0288881"/>
  <node id="12806861940" lat="39.2631404" lon="33.0289042"/>
  <node id="12806861941" lat="39.2633688" lon="33.0288398"/>
  <node id="12806861942" lat="39.2634976" lon="33.0287540"/>
  <node id="12806862040" lat="39.2769739" lon="33.0093938"/>
  <node id="12806862041" lat="39.2769407" lon="33.0093268"/>
  <node id="12806862042" lat="39.2758237" lon="33.0064782"/>
  <node id="12806862043" lat="39.2759192" lon="33.0063871"/>
  <node id="12806862044" lat="39.2760541" lon="33.0062449"/>
  <node id="12806862045" lat="39.2761870" lon="33.0061322"/>
  <node id="12806862046" lat="39.2763594" lon="33.0059954"/>
  <node id="12806862047" lat="39.2764798" lon="33.0058989"/>
  <node id="12806862048" lat="39.2764819" lon="33.0059257"/>
  <node id="12806862049" lat="39.2765359" lon="33.0061081"/>
  <node id="12806862050" lat="39.2766625" lon="33.0064326"/>
  <node id="12806862051" lat="39.2768224" lon="33.0068189"/>
  <node id="12806862052" lat="39.2769823" lon="33.0071810"/>
  <node id="12806862053" lat="39.2771463" lon="33.0076101"/>
  <node id="12806862054" lat="39.2771837" lon="33.0076504"/>
  <node id="12806862055" lat="39.2772221" lon="33.0076852"/>
  <node id="12806862056" lat="39.2776560" lon="33.0058520"/>
  <node id="12806862060" lat="39.2779830" lon="33.0044693"/>
  <node id="12806862061" lat="39.2779550" lon="33.0043714"/>
  <node id="12806862026" lat="39.2772937" lon="33.0168986"/>
  <node id="12806862027" lat="39.2772522" lon="33.0163863"/>
  <node id="12806862028" lat="39.2772252" lon="33.0161181"/>
  <node id="12806862029" lat="39.2771193" lon="33.0153188"/>
  <node id="12806862030" lat="39.2770134" lon="33.0145544"/>
  <node id="12806862031" lat="39.2769885" lon="33.0143023"/>
  <node id="12806862032" lat="39.2769885" lon="33.0139214"/>
  <node id="12806862033" lat="39.2770445" lon="33.0135700"/>
  <node id="12806862034" lat="39.2770840" lon="33.0133662"/>
  <node id="12806862035" lat="39.2770840" lon="33.0132911"/>
  <node id="12806862036" lat="39.2770798" lon="33.0132535"/>
  <node id="12806862037" lat="39.2774577" lon="33.0117166"/>
  <node id="12806862038" lat="39.2770861" lon="33.0106410"/>
  <node id="12806862039" lat="39.2770798" lon="33.0106088"/>
  <node id="12806862015" lat="39.2786163" lon="33.0232367"/>
  <node id="12806862016" lat="39.2784730" lon="33.0225581"/>
  <node id="12806862017" lat="39.2783069" lon="33.0216488"/>
  <node id="12806862018" lat="39.2782550" lon="33.0211633"/>
  <node id="12806862019" lat="39.2782176" lon="33.0206376"/>
  <node id="12806862020" lat="39.2781927" lon="33.0205089"/>
  <node id="12806862021" lat="39.2778045" lon="33.0206135"/>
  <node id="12806862022" lat="39.2776695" lon="33.0197176"/>
  <node id="12806862023" lat="39.2775283" lon="33.0187842"/>
  <node id="12806862024" lat="39.2775740" lon="33.0179420"/>
  <node id="12806862025" lat="39.2773373" lon="33.0171695"/>
  <node id="12806862010" lat="39.2777858" lon="33.0299851"/>
  <node id="12806862011" lat="39.2777692" lon="33.0298939"/>
  <node id="12806862012" lat="39.2777733" lon="33.0293897"/>
  <node id="12806862013" lat="39.2777609" lon="33.0262434"/>
  <node id="12806862014" lat="39.2777484" lon="33.0246207"/>
  <node id="12879410025" lat="39.2857021" lon="32.9581904"/>
  <node id="12879410026" lat="39.2857768" lon="32.9584479"/>
  <node id="12879410027" lat="39.2857685" lon="32.9587376"/>
  <node id="12879410028" lat="39.2856274" lon="32.9588985"/>
  <node id="12879410029" lat="39.2856523" lon="32.9590702"/>
  <node id="12879410030" lat="39.2858433" lon="32.9594672"/>
  <node id="12879410031" lat="39.2860343" lon="32.9597568"/>
  <node id="12879410036" lat="39.2855692" lon="32.9617739"/>
  <node id="12879410037" lat="39.2858350" lon="32.9628467"/>
  <node id="12879410038" lat="39.2858101" lon="32.9630613"/>
  <node id="12879410048" lat="39.2856025" lon="32.9643381"/>
  <node id="12879410049" lat="39.2857353" lon="32.9645955"/>
  <node id="12879410050" lat="39.2860426" lon="32.9647994"/>
  <node id="12879410051" lat="39.2863000" lon="32.9649925"/>
  <node id="12879410052" lat="39.2863913" lon="32.9650569"/>
  <node id="12879410053" lat="39.2865325" lon="32.9651856"/>
  <node id="12879410054" lat="39.2866571" lon="32.9653573"/>
  <node id="12879410055" lat="39.2865574" lon="32.9654968"/>
  <node id="12879410056" lat="39.2864329" lon="32.9655933"/>
  <node id="12879410057" lat="39.2862668" lon="32.9657113"/>
  <node id="12879410058" lat="39.2862751" lon="32.9658615"/>
  <node id="12879410059" lat="39.2863581" lon="32.9658723"/>
  <node id="12879410060" lat="39.2863996" lon="32.9659796"/>
  <node id="12879410061" lat="39.2863415" lon="32.9661727"/>
  <node id="12879410062" lat="39.2862668" lon="32.9663122"/>
  <node id="12879410063" lat="39.2862087" lon="32.9664516"/>
  <node id="12879410064" lat="39.2862087" lon="32.9666340"/>
  <node id="12879410065" lat="39.2862004" lon="32.9667842"/>
  <node id="12879410066" lat="39.2876120" lon="32.9676640"/>
  <node id="12879410067" lat="39.2878611" lon="32.9672778"/>
  <node id="12879410068" lat="39.2879857" lon="32.9675674"/>
  <node id="12879410069" lat="39.2880770" lon="32.9677391"/>
  <node id="12879410070" lat="39.2881684" lon="32.9679000"/>
  <node id="12879410071" lat="39.2882431" lon="32.9679966"/>
  <node id="12879410072" lat="39.2880936" lon="32.9684901"/>
  <node id="12879410073" lat="39.2897295" lon="32.9695308"/>
  <node id="12879410074" lat="39.2898872" lon="32.9692197"/>
  <node id="12879410075" lat="39.2900450" lon="32.9695845"/>
  <node id="12879410076" lat="39.2902443" lon="32.9699922"/>
  <node id="12879410077" lat="39.2903938" lon="32.9702067"/>
  <node id="12879410078" lat="39.2903938" lon="32.9705500"/>
  <node id="12879410079" lat="39.2903689" lon="32.9708075"/>
  <node id="12879410080" lat="39.2902692" lon="32.9709899"/>
  <node id="12879410081" lat="39.2901530" lon="32.9719341"/>
  <node id="12879410082" lat="39.2903522" lon="32.9720950"/>
  <node id="12879410083" lat="39.2904768" lon="32.9721808"/>
  <node id="12879410084" lat="39.2906595" lon="32.9723096"/>
  <node id="12879410085" lat="39.2907342" lon="32.9723954"/>
  <node id="12879410086" lat="39.2908505" lon="32.9725242"/>
  <node id="12879410087" lat="39.2909501" lon="32.9726422"/>
  <node id="12879410088" lat="39.2908422" lon="32.9728246"/>
  <node id="12879410089" lat="39.2907093" lon="32.9729855"/>
  <node id="12879410090" lat="39.2907010" lon="32.9731035"/>
  <node id="12879410091" lat="39.2906678" lon="32.9732966"/>
  <node id="12879410092" lat="39.2905432" lon="32.9734683"/>
  <node id="12879410093" lat="39.2902526" lon="32.9737902"/>
  <node id="12879410094" lat="39.2900782" lon="32.9740369"/>
  <node id="12879410095" lat="39.2901530" lon="32.9741979"/>
  <node id="12879410096" lat="39.2903606" lon="32.9744875"/>
  <node id="12879410097" lat="39.2905598" lon="32.9747128"/>
  <node id="12879410098" lat="39.2908172" lon="32.9750347"/>
  <node id="12879410099" lat="39.2911162" lon="32.9752064"/>
  <node id="12879410100" lat="39.2914815" lon="32.9753888"/>
  <node id="12879410101" lat="39.2918718" lon="32.9756677"/>
  <node id="12879410102" lat="39.2923285" lon="32.9757428"/>
  <node id="12879410103" lat="39.2929429" lon="32.9761290"/>
  <node id="12879410104" lat="39.2927021" lon="32.9765260"/>
  <node id="1479978942" lat="39.2900991" lon="32.9817563"/>
  <node id="12806862173" lat="39.2863498" lon="32.9839691"/>
  <node id="12806862174" lat="39.2869415" lon="32.9831216"/>
  <node id="12806862175" lat="39.2873878" lon="32.9824376"/>
  <node id="12806862176" lat="39.2874252" lon="32.9823679"/>
  <node id="12806862177" lat="39.2874875" lon="32.9827005"/>
  <node id="12806862178" lat="39.2875747" lon="32.9829097"/>
  <node id="12806862179" lat="39.2876162" lon="32.9830223"/>
  <node id="12806862180" lat="39.2876494" lon="32.9831886"/>
  <node id="12806862181" lat="39.2877075" lon="32.9834515"/>
  <node id="12806862182" lat="39.2877615" lon="32.9834247"/>
  <node id="12806862183" lat="39.2880729" lon="32.9833335"/>
  <node id="12806862184" lat="39.2883137" lon="32.9832691"/>
  <node id="12806862185" lat="39.2885337" lon="32.9831886"/>
  <node id="12806862186" lat="39.2886708" lon="32.9831350"/>
  <node id="12806862187" lat="39.2889489" lon="32.9829526"/>
  <node id="12806862188" lat="39.2889738" lon="32.9818851"/>
  <node id="12806862189" lat="39.2901779" lon="32.9811501"/>
  <node id="12806862190" lat="39.2913777" lon="32.9784143"/>
  <node id="12879410105" lat="39.2917721" lon="32.9778135"/>
  <node id="12806862167" lat="39.2857249" lon="32.9850689"/>
  <node id="12806862168" lat="39.2858184" lon="32.9849830"/>
  <node id="12806862169" lat="39.2858018" lon="32.9849294"/>
  <node id="12806862170" lat="39.2857727" lon="32.9848543"/>
  <node id="12806862171" lat="39.2858370" lon="32.9847604"/>
  <node id="12806862172" lat="39.2858931" lon="32.9846746"/>
  <node id="12806861543" lat="39.2332795" lon="33.0805367"/>
  <node id="12806861927" lat="39.2604365" lon="33.0303311"/>
  <node id="12806861928" lat="39.2604822" lon="33.0303365"/>
  <node id="12806861929" lat="39.2605902" lon="33.0303258"/>
  <node id="12806861930" lat="39.2607812" lon="33.0302614"/>
  <node id="12806861943" lat="39.2640790" lon="33.0307281"/>
  <node id="12806861944" lat="39.2640915" lon="33.0311143"/>
  <node id="12806861945" lat="39.2640375" lon="33.0312914"/>
  <node id="12806861946" lat="39.2639918" lon="33.0314684"/>
  <node id="12806861947" lat="39.2641829" lon="33.0316025"/>
  <node id="12806861948" lat="39.2643116" lon="33.0316293"/>
  <node id="12806861949" lat="39.2645276" lon="33.0316883"/>
  <node id="12806861950" lat="39.2646647" lon="33.0317044"/>
  <node id="12806861951" lat="39.2647560" lon="33.0317044"/>
  <node id="12806861952" lat="39.2648391" lon="33.0316883"/>
  <node id="12806861953" lat="39.2650841" lon="33.0316776"/>
  <node id="12806861954" lat="39.2652129" lon="33.0316830"/>
  <node id="12806861955" lat="39.2653790" lon="33.0317688"/>
  <node id="12806861956" lat="39.2655410" lon="33.0318600"/>
  <node id="12806861957" lat="39.2657445" lon="33.0320263"/>
  <node id="12806861958" lat="39.2658816" lon="33.0321228"/>
  <node id="12806861959" lat="39.2660269" lon="33.0322623"/>
  <node id="12806861960" lat="39.2663343" lon="33.0325574"/>
  <node id="12806861961" lat="39.2667164" lon="33.0329436"/>
  <node id="12806861962" lat="39.2668825" lon="33.0330777"/>
  <node id="12806861963" lat="39.2673850" lon="33.0335605"/>
  <node id="12806861964" lat="39.2677796" lon="33.0340218"/>
  <node id="12806861965" lat="39.2679623" lon="33.0342042"/>
  <node id="12806861966" lat="39.2680994" lon="33.0342954"/>
  <node id="12806861967" lat="39.2683859" lon="33.0345368"/>
  <node id="12806861968" lat="39.2685520" lon="33.0347299"/>
  <node id="12806861969" lat="39.2691127" lon="33.0353066"/>
  <node id="12806861970" lat="39.2695197" lon="33.0357304"/>
  <node id="12806861971" lat="39.2696692" lon="33.0359021"/>
  <node id="12806861972" lat="39.2699350" lon="33.0361301"/>
  <node id="12806861973" lat="39.2701385" lon="33.0362642"/>
  <node id="12806861974" lat="39.2702984" lon="33.0363661"/>
  <node id="12806861975" lat="39.2705974" lon="33.0364895"/>
  <node id="12806861976" lat="39.2708362" lon="33.0365914"/>
  <node id="12806861982" lat="39.2716418" lon="33.0366102"/>
  <node id="12806861983" lat="39.2716626" lon="33.0365270"/>
  <node id="12806861984" lat="39.2717041" lon="33.0364090"/>
  <node id="12806861985" lat="39.2716938" lon="33.0361864"/>
  <node id="12806861986" lat="39.2721880" lon="33.0344027"/>
  <node id="12806861987" lat="39.2722149" lon="33.0343464"/>
  <node id="12806861988" lat="39.2723042" lon="33.0341640"/>
  <node id="12806861989" lat="39.2723997" lon="33.0339923"/>
  <node id="12806861977" lat="39.2710293" lon="33.0367309"/>
  <node id="12806861978" lat="39.2711290" lon="33.0368301"/>
  <node id="12806861979" lat="39.2711933" lon="33.0369052"/>
  <node id="12806861980" lat="39.2714986" lon="33.0369320"/>
  <node id="12806861981" lat="39.2716232" lon="33.0369133"/>
  <node id="12806861990" lat="39.2724932" lon="33.0338395"/>
  <node id="12806861991" lat="39.2726302" lon="33.0336195"/>
  <node id="12806861992" lat="39.2726718" lon="33.0336061"/>
  <node id="12806861993" lat="39.2739446" lon="33.0331689"/>
  <node id="12806861994" lat="39.2749828" lon="33.0328095"/>
  <node id="12806861995" lat="39.2764839" lon="33.0322999"/>
  <node id="12806861996" lat="39.2767788" lon="33.0321631"/>
  <node id="12806861997" lat="39.2773228" lon="33.0319029"/>
  <node id="12806861998" lat="39.2769885" lon="33.0320638"/>
  <node id="12806861999" lat="39.2774577" lon="33.0318600"/>
  <node id="12806862000" lat="39.2774681" lon="33.0317232"/>
  <node id="12806862001" lat="39.2774785" lon="33.0314577"/>
  <node id="12806862002" lat="39.2774785" lon="33.0313879"/>
  <node id="12806862003" lat="39.2774889" lon="33.0313531"/>
  <node id="12806862004" lat="39.2775076" lon="33.0313316"/>
  <node id="12806862005" lat="39.2776716" lon="33.0313531"/>
  <node id="12806862006" lat="39.2776923" lon="33.0312967"/>
  <node id="12806862007" lat="39.2777775" lon="33.0309346"/>
  <node id="12806862008" lat="39.2778128" lon="33.0306074"/>
  <node id="12806862009" lat="39.2778107" lon="33.0302533"/>
  <node id="12806861531" lat="39.2396574" lon="33.0888677"/>
  <node id="12806861532" lat="39.2392460" lon="33.0883366"/>
  <node id="12806861533" lat="39.2381699" lon="33.0875373"/>
  <node id="12806861534" lat="39.2378832" lon="33.0872530"/>
  <node id="12806861535" lat="39.2373597" lon="33.0865824"/>
  <node id="12806861536" lat="39.2365952" lon="33.0858368"/>
  <node id="12806861537" lat="39.2360883" lon="33.0855632"/>
  <node id="12806861538" lat="39.2354692" lon="33.0850965"/>
  <node id="12806861539" lat="39.2347545" lon="33.0841899"/>
  <node id="12806861540" lat="39.2341063" lon="33.0836052"/>
  <node id="12806861541" lat="39.2336908" lon="33.0830580"/>
  <node id="12806861519" lat="39.2428606" lon="33.0955732"/>
  <node id="12806861520" lat="39.2425532" lon="33.0948436"/>
  <node id="12806861521" lat="39.2422166" lon="33.0941087"/>
  <node id="12806861522" lat="39.2420588" lon="33.0937171"/>
  <node id="12806861523" lat="39.2419715" lon="33.0934542"/>
  <node id="12806861524" lat="39.2419258" lon="33.0932611"/>
  <node id="12806861525" lat="39.2418884" lon="33.0930358"/>
  <node id="12806861526" lat="39.2420172" lon="33.0920595"/>
  <node id="12806861527" lat="39.2410575" lon="33.0911636"/>
  <node id="12806861528" lat="39.2409079" lon="33.0908471"/>
  <node id="12806861529" lat="39.2406919" lon="33.0904502"/>
  <node id="12806861530" lat="39.2402889" lon="33.0898815"/>
  <node id="12806851498" lat="39.2445847" lon="33.0993551"/>
  <node id="12806851499" lat="39.2444352" lon="33.0997467"/>
  <node id="12806851500" lat="39.2440280" lon="33.0991727"/>
  <node id="12806861501" lat="39.2435337" lon="33.1002241"/>
  <node id="12806861502" lat="39.2437081" lon="33.1018066"/>
  <node id="12806861504" lat="39.2431930" lon="33.1012273"/>
  <node id="12806861505" lat="39.2431224" lon="33.1012273"/>
  <node id="12806861506" lat="39.2430143" lon="33.1010932"/>
  <node id="12806861507" lat="39.2426820" lon="33.1006962"/>
  <node id="12806861508" lat="39.2424410" lon="33.1002188"/>
  <node id="12806861509" lat="39.2417098" lon="33.1005245"/>
  <node id="12806861510" lat="39.2413068" lon="33.0998218"/>
  <node id="12806861511" lat="39.2413483" lon="33.0994302"/>
  <node id="12806861512" lat="39.2426529" lon="33.0987382"/>
  <node id="12806861513" lat="39.2433550" lon="33.0978638"/>
  <node id="12806861514" lat="39.2436001" lon="33.0981803"/>
  <node id="12806861515" lat="39.2436957" lon="33.0974990"/>
  <node id="12806861516" lat="39.2432054" lon="33.0966890"/>
  <node id="12806861517" lat="39.2433592" lon="33.0964744"/>
  <node id="12806861518" lat="39.2432511" lon="33.0962759"/>
  <node id="12806861503" lat="39.2435212" lon="33.1023645"/>
  <node id="12806851494" lat="39.2478376" lon="33.1021070"/>
  <node id="12806851495" lat="39.2476590" lon="33.1019461"/>
  <node id="12806851496" lat="39.2474596" lon="33.1019461"/>
  <node id="7364453640" lat="39.2478260" lon="33.1025693"/>
  <node id="11200667091" lat="39.2502056" lon="33.1081688"/>
  <node id="11200667114" lat="39.2490216" lon="33.1037057"/>
  <node id="12806851497" lat="39.2471106" lon="33.1024611"/>
  <node id="12806862208" lat="39.2480204" lon="33.1023377"/>
  <node id="12806862209" lat="39.2479581" lon="33.1024396"/>
  <node id="12806862210" lat="39.2486436" lon="33.1024718"/>
  <node id="12806862211" lat="39.2493041" lon="33.1056046"/>
  <node id="12806862212" lat="39.2497361" lon="33.1065488"/>
  <node id="12879410578" lat="39.2332878" lon="33.1217623"/>
  <node id="12879410579" lat="39.2333003" lon="33.1214887"/>
  <node id="12879410580" lat="39.2334831" lon="33.1214726"/>
  <node id="12879410581" lat="39.2335454" lon="33.1215155"/>
  <node id="12879410582" lat="39.2337158" lon="33.1215155"/>
  <node id="12879410583" lat="39.2344678" lon="33.1214404"/>
  <node id="12879410584" lat="39.2346631" lon="33.1214458"/>
  <node id="12879410585" lat="39.2349748" lon="33.1214833"/>
  <node id="12879410586" lat="39.2352199" lon="33.1215477"/>
  <node id="12879410587" lat="39.2357102" lon="33.1216389"/>
  <node id="12879410588" lat="39.2365620" lon="33.1214726"/>
  <node id="12879410589" lat="39.2370564" lon="33.1210756"/>
  <node id="12879410590" lat="39.2372434" lon="33.1208825"/>
  <node id="12879410591" lat="39.2378126" lon="33.1205499"/>
  <node id="12879410592" lat="39.2392917" lon="33.1200188"/>
  <node id="12879410593" lat="39.2394745" lon="33.1208074"/>
  <node id="12879410594" lat="39.2395036" lon="33.1213009"/>
  <node id="12879410595" lat="39.2396116" lon="33.1215906"/>
  <node id="11200666473" lat="39.2452162" lon="33.1218374"/>
  <node id="11200666474" lat="39.2459474" lon="33.1216550"/>
  <node id="12879410599" lat="39.2415561" lon="33.1213707"/>
  <node id="12879410600" lat="39.2415436" lon="33.1208932"/>
  <node id="12879410601" lat="39.2414563" lon="33.1202227"/>
  <node id="12879410602" lat="39.2416225" lon="33.1202012"/>
  <node id="12879410603" lat="39.2418178" lon="33.1201798"/>
  <node id="12879410604" lat="39.2422914" lon="33.1201959"/>
  <node id="12879410605" lat="39.2425573" lon="33.1215262"/>
  <node id="12879410572" lat="39.2339526" lon="33.1246966"/>
  <node id="12879410573" lat="39.2336991" lon="33.1233019"/>
  <node id="12879410574" lat="39.2335579" lon="33.1226098"/>
  <node id="12879410575" lat="39.2335496" lon="33.1224221"/>
  <node id="12879410576" lat="39.2331881" lon="33.1223470"/>
  <node id="12879410596" lat="39.2398277" lon="33.1224221"/>
  <node id="12879410597" lat="39.2408872" lon="33.1221110"/>
  <node id="12879410598" lat="39.2416059" lon="33.1220466"/>
  <node id="12879410606" lat="39.2427900" lon="33.1224275"/>
  <node id="12879410607" lat="39.2437455" lon="33.1219017"/>
  <node id="12879410608" lat="39.2439699" lon="33.1219017"/>
  <node id="12879410609" lat="39.2446180" lon="33.1219232"/>
  <node id="12879410610" lat="39.2448423" lon="33.1219017"/>
  <node id="11200667081" lat="39.2515390" lon="33.1148583"/>
  <node id="11200667088" lat="39.2506417" lon="33.1117201"/>
  <node id="11200667089" lat="39.2504215" lon="33.1108350"/>
  <node id="11200667090" lat="39.2507747" lon="33.1106365"/>
  <node id="12806862213" lat="39.2510447" lon="33.1104755"/>
  <node id="12806862214" lat="39.2506957" lon="33.1125784"/>
  <node id="12806862215" lat="39.2508868" lon="33.1138605"/>
  <node id="12806862216" lat="39.2509533" lon="33.1141019"/>
  <node id="12806862217" lat="39.2512607" lon="33.1146169"/>
  <node id="11200666496" lat="39.2475998" lon="33.1218498"/>
  <node id="11200666497" lat="39.2477495" lon="33.1213743"/>
  <node id="11200667079" lat="39.2525776" lon="33.1174814"/>
  <node id="11200667080" lat="39.2524903" lon="33.1154054"/>
  <node id="12806862218" lat="39.2523491" lon="33.1160223"/>
  <node id="12806862219" lat="39.2519835" lon="33.1169665"/>
  <node id="11200667065" lat="39.2586006" lon="33.1211239"/>
  <node id="11200667073" lat="39.2560253" lon="33.1211293"/>
  <node id="11200667074" lat="39.2557345" lon="33.1208557"/>
  <node id="11200667075" lat="39.2551655" lon="33.1202281"/>
  <node id="11200667076" lat="39.2546545" lon="33.1197452"/>
  <node id="11200667078" lat="39.2532256" lon="33.1179589"/>
  <node id="12806862220" lat="39.2573752" lon="33.1215370"/>
  <node id="12806862221" lat="39.2577532" lon="33.1213063"/>
  <node id="11200666476" lat="39.2490092" lon="33.1271106"/>
  <node id="11200666477" lat="39.2493082" lon="33.1247315"/>
  <node id="11200666478" lat="39.2484982" lon="33.1257802"/>
  <node id="11200666479" lat="39.2498212" lon="33.1236801"/>
  <node id="11200666480" lat="39.2499937" lon="33.1235486"/>
  <node id="11200666481" lat="39.2494777" lon="33.1225568"/>
  <node id="11200666482" lat="39.2484603" lon="33.1223568"/>
  <node id="11200666483" lat="39.2474307" lon="33.1250929"/>
  <node id="11200666484" lat="39.2470110" lon="33.1245223"/>
  <node id="11200666485" lat="39.2470982" lon="33.1240556"/>
  <node id="11200666486" lat="39.2469299" lon="33.1246457"/>
  <node id="11200666487" lat="39.2470400" lon="33.1240046"/>
  <node id="11200666488" lat="39.2468948" lon="33.1244563"/>
  <node id="11200666489" lat="39.2471231" lon="33.1236237"/>
  <node id="11200666490" lat="39.2467451" lon="33.1239938"/>
  <node id="11200666491" lat="39.2469091" lon="33.1236824"/>
  <node id="11200666492" lat="39.2464452" lon="33.1242156"/>
  <node id="11200666493" lat="39.2465314" lon="33.1236574"/>
  <node id="11200666494" lat="39.2471007" lon="33.1224797"/>
  <node id="11200666495" lat="39.2476594" lon="33.1220844"/>
  <node id="11200666498" lat="39.2496718" lon="33.1271213"/>
  <node id="11200666499" lat="39.2519087" lon="33.1266171"/>
  <node id="11200666501" lat="39.2487038" lon="33.1271910"/>
  <node id="11200666502" lat="39.2520250" lon="33.1281808"/>
  <node id="11200667154" lat="39.2525522" lon="33.1266061"/>
  <node id="12806862191" lat="39.2494599" lon="33.1271294"/>
  <node id="12806862192" lat="39.2473204" lon="33.1246403"/>
  <node id="12806862193" lat="39.2469652" lon="33.1242540"/>
  <node id="12806862194" lat="39.2471480" lon="33.1236479"/>
  <node id="12806862195" lat="39.2469590" lon="33.1236318"/>
  <node id="12806862196" lat="39.2468323" lon="33.1238195"/>
  <node id="12806862197" lat="39.2465290" lon="33.1243157"/>
  <node id="12806862198" lat="39.2463691" lon="33.1240046"/>
  <node id="12806862199" lat="39.2464252" lon="33.1238651"/>
  <node id="12806862200" lat="39.2475281" lon="33.1220600"/>
  <node id="12806862201" lat="39.2475510" lon="33.1219903"/>
  <node id="12806862314" lat="39.2487993" lon="33.1255066"/>
  <node id="11200666503" lat="39.2513729" lon="33.1292403"/>
  <node id="11200666505" lat="39.2508287" lon="33.1300664"/>
  <node id="11200667153" lat="39.2484871" lon="33.1345998"/>
  <node id="12806862303" lat="39.2489302" lon="33.1335425"/>
  <node id="12806862304" lat="39.2484275" lon="33.1344062"/>
  <node id="12806862307" lat="39.2492833" lon="33.1330678"/>
  <node id="12806862308" lat="39.2493207" lon="33.1328559"/>
  <node id="12806862309" lat="39.2495326" lon="33.1323677"/>
  <node id="12806862310" lat="39.2498234" lon="33.1319010"/>
  <node id="12806862311" lat="39.2502429" lon="33.1310803"/>
  <node id="12806862312" lat="39.2505462" lon="33.1305170"/>
  <node id="12806862313" lat="39.2518506" lon="33.1285161"/>
  <node id="11200667072" lat="39.2569059" lon="33.1219232"/>
  <node id="11200667029" lat="39.2626835" lon="33.1214726"/>
  <node id="11200667057" lat="39.2607895" lon="33.1199974"/>
  <node id="11200667064" lat="39.2596805" lon="33.1207377"/>
  <node id="12806862222" lat="39.2604697" lon="33.1199813"/>
  <node id="12806862223" lat="39.2607189" lon="33.1208396"/>
  <node id="12806862224" lat="39.2613046" lon="33.1216764"/>
  <node id="12806862225" lat="39.2618237" lon="33.1216443"/>
  <node id="11200666975" lat="39.2653001" lon="33.1260753"/>
  <node id="11200667012" lat="39.2638382" lon="33.1242460"/>
  <node id="12806862226" lat="39.2631778" lon="33.1224650"/>
  <node id="12806862227" lat="39.2633190" lon="33.1229961"/>
  <node id="12806862228" lat="39.2634519" lon="33.1229693"/>
  <node id="12806862229" lat="39.2642036" lon="33.1242943"/>
  <node id="12806862230" lat="39.2649222" lon="33.1254315"/>
  <node id="12806862231" lat="39.2655742" lon="33.1266600"/>
  <node id="12806862232" lat="39.2662720" lon="33.1274915"/>
  <node id="11200666823" lat="39.2710044" lon="33.1317052"/>
  <node id="11200666844" lat="39.2677733" lon="33.1291706"/>
  <node id="11200666913" lat="39.2676674" lon="33.1292483"/>
  <node id="12806862233" lat="39.2669863" lon="33.1284624"/>
  <node id="12806862234" lat="39.2687888" lon="33.1298464"/>
  <node id="12806862235" lat="39.2717041" lon="33.1318635"/>
  <node id="12806862236" lat="39.2719824" lon="33.1318045"/>
  <node id="11200666780" lat="39.2768452" lon="33.1326842"/>
  <node id="11200666781" lat="39.2757946" lon="33.1325716"/>
  <node id="11200666783" lat="39.2732968" lon="33.1323623"/>
  <node id="11200666788" lat="39.2732532" lon="33.1319172"/>
  <node id="12806862237" lat="39.2724849" lon="33.1318742"/>
  <node id="12806862238" lat="39.2750762" lon="33.1327969"/>
  <node id="12806862239" lat="39.2751509" lon="33.1323785"/>
  <node id="12806862240" lat="39.2785145" lon="33.1331241"/>
  <node id="11200666782" lat="39.2794143" lon="33.1333315"/>
  <node id="12879410238" lat="39.1246171" lon="33.1851804"/>
  <node id="12879410239" lat="39.1269059" lon="33.1813717"/>
  <node id="12879410241" lat="39.1237182" lon="33.1867790"/>
  <node id="12879410242" lat="39.1229941" lon="33.1864357"/>
  <node id="12879410243" lat="39.1229463" lon="33.1868134"/>
  <node id="12879410312" lat="39.0882188" lon="33.2329774"/>
  <node id="12879410313" lat="39.0877108" lon="33.2337284"/>
  <node id="12879410314" lat="39.0873361" lon="33.2341576"/>
  <node id="12879410315" lat="39.0871029" lon="33.2344365"/>
  <node id="12879410316" lat="39.0867365" lon="33.2347262"/>
  <node id="12879410317" lat="39.0862452" lon="33.2351768"/>
  <node id="12879410318" lat="39.0859620" lon="33.2354128"/>
  <node id="12879410319" lat="39.0855706" lon="33.2357883"/>
  <node id="12879410320" lat="39.0851647" lon="33.2359949"/>
  <node id="12879410321" lat="39.0852459" lon="33.2362926"/>
  <node id="12879410322" lat="39.0857788" lon="33.2384598"/>
  <node id="12879410304" lat="39.0952469" lon="33.2266259"/>
  <node id="12879410294" lat="39.1017663" lon="33.2222485"/>
  <node id="12879410295" lat="39.1001427" lon="33.2230210"/>
  <node id="12879410296" lat="39.0998846" lon="33.2231712"/>
  <node id="12879410297" lat="39.0996432" lon="33.2233536"/>
  <node id="12879410298" lat="39.0990770" lon="33.2237291"/>
  <node id="12879410299" lat="39.0985774" lon="33.2240295"/>
  <node id="12879410300" lat="39.0975783" lon="33.2248020"/>
  <node id="12879410301" lat="39.0968872" lon="33.2253599"/>
  <node id="12879410302" lat="39.0960795" lon="33.2259607"/>
  <node id="12879410303" lat="39.0958047" lon="33.2261324"/>
  <node id="12879410305" lat="39.0944142" lon="33.2273018"/>
  <node id="12879410306" lat="39.0940645" lon="33.2275057"/>
  <node id="12879410307" lat="39.0930153" lon="33.2282781"/>
  <node id="12879410308" lat="39.0919744" lon="33.2291043"/>
  <node id="12879410309" lat="39.0914415" lon="33.2295656"/>
  <node id="12879410310" lat="39.0902424" lon="33.2306063"/>
  <node id="12879410311" lat="39.0889683" lon="33.2317650"/>
  <node id="12879410251" lat="39.1217039" lon="33.1941926"/>
  <node id="12879410252" lat="39.1215624" lon="33.1946540"/>
  <node id="12879410253" lat="39.1213627" lon="33.1961453"/>
  <node id="12879410254" lat="39.1213793" lon="33.1972396"/>
  <node id="12879410255" lat="39.1213960" lon="33.1979048"/>
  <node id="12879410256" lat="39.1212378" lon="33.1988060"/>
  <node id="12879410257" lat="39.1210048" lon="33.1998145"/>
  <node id="12879410258" lat="39.1209382" lon="33.2002008"/>
  <node id="12881289393" lat="39.1213698" lon="33.1966109"/>
  <node id="12879410244" lat="39.1227360" lon="33.1879699"/>
  <node id="12879410245" lat="39.1226479" lon="33.1886152"/>
  <node id="12879410246" lat="39.1225280" lon="33.1895363"/>
  <node id="12879410247" lat="39.1223365" lon="33.1904268"/>
  <node id="12879410248" lat="39.1219953" lon="33.1916606"/>
  <node id="12879410249" lat="39.1219287" lon="33.1920683"/>
  <node id="12879410250" lat="39.1217622" lon="33.1937957"/>
  <node id="12879410259" lat="39.1209215" lon="33.2017243"/>
  <node id="12879410260" lat="39.1209701" lon="33.2026572"/>
  <node id="12879410261" lat="39.1209664" lon="33.2031651"/>
  <node id="12879410262" lat="39.1209285" lon="33.2038406"/>
  <node id="12879410263" lat="39.1208383" lon="33.2043528"/>
  <node id="12879410264" lat="39.1208714" lon="33.2058763"/>
  <node id="12879410265" lat="39.1207797" lon="33.2072234"/>
  <node id="12879410266" lat="39.1204646" lon="33.2090227"/>
  <node id="12879410267" lat="39.1200081" lon="33.2108677"/>
  <node id="12879410268" lat="39.1196144" lon="33.2122936"/>
  <node id="12879410269" lat="39.1194370" lon="33.2132637"/>
  <node id="12879410286" lat="39.1085266" lon="33.2186866"/>
  <node id="12879410287" lat="39.1074860" lon="33.2193518"/>
  <node id="12879410288" lat="39.1070614" lon="33.2196522"/>
  <node id="12879410289" lat="39.1065868" lon="33.2199526"/>
  <node id="12879410290" lat="39.1059707" lon="33.2202423"/>
  <node id="12879410291" lat="39.1046886" lon="33.2208109"/>
  <node id="12879410292" lat="39.1030152" lon="33.2217014"/>
  <node id="12879410293" lat="39.1027155" lon="33.2217765"/>
  <node id="12879410278" lat="39.1151530" lon="33.2158542"/>
  <node id="12879410279" lat="39.1146453" lon="33.2161438"/>
  <node id="12879410280" lat="39.1139460" lon="33.2163906"/>
  <node id="12879410281" lat="39.1123893" lon="33.2168627"/>
  <node id="12879410282" lat="39.1112572" lon="33.2172811"/>
  <node id="12879410283" lat="39.1109242" lon="33.2174098"/>
  <node id="12879410284" lat="39.1101999" lon="33.2177853"/>
  <node id="12879410285" lat="39.1091010" lon="33.2183540"/>
  <node id="12879410270" lat="39.1192028" lon="33.2147872"/>
  <node id="12879410271" lat="39.1188822" lon="33.2148564"/>
  <node id="12879410272" lat="39.1181830" lon="33.2149851"/>
  <node id="12879410273" lat="39.1175837" lon="33.2149851"/>
  <node id="12879410274" lat="39.1173756" lon="33.2149851"/>
  <node id="12879410275" lat="39.1167679" lon="33.2150602"/>
  <node id="12879410276" lat="39.1158856" lon="33.2153606"/>
  <node id="12879410277" lat="39.1155027" lon="33.2156181"/>
  <node id="12879410357" lat="39.0751685" lon="33.2732963"/>
  <node id="12879410358" lat="39.0745022" lon="33.2739723"/>
  <node id="12879410359" lat="39.0755683" lon="33.2747662"/>
  <node id="12879410360" lat="39.0755683" lon="33.2780385"/>
  <node id="12879410361" lat="39.0756099" lon="33.2825339"/>
  <node id="12879410362" lat="39.0756182" lon="33.2827914"/>
  <node id="12879410375" lat="39.0758348" lon="33.2946360"/>
  <node id="12879410395" lat="39.0747104" lon="33.3162546"/>
  <node id="12879410397" lat="39.0558425" lon="33.3282173"/>
  <node id="12879410396" lat="39.0595499" lon="33.3195698"/>
  <node id="12879410323" lat="39.0861702" lon="33.2399726"/>
  <node id="12879410324" lat="39.0864034" lon="33.2404554"/>
  <node id="12879410325" lat="39.0865450" lon="33.2410133"/>
  <node id="12879410326" lat="39.0865367" lon="33.2414961"/>
  <node id="12879410327" lat="39.0863784" lon="33.2414853"/>
  <node id="12879410328" lat="39.0853291" lon="33.2413995"/>
  <node id="12879410329" lat="39.0848461" lon="33.2415604"/>
  <node id="12879410330" lat="39.0845047" lon="33.2462489"/>
  <node id="12879410331" lat="39.0840383" lon="33.2461309"/>
  <node id="12879410332" lat="39.0837219" lon="33.2485449"/>
  <node id="12879410333" lat="39.0834137" lon="33.2508945"/>
  <node id="12879410334" lat="39.0837552" lon="33.2526004"/>
  <node id="12879410337" lat="39.0819063" lon="33.2592630"/>
  <node id="12879410338" lat="39.0802823" lon="33.2586622"/>
  <node id="12879410339" lat="39.0800075" lon="33.2599282"/>
  <node id="12879410340" lat="39.0794911" lon="33.2620740"/>
  <node id="12879410341" lat="39.0793578" lon="33.2628035"/>
  <node id="12879410342" lat="39.0793412" lon="33.2634365"/>
  <node id="12879410343" lat="39.0788998" lon="33.2635867"/>
  <node id="12879410344" lat="39.0781419" lon="33.2635438"/>
  <node id="12879410345" lat="39.0782751" lon="33.2637477"/>
  <node id="12879410346" lat="39.0785833" lon="33.2642519"/>
  <node id="12879410347" lat="39.0787332" lon="33.2645202"/>
  <node id="12879410348" lat="39.0791746" lon="33.2640910"/>
  <node id="12879410349" lat="39.0793995" lon="33.2643807"/>
  <node id="12879410335" lat="39.0831139" lon="33.2579005"/>
  <node id="12879410336" lat="39.0829390" lon="33.2596385"/>
  <node id="12879410350" lat="39.0772590" lon="33.2673097"/>
  <node id="12879410351" lat="39.0782168" lon="33.2678032"/>
  <node id="12879410352" lat="39.0799575" lon="33.2689083"/>
  <node id="12879410353" lat="39.0788248" lon="33.2717085"/>
  <node id="12879410356" lat="39.0758598" lon="33.2723629"/>
  <node id="12879410354" lat="39.0775589" lon="33.2741439"/>
  <node id="12879410355" lat="39.0768343" lon="33.2736289"/>
  <node id="12879410363" lat="39.0760014" lon="33.2834780"/>
  <node id="12879410364" lat="39.0768259" lon="33.2845616"/>
  <node id="12879410365" lat="39.0772174" lon="33.2849479"/>
  <node id="12879410366" lat="39.0781419" lon="33.2860958"/>
  <node id="12879410367" lat="39.0791580" lon="33.2870078"/>
  <node id="12879410368" lat="39.0772507" lon="33.2882631"/>
  <node id="12879410369" lat="39.0772174" lon="33.2886493"/>
  <node id="12879410370" lat="39.0772257" lon="33.2888746"/>
  <node id="12879410371" lat="39.0773673" lon="33.2896149"/>
  <node id="12879410372" lat="39.0769092" lon="33.2911813"/>
  <node id="12879410373" lat="39.0763928" lon="33.2927263"/>
  <node id="12879410374" lat="39.0759347" lon="33.2945180"/>
  <node id="12879410376" lat="39.0763429" lon="33.2949150"/>
  <node id="12879410377" lat="39.0776005" lon="33.2956552"/>
  <node id="12879410378" lat="39.0776671" lon="33.2952905"/>
  <node id="12879410379" lat="39.0780336" lon="33.2953226"/>
  <node id="12879410380" lat="39.0791163" lon="33.2957303"/>
  <node id="12879410381" lat="39.0798992" lon="33.2960307"/>
  <node id="12879410382" lat="39.0814399" lon="33.2966423"/>
  <node id="12879410383" lat="39.0814399" lon="33.2967603"/>
  <node id="12879410384" lat="39.0817647" lon="33.2968676"/>
  <node id="12879410385" lat="39.0810485" lon="33.2983160"/>
  <node id="12879410386" lat="39.0800241" lon="33.3005047"/>
  <node id="12879410387" lat="39.0796993" lon="33.3012557"/>
  <node id="12879410388" lat="39.0787998" lon="33.3028972"/>
  <node id="12879410389" lat="39.0784833" lon="33.3037019"/>
  <node id="12879410390" lat="39.0784001" lon="33.3038306"/>
  <node id="7361851627" lat="39.0760598" lon="33.3102517"/>
  <node id="7361851628" lat="39.0761431" lon="33.3100747"/>
  <node id="12879410391" lat="39.0770050" lon="33.3075374"/>
  <node id="12879410392" lat="39.0766885" lon="33.3084816"/>
  <node id="12879410393" lat="39.0762346" lon="33.3098495"/>
  <node id="12879410394" lat="39.0759847" lon="33.3105791"/>
  <node id="12879410224" lat="39.1408953" lon="33.1602573"/>
  <node id="12879410225" lat="39.1405126" lon="33.1607616"/>
  <node id="12879410206" lat="39.1475187" lon="33.1511807"/>
  <node id="12879410207" lat="39.1469446" lon="33.1515026"/>
  <node id="12879410208" lat="39.1465452" lon="33.1517708"/>
  <node id="12879410209" lat="39.1462041" lon="33.1517923"/>
  <node id="12879410210" lat="39.1458546" lon="33.1519532"/>
  <node id="12879410211" lat="39.1457049" lon="33.1521463"/>
  <node id="12879410212" lat="39.1455052" lon="33.1525969"/>
  <node id="12879410213" lat="39.1453887" lon="33.1528544"/>
  <node id="12879410214" lat="39.1452223" lon="33.1531548"/>
  <node id="12879410215" lat="39.1447563" lon="33.1537127"/>
  <node id="12879410216" lat="39.1439076" lon="33.1557619"/>
  <node id="12879410217" lat="39.1436829" lon="33.1563306"/>
  <node id="12879410218" lat="39.1434666" lon="33.1565130"/>
  <node id="12879410219" lat="39.1431504" lon="33.1571031"/>
  <node id="12879410220" lat="39.1428841" lon="33.1577790"/>
  <node id="12879410221" lat="39.1424930" lon="33.1583369"/>
  <node id="12879410222" lat="39.1422267" lon="33.1587660"/>
  <node id="12879410223" lat="39.1418356" lon="33.1592381"/>
  <node id="12879410196" lat="39.1539002" lon="33.1486273"/>
  <node id="12879410197" lat="39.1528603" lon="33.1487346"/>
  <node id="12879410198" lat="39.1525857" lon="33.1488204"/>
  <node id="12879410199" lat="39.1525358" lon="33.1483483"/>
  <node id="12879410200" lat="39.1522862" lon="33.1484234"/>
  <node id="12879410201" lat="39.1512379" lon="33.1491959"/>
  <node id="12879410202" lat="39.1505723" lon="33.1497109"/>
  <node id="12879410203" lat="39.1493742" lon="33.1503975"/>
  <node id="12879410204" lat="39.1490663" lon="33.1505906"/>
  <node id="12879410205" lat="39.1482010" lon="33.1508052"/>
  <node id="12879410232" lat="39.1344877" lon="33.1696343"/>
  <node id="12879410233" lat="39.1323073" lon="33.1724560"/>
  <node id="12879410234" lat="39.1314085" lon="33.1734538"/>
  <node id="12879410226" lat="39.1388358" lon="33.1628913"/>
  <node id="12879410227" lat="39.1396721" lon="33.1636369"/>
  <node id="12879410228" lat="39.1384988" lon="33.1651711"/>
  <node id="12879410229" lat="39.1375668" lon="33.1662440"/>
  <node id="12879410230" lat="39.1368345" lon="33.1668126"/>
  <node id="12879410231" lat="39.1361604" lon="33.1673276"/>
  <node id="12879410235" lat="39.1301601" lon="33.1748271"/>
  <node id="12879410236" lat="39.1307510" lon="33.1756318"/>
  <node id="12879410237" lat="39.1299188" lon="33.1766510"/>
  <node id="12879410240" lat="39.1286454" lon="33.1785929"/>
  <node id="12879410190" lat="39.1599775" lon="33.1441587"/>
  <node id="12879410191" lat="39.1582804" lon="33.1448239"/>
  <node id="12879410192" lat="39.1580142" lon="33.1449097"/>
  <node id="12879410193" lat="39.1549298" lon="33.1457949"/>
  <node id="12879410194" lat="39.1551981" lon="33.1472433"/>
  <node id="12879410177" lat="39.1672937" lon="33.1392932"/>
  <node id="12879410178" lat="39.1667447" lon="33.1394112"/>
  <node id="12879410179" lat="39.1661541" lon="33.1401408"/>
  <node id="12879410180" lat="39.1660168" lon="33.1401193"/>
  <node id="12879410181" lat="39.1656841" lon="33.1402534"/>
  <node id="12879410182" lat="39.1649854" lon="33.1406504"/>
  <node id="12879410183" lat="39.1648065" lon="33.1407416"/>
  <node id="12879410184" lat="39.1639372" lon="33.1411546"/>
  <node id="12879410185" lat="39.1634257" lon="33.1413692"/>
  <node id="12879410186" lat="39.1627477" lon="33.1416213"/>
  <node id="12879410187" lat="39.1631262" lon="33.1432253"/>
  <node id="12879410188" lat="39.1623526" lon="33.1435043"/>
  <node id="12879410189" lat="39.1615248" lon="33.1437296"/>
  <node id="12879410195" lat="39.1553312" lon="33.1481552"/>
  <node id="12879410166" lat="39.1713986" lon="33.1356078"/>
  <node id="12879410167" lat="39.1721846" lon="33.1359780"/>
  <node id="12879410168" lat="39.1723010" lon="33.1361228"/>
  <node id="12879410169" lat="39.1723260" lon="33.1363106"/>
  <node id="12879410170" lat="39.1722137" lon="33.1368738"/>
  <node id="12879410171" lat="39.1722802" lon="33.1374478"/>
  <node id="12879410172" lat="39.1722511" lon="33.1383437"/>
  <node id="12879410173" lat="39.1715316" lon="33.1381237"/>
  <node id="12879410174" lat="39.1714194" lon="33.1391966"/>
  <node id="12879410175" lat="39.1691819" lon="33.1394166"/>
  <node id="12879410176" lat="39.1691652" lon="33.1387514"/>
  <node id="12879410152" lat="39.1803519" lon="33.1358224"/>
  <node id="12879410153" lat="39.1798529" lon="33.1350231"/>
  <node id="12879410143" lat="39.1836494" lon="33.1408596"/>
  <node id="12879410144" lat="39.1838240" lon="33.1396365"/>
  <node id="12879410145" lat="39.1838323" lon="33.1392932"/>
  <node id="12879410146" lat="39.1837076" lon="33.1392074"/>
  <node id="12879410147" lat="39.1828718" lon="33.1386280"/>
  <node id="12879410148" lat="39.1821317" lon="33.1380808"/>
  <node id="12879410149" lat="39.1819154" lon="33.1379092"/>
  <node id="12879410150" lat="39.1817242" lon="33.1377429"/>
  <node id="12879410151" lat="39.1811503" lon="33.1369221"/>
  <node id="12879410139" lat="39.1871047" lon="33.1444967"/>
  <node id="12879410140" lat="39.1868801" lon="33.1424797"/>
  <node id="12879410141" lat="39.1866265" lon="33.1418520"/>
  <node id="12879410142" lat="39.1836369" lon="33.1415945"/>
  <node id="7361851692" lat="39.1907219" lon="33.1438798"/>
  <node id="12879410135" lat="39.1906014" lon="33.1434238"/>
  <node id="12879410136" lat="39.1897657" lon="33.1438690"/>
  <node id="12879410137" lat="39.1895786" lon="33.1439280"/>
  <node id="12879410138" lat="39.1885599" lon="33.1441855"/>
  <node id="12879410402" lat="39.1918112" lon="33.1431448"/>
  <node id="12879410403" lat="39.1921314" lon="33.1429678"/>
  <node id="12879410404" lat="39.1930544" lon="33.1427371"/>
  <node id="12879410405" lat="39.1937154" lon="33.1423455"/>
  <node id="12879410407" lat="39.1949502" lon="33.1413692"/>
  <node id="12879410408" lat="39.1954324" lon="33.1410688"/>
  <node id="12879410409" lat="39.1955571" lon="33.1409508"/>
  <node id="12879410410" lat="39.1960186" lon="33.1407845"/>
  <node id="12879410411" lat="39.1972284" lon="33.1404734"/>
  <node id="12879410412" lat="39.1995273" lon="33.1404304"/>
  <node id="12879410413" lat="39.1996230" lon="33.1403553"/>
  <node id="12879410414" lat="39.1996022" lon="33.1402641"/>
  <node id="12879410415" lat="39.1993735" lon="33.1393200"/>
  <node id="12879410416" lat="39.1993195" lon="33.1392020"/>
  <node id="12879410417" lat="39.1996562" lon="33.1392503"/>
  <node id="12879410406" lat="39.1938193" lon="33.1422383"/>
  <node id="12879410418" lat="39.2005251" lon="33.1394058"/>
  <node id="12879410419" lat="39.2010696" lon="33.1393683"/>
  <node id="12879410420" lat="39.2016766" lon="33.1394380"/>
  <node id="12879410421" lat="39.2016350" lon="33.1396633"/>
  <node id="12879410422" lat="39.2015976" lon="33.1397438"/>
  <node id="12879410423" lat="39.2015518" lon="33.1398672"/>
  <node id="12879410424" lat="39.2015103" lon="33.1400013"/>
  <node id="12879410425" lat="39.2014687" lon="33.1400603"/>
  <node id="12879410426" lat="39.2014396" lon="33.1401300"/>
  <node id="12879410427" lat="39.2014521" lon="33.1401998"/>
  <node id="12879410428" lat="39.2014853" lon="33.1402695"/>
  <node id="12879410429" lat="39.2015435" lon="33.1403071"/>
  <node id="12879410430" lat="39.2015934" lon="33.1403339"/>
  <node id="12879410431" lat="39.2016807" lon="33.1403500"/>
  <node id="12879410432" lat="39.2017472" lon="33.1403661"/>
  <node id="12879410433" lat="39.2018137" lon="33.1403607"/>
  <node id="12879410434" lat="39.2019218" lon="33.1403446"/>
  <node id="12879410435" lat="39.2020216" lon="33.1403285"/>
  <node id="12879410436" lat="39.2021546" lon="33.1402910"/>
  <node id="12879410437" lat="39.2022461" lon="33.1402534"/>
  <node id="12879410438" lat="39.2023458" lon="33.1401622"/>
  <node id="12879410439" lat="39.2023874" lon="33.1400281"/>
  <node id="12879410440" lat="39.2024414" lon="33.1398350"/>
  <node id="12879410441" lat="39.2025412" lon="33.1397545"/>
  <node id="12879410442" lat="39.2026285" lon="33.1397384"/>
  <node id="12879410443" lat="39.2027366" lon="33.1397599"/>
  <node id="12879410444" lat="39.2028447" lon="33.1397760"/>
  <node id="12879410445" lat="39.2037550" lon="33.1402534"/>
  <node id="12879410446" lat="39.2039172" lon="33.1396687"/>
  <node id="12879410447" lat="39.2041250" lon="33.1387460"/>
  <node id="12879410448" lat="39.2041832" lon="33.1385851"/>
  <node id="12879410449" lat="39.2042663" lon="33.1385207"/>
  <node id="12879410450" lat="39.2043827" lon="33.1385529"/>
  <node id="12879410451" lat="39.2045074" lon="33.1386441"/>
  <node id="12879410452" lat="39.2046072" lon="33.1388104"/>
  <node id="12879410453" lat="39.2047319" lon="33.1390035"/>
  <node id="12879410454" lat="39.2048109" lon="33.1391483"/>
  <node id="12879410455" lat="39.2048566" lon="33.1392825"/>
  <node id="12879410456" lat="39.2051060" lon="33.1397760"/>
  <node id="12879410457" lat="39.2059041" lon="33.1398028"/>
  <node id="12879410458" lat="39.2059997" lon="33.1397974"/>
  <node id="12879410459" lat="39.2060496" lon="33.1396902"/>
  <node id="12879410460" lat="39.2060787" lon="33.1395829"/>
  <node id="12879410461" lat="39.2060164" lon="33.1391644"/>
  <node id="12879410462" lat="39.2060164" lon="33.1388587"/>
  <node id="12879410463" lat="39.2060870" lon="33.1387407"/>
  <node id="12879410464" lat="39.2062575" lon="33.1386065"/>
  <node id="12879410465" lat="39.2064445" lon="33.1385851"/>
  <node id="12879410466" lat="39.2066316" lon="33.1386065"/>
  <node id="12879410467" lat="39.2067729" lon="33.1386334"/>
  <node id="12879410468" lat="39.2068893" lon="33.1387353"/>
  <node id="12879410469" lat="39.2069849" lon="33.1388801"/>
  <node id="12879410470" lat="39.2070722" lon="33.1390357"/>
  <node id="12879410471" lat="39.2071886" lon="33.1393146"/>
  <node id="12879410472" lat="39.2072468" lon="33.1397009"/>
  <node id="12879410473" lat="39.2072842" lon="33.1401300"/>
  <node id="12879410474" lat="39.2073548" lon="33.1405806"/>
  <node id="12879410475" lat="39.2074338" lon="33.1408381"/>
  <node id="12879410476" lat="39.2075460" lon="33.1409562"/>
  <node id="12879410477" lat="39.2077165" lon="33.1411761"/>
  <node id="12879410478" lat="39.2076957" lon="33.1408757"/>
  <node id="12879410479" lat="39.2076583" lon="33.1405806"/>
  <node id="12879410480" lat="39.2078703" lon="33.1394595"/>
  <node id="12879410481" lat="39.2076292" lon="33.1375176"/>
  <node id="12879410482" lat="39.2076084" lon="33.1374264"/>
  <node id="12879410483" lat="39.2073465" lon="33.1368792"/>
  <node id="12879410484" lat="39.2072966" lon="33.1366378"/>
  <node id="12879410485" lat="39.2074213" lon="33.1366754"/>
  <node id="12879410486" lat="39.2075460" lon="33.1367183"/>
  <node id="12879410487" lat="39.2076541" lon="33.1367558"/>
  <node id="12879410488" lat="39.2077497" lon="33.1367880"/>
  <node id="12879410489" lat="39.2079243" lon="33.1368470"/>
  <node id="12879410490" lat="39.2081529" lon="33.1369811"/>
  <node id="12879410491" lat="39.2082693" lon="33.1369543"/>
  <node id="12879410492" lat="39.2083981" lon="33.1368631"/>
  <node id="12879410493" lat="39.2086309" lon="33.1367183"/>
  <node id="12879410494" lat="39.2086475" lon="33.1366324"/>
  <node id="12879410495" lat="39.2086725" lon="33.1364661"/>
  <node id="12879410496" lat="39.2087390" lon="33.1361872"/>
  <node id="12879410497" lat="39.2088429" lon="33.1358707"/>
  <node id="12879410498" lat="39.2089385" lon="33.1356668"/>
  <node id="12879410499" lat="39.2091754" lon="33.1357151"/>
  <node id="12879410500" lat="39.2093126" lon="33.1357527"/>
  <node id="12879410501" lat="39.2093957" lon="33.1357634"/>
  <node id="12879410502" lat="39.2094955" lon="33.1357956"/>
  <node id="12879410503" lat="39.2096119" lon="33.1359512"/>
  <node id="12879410504" lat="39.2097615" lon="33.1360316"/>
  <node id="12879410505" lat="39.2101107" lon="33.1361872"/>
  <node id="12879410506" lat="39.2101938" lon="33.1362140"/>
  <node id="12879410507" lat="39.2103019" lon="33.1361926"/>
  <node id="12879410508" lat="39.2103642" lon="33.1361335"/>
  <node id="12879410509" lat="39.2104349" lon="33.1360638"/>
  <node id="12879410510" lat="39.2105014" lon="33.1359726"/>
  <node id="12879410511" lat="39.2106136" lon="33.1359029"/>
  <node id="12879410512" lat="39.2106967" lon="33.1357741"/>
  <node id="12879410513" lat="39.2107757" lon="33.1356829"/>
  <node id="12879410514" lat="39.2107799" lon="33.1355274"/>
  <node id="12879410521" lat="39.2112412" lon="33.1351358"/>
  <node id="12879410527" lat="39.2117816" lon="33.1352699"/>
  <node id="12879410528" lat="39.2119187" lon="33.1352913"/>
  <node id="12879410529" lat="39.2119603" lon="33.1352431"/>
  <node id="12879410530" lat="39.2119728" lon="33.1350607"/>
  <node id="12879410531" lat="39.2127479" lon="33.1351277"/>
  <node id="12879410532" lat="39.2127458" lon="33.1351814"/>
  <node id="12879410399" lat="39.0279606" lon="33.3630538"/>
  <node id="12879410398" lat="39.0435278" lon="33.3470571"/>
  <node id="151016836" lat="39.2243847" lon="33.5451742"/>
  <node id="11200666508" lat="39.2454323" lon="33.1413317"/>
  <node id="11200666510" lat="39.2461094" lon="33.1404948"/>
  <node id="11200666506" lat="39.2444601" lon="33.1437671"/>
  <node id="11200666507" lat="39.2449836" lon="33.1425547"/>
  <node id="11200667151" lat="39.2438714" lon="33.1473407"/>
  <node id="12806862295" lat="39.2441776" lon="33.1455481"/>
  <node id="12806862296" lat="39.2445100" lon="33.1436437"/>
  <node id="12806862297" lat="39.2448465" lon="33.1428498"/>
  <node id="12806862298" lat="39.2451705" lon="33.1419915"/>
  <node id="11200666514" lat="39.2383029" lon="33.1604504"/>
  <node id="11200666515" lat="39.2396573" lon="33.1590342"/>
  <node id="11200666517" lat="39.2392004" lon="33.1595277"/>
  <node id="7361851713" lat="39.2416725" lon="33.1535929"/>
  <node id="11200666513" lat="39.2435087" lon="33.1493997"/>
  <node id="11200667152" lat="39.2434240" lon="33.1495863"/>
  <node id="12806862291" lat="39.2413774" lon="33.1543404"/>
  <node id="12806862294" lat="39.2422956" lon="33.1522322"/>
  <node id="11200666516" lat="39.2401892" lon="33.1574731"/>
  <node id="12806862290" lat="39.2408622" lon="33.1557083"/>
  <node id="12806862292" lat="39.2411157" lon="33.1550217"/>
  <node id="12806862293" lat="39.2406088" lon="33.1565398"/>
  <node id="11200666509" lat="39.2474388" lon="33.1372494"/>
  <node id="11200666511" lat="39.2472062" lon="33.1382471"/>
  <node id="11200666512" lat="39.2479747" lon="33.1355166"/>
  <node id="12806862299" lat="39.2467492" lon="33.1391644"/>
  <node id="12806862300" lat="39.2466786" lon="33.1393200"/>
  <node id="12806862301" lat="39.2468240" lon="33.1390196"/>
  <node id="12806862302" lat="39.2477961" lon="33.1360906"/>
  <node id="12806862305" lat="39.2485979" lon="33.1351894"/>
  <node id="12806862306" lat="39.2480453" lon="33.1354469"/>
  <node id="7361851714" lat="39.2368486" lon="33.1622154"/>
  <node id="11200666518" lat="39.2370730" lon="33.1626820"/>
  <node id="11200666520" lat="39.2371603" lon="33.1632024"/>
  <node id="11200666521" lat="39.2377960" lon="33.1642163"/>
  <node id="11200666522" lat="39.2382614" lon="33.1659060"/>
  <node id="11200666537" lat="39.2389594" lon="33.1682557"/>
  <node id="12806862286" lat="39.2394122" lon="33.1687868"/>
  <node id="12806862287" lat="39.2391920" lon="33.1684434"/>
  <node id="11200666528" lat="39.2405174" lon="33.1682127"/>
  <node id="11200666538" lat="39.2403761" lon="33.1705195"/>
  <node id="11200666539" lat="39.2405423" lon="33.1706858"/>
  <node id="11200666540" lat="39.2409245" lon="33.1706375"/>
  <node id="11200666541" lat="39.2410949" lon="33.1709594"/>
  <node id="11200666542" lat="39.2407168" lon="33.1713241"/>
  <node id="11200666543" lat="39.2416932" lon="33.1740814"/>
  <node id="12806862281" lat="39.2412071" lon="33.1726652"/>
  <node id="12806862282" lat="39.2409162" lon="33.1711471"/>
  <node id="12806862283" lat="39.2406670" lon="33.1707233"/>
  <node id="12806862284" lat="39.2401144" lon="33.1701171"/>
  <node id="12806862285" lat="39.2396947" lon="33.1692749"/>
  <node id="12806862288" lat="39.2398609" lon="33.1680679"/>
  <node id="12806862289" lat="39.2404177" lon="33.1684595"/>
  <node id="11200666544" lat="39.2391006" lon="33.1769729"/>
  <node id="11200666546" lat="39.2393292" lon="33.1775629"/>
  <node id="11200666547" lat="39.2398610" lon="33.1779814"/>
  <node id="11200666548" lat="39.2402764" lon="33.1790971"/>
  <node id="11200666549" lat="39.2397012" lon="33.1795622"/>
  <node id="11200666550" lat="39.2397344" lon="33.1806677"/>
  <node id="11200666551" lat="39.2400926" lon="33.1854661"/>
  <node id="11200666778" lat="39.2846311" lon="33.1403468"/>
  <node id="11200666779" lat="39.2838653" lon="33.1389258"/>
  <node id="11200666769" lat="39.2835223" lon="33.1474685"/>
  <node id="11200666770" lat="39.2832082" lon="33.1469904"/>
  <node id="11200666771" lat="39.2832814" lon="33.1467564"/>
  <node id="11200666772" lat="39.2833790" lon="33.1464412"/>
  <node id="11200666773" lat="39.2836717" lon="33.1455052"/>
  <node id="11200666774" lat="39.2841658" lon="33.1429678"/>
  <node id="11200666767" lat="39.2828081" lon="33.1496465"/>
  <node id="11200666768" lat="39.2836053" lon="33.1492549"/>
  <node id="11200666759" lat="39.2850128" lon="33.1587874"/>
  <node id="11200666761" lat="39.2831112" lon="33.1586319"/>
  <node id="12806862241" lat="39.2828454" lon="33.1579345"/>
  <node id="11200666552" lat="39.2393335" lon="33.1885466"/>
  <node id="11200666553" lat="39.2379997" lon="33.1923658"/>
  <node id="11200666554" lat="39.2369518" lon="33.1961527"/>
  <node id="11200666555" lat="39.2363361" lon="33.1969636"/>
  <node id="11200666556" lat="39.2357696" lon="33.1982973"/>
  <node id="11200666557" lat="39.2357384" lon="33.1992044"/>
  <node id="11200666558" lat="39.2420149" lon="33.1960863"/>
  <node id="11200666559" lat="39.2460616" lon="33.1949544"/>
  <node id="11200666560" lat="39.2474764" lon="33.1948739"/>
  <node id="11200666562" lat="39.2487735" lon="33.1948805"/>
  <node id="11200666563" lat="39.2501258" lon="33.1950443"/>
  <node id="12806862274" lat="39.2514102" lon="33.1943697"/>
  <node id="12879410627" lat="39.2469777" lon="33.1944823"/>
  <node id="11200666564" lat="39.2537446" lon="33.1928354"/>
  <node id="11200666566" lat="39.2564351" lon="33.1931729"/>
  <node id="11200666567" lat="39.2574749" lon="33.1934358"/>
  <node id="12879410628" lat="39.2547625" lon="33.1929910"/>
  <node id="12879410629" lat="39.2558342" lon="33.1931627"/>
  <node id="11200666572" lat="39.2654123" lon="33.1935381"/>
  <node id="973502456" lat="39.2614251" lon="33.1962829"/>
  <node id="11200666569" lat="39.2612460" lon="33.1955358"/>
  <node id="11200666570" lat="39.2644445" lon="33.1955070"/>
  <node id="11200666571" lat="39.2641372" lon="33.1942033"/>
  <node id="11200666573" lat="39.2677630" lon="33.1935275"/>
  <node id="11200666574" lat="39.2688427" lon="33.1928998"/>
  <node id="11200666575" lat="39.2691708" lon="33.1922507"/>
  <node id="11200666577" lat="39.2711518" lon="33.1934148"/>
  <node id="11200666578" lat="39.2740879" lon="33.1925565"/>
  <node id="11200666581" lat="39.2742748" lon="33.1931680"/>
  <node id="11200666582" lat="39.2751011" lon="33.1926798"/>
  <node id="11200666584" lat="39.2748893" lon="33.1919128"/>
  <node id="11200666585" lat="39.2771151" lon="33.1910706"/>
  <node id="11200666586" lat="39.2771608" lon="33.1915211"/>
  <node id="12806862269" lat="39.2782156" lon="33.1914782"/>
  <node id="12806862270" lat="39.2755330" lon="33.1916177"/>
  <node id="11200666587" lat="39.2793409" lon="33.1910008"/>
  <node id="11200666588" lat="39.2791873" lon="33.1904858"/>
  <node id="11200666591" lat="39.2795817" lon="33.1901586"/>
  <node id="11200666595" lat="39.2811140" lon="33.1904375"/>
  <node id="11200666606" lat="39.2817575" lon="33.1901210"/>
  <node id="11200666610" lat="39.2824468" lon="33.1889677"/>
  <node id="11200666618" lat="39.2832440" lon="33.1886566"/>
  <node id="11200666619" lat="39.2852703" lon="33.1893432"/>
  <node id="12806862267" lat="39.2855651" lon="33.1891662"/>
  <node id="12806862268" lat="39.2823056" lon="33.1896812"/>
  <node id="11200666776" lat="39.2869809" lon="33.1411921"/>
  <node id="11200666777" lat="39.2867650" lon="33.1404573"/>
  <node id="11200666775" lat="39.2866405" lon="33.1427210"/>
  <node id="11200666744" lat="39.2903439" lon="33.1603378"/>
  <node id="11200666753" lat="39.2881435" lon="33.1599891"/>
  <node id="11200666754" lat="39.2868605" lon="33.1598550"/>
  <node id="12806862242" lat="39.2890154" lon="33.1603700"/>
  <node id="12806862243" lat="39.2897295" lon="33.1605041"/>
  <node id="11200666726" lat="39.2986096" lon="33.1571459"/>
  <node id="11200666727" lat="39.2976175" lon="33.1569153"/>
  <node id="11200666728" lat="39.2973684" lon="33.1589108"/>
  <node id="11200666731" lat="39.2963223" lon="33.1600427"/>
  <node id="11200666737" lat="39.2946575" lon="33.1610727"/>
  <node id="11200666738" lat="39.2944956" lon="33.1604451"/>
  <node id="12806862245" lat="39.2946326" lon="33.1606704"/>
  <node id="12806862246" lat="39.2960524" lon="33.1604022"/>
  <node id="12806862247" lat="39.2959901" lon="33.1602412"/>
  <node id="11200666719" lat="39.3013411" lon="33.1593776"/>
  <node id="11200666723" lat="39.3001663" lon="33.1589323"/>
  <node id="11200666724" lat="39.2991410" lon="33.1576073"/>
  <node id="11200666725" lat="39.2988380" lon="33.1574303"/>
  <node id="12806862248" lat="39.3003988" lon="33.1586319"/>
  <node id="12806862250" lat="39.3032631" lon="33.1609279"/>
  <node id="12806862251" lat="39.3038567" lon="33.1610888"/>
  <node id="12806862252" lat="39.3047408" lon="33.1610244"/>
  <node id="11200666709" lat="39.3073600" lon="33.1608313"/>
  <node id="11200666711" lat="39.3059695" lon="33.1608582"/>
  <node id="11200666739" lat="39.2916310" lon="33.1618076"/>
  <node id="11200666743" lat="39.2905640" lon="33.1613248"/>
  <node id="12806862244" lat="39.2913445" lon="33.1618130"/>
  <node id="11200666677" lat="39.2952927" lon="33.1738883"/>
  <node id="11200666679" lat="39.2973020" lon="33.1729442"/>
  <node id="11200666680" lat="39.2974431" lon="33.1731427"/>
  <node id="11200666682" lat="39.2976050" lon="33.1704659"/>
  <node id="11200666683" lat="39.2979579" lon="33.1700259"/>
  <node id="11200666684" lat="39.2986720" lon="33.1695432"/>
  <node id="12806862256" lat="39.2980285" lon="33.1703639"/>
  <node id="12806862257" lat="39.2982692" lon="33.1720591"/>
  <node id="12806862258" lat="39.2979288" lon="33.1725794"/>
  <node id="12806862259" lat="39.2975469" lon="33.1730568"/>
  <node id="11200666657" lat="39.2917888" lon="33.1868970"/>
  <node id="12806862266" lat="39.2917929" lon="33.1872779"/>
  <node id="11200666672" lat="39.2975801" lon="33.1800627"/>
  <node id="11200666673" lat="39.2951681" lon="33.1804543"/>
  <node id="11200666674" lat="39.2950727" lon="33.1774932"/>
  <node id="11200666676" lat="39.2952844" lon="33.1756532"/>
  <node id="12806862260" lat="39.2949896" lon="33.1798965"/>
  <node id="12806862261" lat="39.2979828" lon="33.1804115"/>
  <node id="11200666661" lat="39.2934162" lon="33.1867039"/>
  <node id="11200666662" lat="39.2934992" lon="33.1862855"/>
  <node id="11200666663" lat="39.2934660" lon="33.1858402"/>
  <node id="11200666664" lat="39.2951516" lon="33.1858027"/>
  <node id="11200666665" lat="39.2956996" lon="33.1841290"/>
  <node id="11200666666" lat="39.2968827" lon="33.1848961"/>
  <node id="11200666667" lat="39.2986553" lon="33.1863069"/>
  <node id="12806862263" lat="39.2962973" lon="33.1844187"/>
  <node id="12806862264" lat="39.2944375" lon="33.1857973"/>
  <node id="11200666687" lat="39.2997430" lon="33.1665284"/>
  <node id="11200666688" lat="39.2990953" lon="33.1662226"/>
  <node id="11200666689" lat="39.3004486" lon="33.1648386"/>
  <node id="11200666697" lat="39.3009510" lon="33.1641573"/>
  <node id="11200666698" lat="39.3017314" lon="33.1634652"/>
  <node id="11200666701" lat="39.3029891" lon="33.1656861"/>
  <node id="11200666702" lat="39.3044129" lon="33.1642699"/>
  <node id="11200666703" lat="39.3048197" lon="33.1644577"/>
  <node id="12806862249" lat="39.3016276" lon="33.1613141"/>
  <node id="12806862254" lat="39.3046038" lon="33.1644952"/>
  <node id="12806862255" lat="39.3020676" lon="33.1633687"/>
  <node id="11200666686" lat="39.2990040" lon="33.1682288"/>
  <node id="11200666704" lat="39.3055710" lon="33.1650424"/>
  <node id="11200666708" lat="39.3059612" lon="33.1627733"/>
  <node id="12806862253" lat="39.3056623" lon="33.1643718"/>
  <node id="11200666668" lat="39.2993195" lon="33.1847673"/>
  <node id="11200666669" lat="39.3000086" lon="33.1850087"/>
  <node id="11200666670" lat="39.3002120" lon="33.1831848"/>
  <node id="11200666671" lat="39.2987924" lon="33.1814307"/>
  <node id="12806862262" lat="39.2997388" lon="33.1825840"/>
  <node id="11200666628" lat="39.2865367" lon="33.1890643"/>
  <node id="11200666632" lat="39.2879359" lon="33.1889624"/>
  <node id="11200666640" lat="39.2886375" lon="33.1890910"/>
  <node id="11200666650" lat="39.2913196" lon="33.1883025"/>
  <node id="12806862265" lat="39.2911203" lon="33.1876373"/>
  <node id="7364453337" lat="39.3238740" lon="33.4443568"/>
  <node id="7364453338" lat="39.3223801" lon="33.4435414"/>
  <node id="7364453339" lat="39.3206869" lon="33.4435843"/>
  <node id="7364453340" lat="39.3196245" lon="33.4459447"/>
  <node id="7364453341" lat="39.3189937" lon="33.4489059"/>
  <node id="13806548739" lat="39.3214819" lon="33.4435642"/>
  <node id="7364453335" lat="39.3302478" lon="33.4484338"/>
  <node id="7364453336" lat="39.3271274" lon="33.4465884"/>
  <node id="151016821" lat="39.2526380" lon="33.5297169"/>
  <node id="151016839" lat="39.2667724" lon="33.5216255"/>
  <node id="7364453370" lat="39.2851541" lon="33.5101031"/>
  <node id="7364453371" lat="39.2822974" lon="33.5144376"/>
  <node id="960388468" lat="39.2782143" lon="33.5178055"/>
  <node id="960388593" lat="39.2746083" lon="33.5185356"/>
  <node id="7364453372" lat="39.2803707" lon="33.5163259"/>
  <node id="7364453349" lat="39.3041514" lon="33.4601497"/>
  <node id="7364453350" lat="39.3024910" lon="33.4616088"/>
  <node id="7364453347" lat="39.3084019" lon="33.4596347"/>
  <node id="7364453348" lat="39.3061107" lon="33.4592914"/>
  <node id="13686255421" lat="39.3074636" lon="33.4594941"/>
  <node id="7364453351" lat="39.3016609" lon="33.4649562"/>
  <node id="7364453352" lat="39.3013952" lon="33.4683895"/>
  <node id="13686255383" lat="39.3020771" lon="33.4632780"/>
  <node id="7364453353" lat="39.3009966" lon="33.4727668"/>
  <node id="7364453354" lat="39.2994690" lon="33.4755563"/>
  <node id="7364453355" lat="39.2964137" lon="33.4780025"/>
  <node id="7364453356" lat="39.2955169" lon="33.4796333"/>
  <node id="7364453357" lat="39.2949856" lon="33.4832381"/>
  <node id="7364453358" lat="39.2942881" lon="33.4862851"/>
  <node id="7364453359" lat="39.2953177" lon="33.4879588"/>
  <node id="7364453360" lat="39.2965133" lon="33.4901905"/>
  <node id="7364453361" lat="39.2949855" lon="33.4937953"/>
  <node id="9455292998" lat="39.2962475" lon="33.4925508"/>
  <node id="7364453362" lat="39.2952512" lon="33.4969281"/>
  <node id="7364453363" lat="39.2949855" lon="33.4984302"/>
  <node id="7364453364" lat="39.2937899" lon="33.5007046"/>
  <node id="7364453342" lat="39.3170349" lon="33.4503650"/>
  <node id="7364453343" lat="39.3154743" lon="33.4510945"/>
  <node id="7364453344" lat="39.3149099" lon="33.4522962"/>
  <node id="7364453345" lat="39.3141794" lon="33.4568023"/>
  <node id="7364453346" lat="39.3123865" lon="33.4584760"/>
  <node id="7364453334" lat="39.3307789" lon="33.4504079"/>
  <node id="13807015047" lat="39.3309213" lon="33.4513706"/>
  <node id="13807015048" lat="39.3305927" lon="33.4523757"/>
  <node id="13807015049" lat="39.3296839" lon="33.4541311"/>
  <node id="13807015050" lat="39.3282822" lon="33.4564812"/>
  <node id="13807015051" lat="39.3275375" lon="33.4580384"/>
  <node id="13807015052" lat="39.3271652" lon="33.4599354"/>
  <node id="13807015053" lat="39.3271652" lon="33.4613794"/>
  <node id="13807015054" lat="39.3274280" lon="33.4624836"/>
  <node id="13807015059" lat="39.3316987" lon="33.4626677"/>
  <node id="13807015055" lat="39.3280084" lon="33.4633047"/>
  <node id="13807015056" lat="39.3288407" lon="33.4636020"/>
  <node id="13807015057" lat="39.3295853" lon="33.4635454"/>
  <node id="13807015058" lat="39.3307132" lon="33.4629367"/>
  <node id="7364453329" lat="39.3362421" lon="33.4660469"/>
  <node id="7364453330" lat="39.3338454" lon="33.4635703"/>
  <node id="13807015060" lat="39.3327390" lon="33.4629225"/>
  <node id="13807015061" lat="39.3378372" lon="33.4667103"/>
  <node id="7364453365" lat="39.2904353" lon="33.5041809"/>
  <node id="7364453366" lat="39.2903689" lon="33.5070562"/>
  <node id="7364453367" lat="39.2895386" lon="33.5076999"/>
  <node id="7364453368" lat="39.2882432" lon="33.5081720"/>
  <node id="7364453369" lat="39.2869478" lon="33.5088157"/>
  <node id="7364453317" lat="39.3571682" lon="33.4476520"/>
  <node id="7364453314" lat="39.3599459" lon="33.4418682"/>
  <node id="7364453315" lat="39.3587018" lon="33.4418537"/>
  <node id="13807015073" lat="39.3638867" lon="33.4423193"/>
  <node id="7364453316" lat="39.3577950" lon="33.4441702"/>
  <node id="13807015092" lat="39.3855484" lon="33.4216410"/>
  <node id="7364453293" lat="39.3678903" lon="33.4332734"/>
  <node id="13807015074" lat="39.3664165" lon="33.4353083"/>
  <node id="13807015075" lat="39.3669020" lon="33.4338030"/>
  <node id="13807015071" lat="39.3763835" lon="33.4318346"/>
  <node id="13807015072" lat="39.3747368" lon="33.4327452"/>
  <node id="13807015076" lat="39.3659059" lon="33.4398383"/>
  <node id="13807015077" lat="39.3653238" lon="33.4415992"/>
  <node id="7364453277" lat="39.3792009" lon="33.4281163"/>
  <node id="13807015093" lat="39.3823244" lon="33.4238704"/>
  <node id="7364453257" lat="39.4154413" lon="33.3833312"/>
  <node id="7364453258" lat="39.4137669" lon="33.3835672"/>
  <node id="13686255596" lat="39.4132518" lon="33.3838368"/>
  <node id="7364453260" lat="39.4094731" lon="33.3871078"/>
  <node id="7364453262" lat="39.4071521" lon="33.3905410"/>
  <node id="7364453263" lat="39.4057097" lon="33.3924293"/>
  <node id="7364453265" lat="39.4039521" lon="33.3964204"/>
  <node id="7364453259" lat="39.4107331" lon="33.3851551"/>
  <node id="7364453256" lat="39.4182262" lon="33.3835244"/>
  <node id="7364453254" lat="39.4216741" lon="33.3871721"/>
  <node id="7364453252" lat="39.4215415" lon="33.3907555"/>
  <node id="7364453250" lat="39.4257848" lon="33.3966350"/>
  <node id="7364453251" lat="39.4232487" lon="33.3941030"/>
  <node id="7364453247" lat="39.4355965" lon="33.3888673"/>
  <node id="7364453248" lat="39.4325968" lon="33.3931159"/>
  <node id="7364453249" lat="39.4298290" lon="33.3950900"/>
  <node id="7364453244" lat="39.4414298" lon="33.3898543"/>
  <node id="7364453245" lat="39.4393749" lon="33.3882236"/>
  <node id="7364453246" lat="39.4374526" lon="33.3874511"/>
  <node id="7364453270" lat="39.3967394" lon="33.4067630"/>
  <node id="7364453267" lat="39.4006195" lon="33.4001111"/>
  <node id="7364453268" lat="39.3986629" lon="33.4024715"/>
  <node id="7364453269" lat="39.3974359" lon="33.4044455"/>
  <node id="7364453271" lat="39.3971706" lon="33.4089945"/>
  <node id="960388295" lat="39.3969716" lon="33.4212362"/>
  <node id="13807015094" lat="39.3915472" lon="33.4206467"/>
  <node id="7364453272" lat="39.3988951" lon="33.4126853"/>
  <node id="7364453273" lat="39.4010506" lon="33.4162044"/>
  <node id="7364453274" lat="39.4015480" lon="33.4183072"/>
  <node id="7364453275" lat="39.3999894" lon="33.4215259"/>
  <node id="9455498281" lat="39.4013822" lon="33.4203672"/>
  <node id="13686255538" lat="39.3989149" lon="33.4214228"/>
  <node id="7364453323" lat="39.3501866" lon="33.4576559"/>
  <node id="7364453324" lat="39.3476994" lon="33.4589956"/>
  <node id="7364453325" lat="39.3452695" lon="33.4608883"/>
  <node id="7364453326" lat="39.3439515" lon="33.4630183"/>
  <node id="7364453327" lat="39.3426082" lon="33.4684627"/>
  <node id="7364453328" lat="39.3388520" lon="33.4689733"/>
  <node id="13807015062" lat="39.3396900" lon="33.4708415"/>
  <node id="13807015063" lat="39.3412695" lon="33.4711385"/>
  <node id="13807015064" lat="39.3421907" lon="33.4702112"/>
  <node id="13807015065" lat="39.3404250" lon="33.4711741"/>
  <node id="7364453318" lat="39.3570333" lon="33.4499879"/>
  <node id="7364453321" lat="39.3533046" lon="33.4557191"/>
  <node id="13807015066" lat="39.3545102" lon="33.4560350"/>
  <node id="7364453320" lat="39.3559566" lon="33.4567473"/>
  <node id="7364453322" lat="39.3517015" lon="33.4567215"/>
  <node id="13807015070" lat="39.3573025" lon="33.4577079"/>
  <node id="7364453319" lat="39.3581390" lon="33.4519285"/>
  <node id="13807015067" lat="39.3597405" lon="33.4545502"/>
  <node id="13807015068" lat="39.3599611" lon="33.4559461"/>
  <node id="13807015069" lat="39.3589549" lon="33.4578473"/>
  <node id="12797356105" lat="39.4949747" lon="33.3406033"/>
  <node id="12797356106" lat="39.4951521" lon="33.3419805"/>
  <node id="12797356107" lat="39.4946966" lon="33.3423082"/>
  <node id="12797356108" lat="39.4947819" lon="33.3445910"/>
  <node id="12797355928" lat="39.5212311" lon="33.3170849"/>
  <node id="12797355929" lat="39.5206309" lon="33.3175536"/>
  <node id="12797355930" lat="39.5201171" lon="33.3179700"/>
  <node id="12797355931" lat="39.5198202" lon="33.3182864"/>
  <node id="12797356054" lat="39.5076955" lon="33.3187619"/>
  <node id="12797356055" lat="39.5069157" lon="33.3205202"/>
  <node id="12797356056" lat="39.5065060" lon="33.3216367"/>
  <node id="12797356057" lat="39.5062332" lon="33.3222028"/>
  <node id="12797356058" lat="39.5060768" lon="33.3227011"/>
  <node id="12797356059" lat="39.5062212" lon="33.3228834"/>
  <node id="12797356060" lat="39.5060780" lon="33.3230904"/>
  <node id="12797356061" lat="39.5059908" lon="33.3244411"/>
  <node id="12797356062" lat="39.5058242" lon="33.3260561"/>
  <node id="12797356063" lat="39.5057190" lon="33.3268248"/>
  <node id="12797356064" lat="39.5054766" lon="33.3282923"/>
  <node id="12797356065" lat="39.5059615" lon="33.3284603"/>
  <node id="12797356066" lat="39.5056950" lon="33.3294476"/>
  <node id="12797356067" lat="39.5052482" lon="33.3292691"/>
  <node id="12797356068" lat="39.5048917" lon="33.3290949"/>
  <node id="12797356069" lat="39.5048922" lon="33.3311210"/>
  <node id="12797356070" lat="39.5048645" lon="33.3315818"/>
  <node id="12797356090" lat="39.4998139" lon="33.3348485"/>
  <node id="12797356091" lat="39.4985270" lon="33.3360327"/>
  <node id="12797356092" lat="39.4983010" lon="33.3357003"/>
  <node id="12797356093" lat="39.4981708" lon="33.3357737"/>
  <node id="12797356094" lat="39.4975756" lon="33.3365930"/>
  <node id="12797356095" lat="39.4972626" lon="33.3369437"/>
  <node id="12797356096" lat="39.4969033" lon="33.3374501"/>
  <node id="12797356097" lat="39.4966479" lon="33.3373565"/>
  <node id="12797356098" lat="39.4958162" lon="33.3386131"/>
  <node id="12797356099" lat="39.4959618" lon="33.3390869"/>
  <node id="12797356100" lat="39.4957910" lon="33.3393842"/>
  <node id="12797356101" lat="39.4957112" lon="33.3399037"/>
  <node id="12797356102" lat="39.4955834" lon="33.3398612"/>
  <node id="12797356103" lat="39.4955162" lon="33.3400013"/>
  <node id="12797356104" lat="39.4955336" lon="33.3403764"/>
  <node id="12797356071" lat="39.5049744" lon="33.3316641"/>
  <node id="12797356072" lat="39.5047738" lon="33.3327054"/>
  <node id="12797356073" lat="39.5042722" lon="33.3325303"/>
  <node id="12797356074" lat="39.5042561" lon="33.3327231"/>
  <node id="12797356075" lat="39.5041202" lon="33.3330785"/>
  <node id="12797356076" lat="39.5040133" lon="33.3338067"/>
  <node id="12797356077" lat="39.5042169" lon="33.3338655"/>
  <node id="12797356078" lat="39.5039873" lon="33.3346949"/>
  <node id="12797356079" lat="39.5041879" lon="33.3347836"/>
  <node id="12797356080" lat="39.5042607" lon="33.3342092"/>
  <node id="12797356081" lat="39.5046445" lon="33.3343844"/>
  <node id="12797356082" lat="39.5044394" lon="33.3360131"/>
  <node id="12797356083" lat="39.5046993" lon="33.3360111"/>
  <node id="12797356084" lat="39.5047434" lon="33.3365895"/>
  <node id="12797356085" lat="39.5047245" lon="33.3368673"/>
  <node id="12797356086" lat="39.5039762" lon="33.3366932"/>
  <node id="12797356087" lat="39.5036024" lon="33.3373215"/>
  <node id="12797356088" lat="39.5026119" lon="33.3369940"/>
  <node id="12797356089" lat="39.5018721" lon="33.3358263"/>
  <node id="12797355993" lat="39.5078906" lon="33.3439338"/>
  <node id="12797355994" lat="39.5070229" lon="33.3438496"/>
  <node id="12797355995" lat="39.5066251" lon="33.3440738"/>
  <node id="12797355996" lat="39.5065869" lon="33.3422179"/>
  <node id="12797355997" lat="39.5067048" lon="33.3418810"/>
  <node id="12797355998" lat="39.5067377" lon="33.3415864"/>
  <node id="12797355999" lat="39.5060186" lon="33.3410891"/>
  <node id="12797356000" lat="39.5062738" lon="33.3408294"/>
  <node id="12797356001" lat="39.5070656" lon="33.3413431"/>
  <node id="12797356002" lat="39.5072617" lon="33.3405333"/>
  <node id="12797356003" lat="39.5078874" lon="33.3395998"/>
  <node id="12797356004" lat="39.5076888" lon="33.3392155"/>
  <node id="12797356005" lat="39.5072680" lon="33.3386993"/>
  <node id="12797356006" lat="39.5073319" lon="33.3385148"/>
  <node id="12797356007" lat="39.5079143" lon="33.3391425"/>
  <node id="12797355945" lat="39.5141539" lon="33.3214052"/>
  <node id="12797355946" lat="39.5141260" lon="33.3220870"/>
  <node id="12797355947" lat="39.5141978" lon="33.3230829"/>
  <node id="12797355948" lat="39.5140542" lon="33.3242341"/>
  <node id="12797355950" lat="39.5145645" lon="33.3250059"/>
  <node id="12797356034" lat="39.5131026" lon="33.3246118"/>
  <node id="12797356035" lat="39.5126986" lon="33.3246736"/>
  <node id="12797356036" lat="39.5120121" lon="33.3233545"/>
  <node id="12797356037" lat="39.5118458" lon="33.3229326"/>
  <node id="12797356038" lat="39.5116857" lon="33.3226405"/>
  <node id="12797356039" lat="39.5114525" lon="33.3224748"/>
  <node id="12797356040" lat="39.5112574" lon="33.3232120"/>
  <node id="12797356041" lat="39.5101149" lon="33.3229375"/>
  <node id="12797356042" lat="39.5100649" lon="33.3224252"/>
  <node id="12797356043" lat="39.5098013" lon="33.3224592"/>
  <node id="12797356044" lat="39.5097222" lon="33.3228553"/>
  <node id="12797356045" lat="39.5093292" lon="33.3227693"/>
  <node id="12797356046" lat="39.5093186" lon="33.3217308"/>
  <node id="12797356047" lat="39.5110068" lon="33.3218765"/>
  <node id="12797356048" lat="39.5109951" lon="33.3214418"/>
  <node id="12797356049" lat="39.5093353" lon="33.3206976"/>
  <node id="12797356050" lat="39.5093787" lon="33.3205456"/>
  <node id="12797356051" lat="39.5097168" lon="33.3204694"/>
  <node id="12797356052" lat="39.5099791" lon="33.3199350"/>
  <node id="12797356053" lat="39.5094647" lon="33.3197376"/>
  <node id="12797355949" lat="39.5142182" lon="33.3253659"/>
  <node id="12797355952" lat="39.5148168" lon="33.3260453"/>
  <node id="12797355961" lat="39.5148717" lon="33.3288440"/>
  <node id="12797355962" lat="39.5144660" lon="33.3300116"/>
  <node id="12797355963" lat="39.5141188" lon="33.3309380"/>
  <node id="12797356020" lat="39.5102472" lon="33.3302882"/>
  <node id="12797356021" lat="39.5104253" lon="33.3300172"/>
  <node id="12797356022" lat="39.5107440" lon="33.3290619"/>
  <node id="12797356023" lat="39.5115399" lon="33.3284100"/>
  <node id="12797356024" lat="39.5117752" lon="33.3281884"/>
  <node id="12797356025" lat="39.5125792" lon="33.3293757"/>
  <node id="12797356026" lat="39.5129916" lon="33.3286733"/>
  <node id="12797356027" lat="39.5126500" lon="33.3281561"/>
  <node id="12797356028" lat="39.5124516" lon="33.3274618"/>
  <node id="12797356029" lat="39.5127990" lon="33.3269220"/>
  <node id="12797356030" lat="39.5129162" lon="33.3270042"/>
  <node id="12797356031" lat="39.5129056" lon="33.3260101"/>
  <node id="12797356032" lat="39.5132246" lon="33.3260538"/>
  <node id="12797356033" lat="39.5131179" lon="33.3251750"/>
  <node id="12797355932" lat="39.5198648" lon="33.3186679"/>
  <node id="12797355933" lat="39.5186571" lon="33.3191839"/>
  <node id="12797355934" lat="39.5182059" lon="33.3194405"/>
  <node id="12797355935" lat="39.5179664" lon="33.3196154"/>
  <node id="12797355936" lat="39.5177699" lon="33.3192885"/>
  <node id="12797355937" lat="39.5176412" lon="33.3194308"/>
  <node id="12797355938" lat="39.5166675" lon="33.3203184"/>
  <node id="12797355939" lat="39.5164806" lon="33.3205289"/>
  <node id="12797355940" lat="39.5161240" lon="33.3207381"/>
  <node id="12797355941" lat="39.5157531" lon="33.3208988"/>
  <node id="12797355942" lat="39.5152820" lon="33.3210417"/>
  <node id="12797355943" lat="39.5150360" lon="33.3211250"/>
  <node id="12797355944" lat="39.5149922" lon="33.3209445"/>
  <node id="12797355951" lat="39.5150242" lon="33.3257812"/>
  <node id="12797355953" lat="39.5149619" lon="33.3263200"/>
  <node id="12797355954" lat="39.5152227" lon="33.3266376"/>
  <node id="12797355955" lat="39.5155127" lon="33.3270417"/>
  <node id="12797355956" lat="39.5157069" lon="33.3273277"/>
  <node id="12797355957" lat="39.5156980" lon="33.3274618"/>
  <node id="12797355958" lat="39.5152628" lon="33.3276464"/>
  <node id="12797355959" lat="39.5151747" lon="33.3277540"/>
  <node id="12797355960" lat="39.5150496" lon="33.3283533"/>
  <node id="12797355964" lat="39.5137601" lon="33.3317489"/>
  <node id="12797355965" lat="39.5134127" lon="33.3318744"/>
  <node id="12797355966" lat="39.5133199" lon="33.3319905"/>
  <node id="12797355967" lat="39.5131989" lon="33.3321104"/>
  <node id="12797355968" lat="39.5130417" lon="33.3322100"/>
  <node id="12797355969" lat="39.5126969" lon="33.3320845"/>
  <node id="12797355970" lat="39.5124721" lon="33.3324250"/>
  <node id="12797355971" lat="39.5121150" lon="33.3330143"/>
  <node id="12797355972" lat="39.5119894" lon="33.3333165"/>
  <node id="12797355973" lat="39.5118869" lon="33.3337607"/>
  <node id="12797355974" lat="39.5115901" lon="33.3351922"/>
  <node id="12797355975" lat="39.5114516" lon="33.3357015"/>
  <node id="12797355976" lat="39.5113449" lon="33.3363225"/>
  <node id="12797355977" lat="39.5113354" lon="33.3364685"/>
  <node id="12797355978" lat="39.5125426" lon="33.3368204"/>
  <node id="12797355979" lat="39.5120277" lon="33.3370323"/>
  <node id="12797356009" lat="39.5094477" lon="33.3374153"/>
  <node id="12797356010" lat="39.5098911" lon="33.3361138"/>
  <node id="12797356011" lat="39.5100153" lon="33.3353654"/>
  <node id="12797356012" lat="39.5101554" lon="33.3343335"/>
  <node id="12797356013" lat="39.5101050" lon="33.3337629"/>
  <node id="12797356014" lat="39.5101250" lon="33.3334492"/>
  <node id="12797356015" lat="39.5100468" lon="33.3331967"/>
  <node id="12797356016" lat="39.5098608" lon="33.3330435"/>
  <node id="12797356017" lat="39.5100023" lon="33.3328629"/>
  <node id="12797356018" lat="39.5103991" lon="33.3328451"/>
  <node id="12797356019" lat="39.5095436" lon="33.3321852"/>
  <node id="12797355980" lat="39.5121439" lon="33.3386582"/>
  <node id="12797355981" lat="39.5124152" lon="33.3390519"/>
  <node id="12797355982" lat="39.5122948" lon="33.3391201"/>
  <node id="12797355983" lat="39.5120701" lon="33.3391971"/>
  <node id="12797355984" lat="39.5118375" lon="33.3393315"/>
  <node id="12797355985" lat="39.5120802" lon="33.3398799"/>
  <node id="12797355986" lat="39.5122384" lon="33.3402490"/>
  <node id="12797355987" lat="39.5121906" lon="33.3405849"/>
  <node id="12797355988" lat="39.5112026" lon="33.3402047"/>
  <node id="12797355989" lat="39.5099017" lon="33.3401938"/>
  <node id="12797355990" lat="39.5099852" lon="33.3415086"/>
  <node id="12797355991" lat="39.5099389" lon="33.3417153"/>
  <node id="12797355992" lat="39.5093099" lon="33.3441783"/>
  <node id="12797356008" lat="39.5084023" lon="33.3382713"/>
  <node id="12797355913" lat="39.5278565" lon="33.3177043"/>
  <node id="12797355914" lat="39.5275695" lon="33.3176449"/>
  <node id="12797355915" lat="39.5269306" lon="33.3172779"/>
  <node id="12797355916" lat="39.5264032" lon="33.3169292"/>
  <node id="12797355917" lat="39.5251541" lon="33.3159452"/>
  <node id="12797355918" lat="39.5241661" lon="33.3153817"/>
  <node id="12797355919" lat="39.5237493" lon="33.3150834"/>
  <node id="12797355920" lat="39.5233698" lon="33.3149478"/>
  <node id="12797355921" lat="39.5229018" lon="33.3147220"/>
  <node id="12797355922" lat="39.5225985" lon="33.3145200"/>
  <node id="12797355923" lat="39.5223747" lon="33.3143800"/>
  <node id="12797355924" lat="39.5221730" lon="33.3147910"/>
  <node id="12797355925" lat="39.5226851" lon="33.3151849"/>
  <node id="12797355926" lat="39.5220321" lon="33.3160864"/>
  <node id="12797355927" lat="39.5215494" lon="33.3166959"/>
  <node id="12797355893" lat="39.5344774" lon="33.3179607"/>
  <node id="12797355894" lat="39.5344371" lon="33.3181538"/>
  <node id="12797355910" lat="39.5287677" lon="33.3180608"/>
  <node id="12797355911" lat="39.5286012" lon="33.3179537"/>
  <node id="12797355912" lat="39.5282559" lon="33.3178342"/>
  <node id="12797355876" lat="39.5409656" lon="33.3104373"/>
  <node id="12797355877" lat="39.5397894" lon="33.3118724"/>
  <node id="12797355878" lat="39.5397515" lon="33.3122086"/>
  <node id="12797355879" lat="39.5403042" lon="33.3132474"/>
  <node id="12797355880" lat="39.5406675" lon="33.3134430"/>
  <node id="12797355881" lat="39.5406701" lon="33.3136175"/>
  <node id="12797355882" lat="39.5397556" lon="33.3147046"/>
  <node id="12797355883" lat="39.5395434" lon="33.3157641"/>
  <node id="12797355884" lat="39.5396218" lon="33.3159086"/>
  <node id="12797355885" lat="39.5394319" lon="33.3167195"/>
  <node id="12797355886" lat="39.5390442" lon="33.3173051"/>
  <node id="12797355887" lat="39.5369847" lon="33.3172832"/>
  <node id="12797355888" lat="39.5367037" lon="33.3175628"/>
  <node id="12797355889" lat="39.5363919" lon="33.3173056"/>
  <node id="12797355890" lat="39.5357747" lon="33.3175085"/>
  <node id="12797355891" lat="39.5351715" lon="33.3174602"/>
  <node id="12797355892" lat="39.5346824" lon="33.3177784"/>
  <node id="12797355875" lat="39.5414576" lon="33.3110214"/>
  <node id="12797355860" lat="39.5471445" lon="33.3181097"/>
  <node id="12797355861" lat="39.5466999" lon="33.3180069"/>
  <node id="12797355862" lat="39.5466133" lon="33.3178222"/>
  <node id="12797355863" lat="39.5459742" lon="33.3179550"/>
  <node id="12797355864" lat="39.5459765" lon="33.3167668"/>
  <node id="12797355865" lat="39.5454839" lon="33.3168345"/>
  <node id="12797355866" lat="39.5454103" lon="33.3156474"/>
  <node id="12797355867" lat="39.5458574" lon="33.3153532"/>
  <node id="12797355868" lat="39.5457824" lon="33.3150920"/>
  <node id="12797355869" lat="39.5443597" lon="33.3156659"/>
  <node id="12797355870" lat="39.5444628" lon="33.3142243"/>
  <node id="12797355871" lat="39.5436527" lon="33.3147212"/>
  <node id="12797355872" lat="39.5436387" lon="33.3143713"/>
  <node id="12797355873" lat="39.5433227" lon="33.3138669"/>
  <node id="12797355874" lat="39.5428595" lon="33.3137508"/>
  <node id="12797355896" lat="39.5339384" lon="33.3214851"/>
  <node id="12797355897" lat="39.5336013" lon="33.3219183"/>
  <node id="12797355898" lat="39.5344037" lon="33.3226638"/>
  <node id="12797355899" lat="39.5341917" lon="33.3231217"/>
  <node id="12797355900" lat="39.5329546" lon="33.3220865"/>
  <node id="12797355901" lat="39.5322415" lon="33.3214406"/>
  <node id="12797355902" lat="39.5316255" lon="33.3208581"/>
  <node id="12797355903" lat="39.5312358" lon="33.3203477"/>
  <node id="12797355904" lat="39.5307752" lon="33.3196457"/>
  <node id="12797355905" lat="39.5306453" lon="33.3193342"/>
  <node id="12797355906" lat="39.5303960" lon="33.3191510"/>
  <node id="12797355907" lat="39.5299304" lon="33.3189102"/>
  <node id="12797355908" lat="39.5295560" lon="33.3186900"/>
  <node id="12797355909" lat="39.5293074" lon="33.3185231"/>
  <node id="12797355895" lat="39.5353528" lon="33.3191101"/>
  <node id="12797355858" lat="39.5474883" lon="33.3188276"/>
  <node id="12797355859" lat="39.5473633" lon="33.3186431"/>
  <node id="7364429796" lat="39.6505748" lon="33.1935596"/>
  <node id="7364429797" lat="39.6476669" lon="33.1996535"/>
  <node id="7364429798" lat="39.6455521" lon="33.2058333"/>
  <node id="7364429799" lat="39.6449573" lon="33.2129573"/>
  <node id="7364429800" lat="39.6438337" lon="33.2217979"/>
  <node id="7364429801" lat="39.6432389" lon="33.2312392"/>
  <node id="7364429802" lat="39.6443625" lon="33.2381057"/>
  <node id="13686255270" lat="39.6437144" lon="33.2341453"/>
  <node id="12797355840" lat="39.5607655" lon="33.3163731"/>
  <node id="12797355841" lat="39.5602393" lon="33.3173070"/>
  <node id="12797355832" lat="39.5631982" lon="33.3160712"/>
  <node id="12797355833" lat="39.5631281" lon="33.3160797"/>
  <node id="12797355834" lat="39.5629756" lon="33.3160939"/>
  <node id="12797355835" lat="39.5620438" lon="33.3161584"/>
  <node id="12797355836" lat="39.5618601" lon="33.3165435"/>
  <node id="12797355837" lat="39.5618127" lon="33.3167252"/>
  <node id="12797355838" lat="39.5616164" lon="33.3167662"/>
  <node id="12797355839" lat="39.5608701" lon="33.3164276"/>
  <node id="12797356383" lat="39.5669624" lon="33.3178936"/>
  <node id="12797356384" lat="39.5661742" lon="33.3173204"/>
  <node id="12797356385" lat="39.5652390" lon="33.3146106"/>
  <node id="12797356386" lat="39.5639302" lon="33.3151444"/>
  <node id="12797356387" lat="39.5639304" lon="33.3139826"/>
  <node id="12797356388" lat="39.5635782" lon="33.3139847"/>
  <node id="12797356389" lat="39.5635633" lon="33.3137437"/>
  <node id="12797356390" lat="39.5637271" lon="33.3136567"/>
  <node id="12797356391" lat="39.5636814" lon="33.3129639"/>
  <node id="12797356392" lat="39.5629859" lon="33.3130694"/>
  <node id="12797356393" lat="39.5629608" lon="33.3132134"/>
  <node id="12797356394" lat="39.5632759" lon="33.3160209"/>
  <node id="12797356362" lat="39.5736863" lon="33.3174693"/>
  <node id="12797356363" lat="39.5732340" lon="33.3171924"/>
  <node id="12797356364" lat="39.5729140" lon="33.3180841"/>
  <node id="12797356378" lat="39.5695817" lon="33.3184736"/>
  <node id="12797356379" lat="39.5694992" lon="33.3182428"/>
  <node id="12797356380" lat="39.5690558" lon="33.3181665"/>
  <node id="12797356381" lat="39.5686691" lon="33.3177990"/>
  <node id="12797356382" lat="39.5685162" lon="33.3173508"/>
  <node id="12797355849" lat="39.5522342" lon="33.3201998"/>
  <node id="12797355850" lat="39.5513601" lon="33.3191528"/>
  <node id="12797355851" lat="39.5510895" lon="33.3194236"/>
  <node id="12797355852" lat="39.5506087" lon="33.3196770"/>
  <node id="12797355853" lat="39.5510850" lon="33.3200821"/>
  <node id="12797355854" lat="39.5507288" lon="33.3206463"/>
  <node id="12797355855" lat="39.5493599" lon="33.3193751"/>
  <node id="12797355856" lat="39.5492221" lon="33.3196946"/>
  <node id="12797355857" lat="39.5489790" lon="33.3199078"/>
  <node id="12797355842" lat="39.5590182" lon="33.3188130"/>
  <node id="12797355843" lat="39.5576434" lon="33.3197541"/>
  <node id="12797355844" lat="39.5572652" lon="33.3202613"/>
  <node id="12797355845" lat="39.5554938" lon="33.3218294"/>
  <node id="12797355846" lat="39.5550757" lon="33.3208071"/>
  <node id="12797355847" lat="39.5547525" lon="33.3200777"/>
  <node id="12797355848" lat="39.5543472" lon="33.3190725"/>
  <node id="12797356365" lat="39.5726971" lon="33.3187959"/>
  <node id="12797356366" lat="39.5722450" lon="33.3191387"/>
  <node id="12797356367" lat="39.5714897" lon="33.3191859"/>
  <node id="12797356368" lat="39.5713862" lon="33.3191251"/>
  <node id="12797356369" lat="39.5712345" lon="33.3193396"/>
  <node id="12797356370" lat="39.5712219" lon="33.3193854"/>
  <node id="12797356371" lat="39.5710958" lon="33.3192639"/>
  <node id="12797356372" lat="39.5710502" lon="33.3193740"/>
  <node id="12797356373" lat="39.5707228" lon="33.3192130"/>
  <node id="12797356374" lat="39.5704024" lon="33.3190387"/>
  <node id="12797356375" lat="39.5701668" lon="33.3189460"/>
  <node id="12797356376" lat="39.5699685" lon="33.3188461"/>
  <node id="12797356377" lat="39.5695846" lon="33.3186365"/>
  <node id="12797356358" lat="39.5755211" lon="33.3183197"/>
  <node id="12797356359" lat="39.5754671" lon="33.3177763"/>
  <node id="12797356360" lat="39.5753986" lon="33.3173550"/>
  <node id="12797356361" lat="39.5743349" lon="33.3180807"/>
  <node id="12797356767" lat="39.5868213" lon="33.3153374"/>
  <node id="12797356768" lat="39.5865804" lon="33.3156218"/>
  <node id="12797356769" lat="39.5865611" lon="33.3157093"/>
  <node id="12797356770" lat="39.5860442" lon="33.3163346"/>
  <node id="12797356771" lat="39.5858829" lon="33.3166154"/>
  <node id="12797356772" lat="39.5857794" lon="33.3168864"/>
  <node id="12797356773" lat="39.5856353" lon="33.3171660"/>
  <node id="12797356774" lat="39.5851736" lon="33.3175141"/>
  <node id="12797356775" lat="39.5849302" lon="33.3179824"/>
  <node id="12797356749" lat="39.5927566" lon="33.3166454"/>
  <node id="12797356750" lat="39.5896280" lon="33.3134834"/>
  <node id="12797356751" lat="39.5894430" lon="33.3131892"/>
  <node id="12797356752" lat="39.5894560" lon="33.3128865"/>
  <node id="12797356753" lat="39.5896680" lon="33.3126073"/>
  <node id="12797356754" lat="39.5899285" lon="33.3124194"/>
  <node id="12797356755" lat="39.5902619" lon="33.3122615"/>
  <node id="12797356756" lat="39.5902349" lon="33.3121105"/>
  <node id="12797356757" lat="39.5899559" lon="33.3120691"/>
  <node id="12797356758" lat="39.5896512" lon="33.3119937"/>
  <node id="12797356759" lat="39.5889919" lon="33.3125521"/>
  <node id="12797356760" lat="39.5887689" lon="33.3127496"/>
  <node id="12797356761" lat="39.5883936" lon="33.3129992"/>
  <node id="12797356762" lat="39.5881891" lon="33.3132660"/>
  <node id="12797356763" lat="39.5879746" lon="33.3134929"/>
  <node id="12797356764" lat="39.5878498" lon="33.3137168"/>
  <node id="12797356765" lat="39.5875885" lon="33.3144809"/>
  <node id="12797356766" lat="39.5872734" lon="33.3149574"/>
  <node id="12797356738" lat="39.6000414" lon="33.3148646"/>
  <node id="12797356739" lat="39.5986385" lon="33.3166673"/>
  <node id="12797356744" lat="39.5965093" lon="33.3153719"/>
  <node id="12797356745" lat="39.5960553" lon="33.3156215"/>
  <node id="12797356746" lat="39.5950770" lon="33.3165742"/>
  <node id="12797356747" lat="39.5952692" lon="33.3176517"/>
  <node id="12797356748" lat="39.5943216" lon="33.3172865"/>
  <node id="12797356341" lat="39.5786602" lon="33.3237479"/>
  <node id="12797356342" lat="39.5785734" lon="33.3234666"/>
  <node id="12797356343" lat="39.5782914" lon="33.3231073"/>
  <node id="12797356344" lat="39.5782064" lon="33.3221390"/>
  <node id="12797356345" lat="39.5778280" lon="33.3221945"/>
  <node id="12797356346" lat="39.5775300" lon="33.3222937"/>
  <node id="12797356347" lat="39.5774802" lon="33.3222595"/>
  <node id="12797356348" lat="39.5771872" lon="33.3218432"/>
  <node id="12797356349" lat="39.5768382" lon="33.3221217"/>
  <node id="12797356350" lat="39.5767964" lon="33.3220525"/>
  <node id="12797356351" lat="39.5764364" lon="33.3224042"/>
  <node id="12797356352" lat="39.5761587" lon="33.3226638"/>
  <node id="12797356353" lat="39.5757993" lon="33.3213363"/>
  <node id="12797356354" lat="39.5757193" lon="33.3206074"/>
  <node id="12797356355" lat="39.5756986" lon="33.3202634"/>
  <node id="12797356356" lat="39.5756329" lon="33.3195667"/>
  <node id="12797356357" lat="39.5756003" lon="33.3189260"/>
  <node id="12797356783" lat="39.5802588" lon="33.3222598"/>
  <node id="12797356784" lat="39.5792158" lon="33.3231650"/>
  <node id="12797356785" lat="39.5790480" lon="33.3233722"/>
  <node id="12797356786" lat="39.5788515" lon="33.3236268"/>
  <node id="12797356787" lat="39.5787751" lon="33.3237087"/>
  <node id="12797356776" lat="39.5836075" lon="33.3197118"/>
  <node id="12797356777" lat="39.5833245" lon="33.3199477"/>
  <node id="12797356778" lat="39.5824608" lon="33.3205515"/>
  <node id="12797356779" lat="39.5817850" lon="33.3209667"/>
  <node id="12797356780" lat="39.5815782" lon="33.3211728"/>
  <node id="12797356781" lat="39.5814469" lon="33.3213516"/>
  <node id="12797356782" lat="39.5811551" lon="33.3214423"/>
  <node id="12797356740" lat="39.5965600" lon="33.3195075"/>
  <node id="12797356741" lat="39.5958700" lon="33.3208758"/>
  <node id="12797356742" lat="39.5957509" lon="33.3207690"/>
  <node id="12797356743" lat="39.5959690" lon="33.3202229"/>
  <node id="7364429803" lat="39.6486583" lon="33.2485770"/>
  <node id="12797356722" lat="39.6066274" lon="33.3177958"/>
  <node id="12797356723" lat="39.6063911" lon="33.3180400"/>
  <node id="12797356724" lat="39.6062033" lon="33.3178046"/>
  <node id="12797356725" lat="39.6061651" lon="33.3174751"/>
  <node id="12797356726" lat="39.6065973" lon="33.3161572"/>
  <node id="12797356729" lat="39.6052443" lon="33.3156465"/>
  <node id="12797356730" lat="39.6054528" lon="33.3160987"/>
  <node id="12797356731" lat="39.6048829" lon="33.3165119"/>
  <node id="12797356732" lat="39.6043942" lon="33.3169518"/>
  <node id="12797356733" lat="39.6039830" lon="33.3162418"/>
  <node id="12797356734" lat="39.6028454" lon="33.3171522"/>
  <node id="12797356735" lat="39.6017337" lon="33.3166967"/>
  <node id="12797356736" lat="39.6009820" lon="33.3166482"/>
  <node id="12797356737" lat="39.6002034" lon="33.3152071"/>
  <node id="12797356715" lat="39.6106035" lon="33.3184911"/>
  <node id="12797356718" lat="39.6081866" lon="33.3179019"/>
  <node id="12797356719" lat="39.6080089" lon="33.3176387"/>
  <node id="12797356720" lat="39.6077217" lon="33.3172503"/>
  <node id="12797356721" lat="39.6072842" lon="33.3168218"/>
  <node id="12797356727" lat="39.6074720" lon="33.3152527"/>
  <node id="12797356728" lat="39.6068320" lon="33.3138676"/>
  <node id="12797356712" lat="39.6130758" lon="33.3214116"/>
  <node id="12797356713" lat="39.6123160" lon="33.3205328"/>
  <node id="12797356714" lat="39.6108595" lon="33.3187321"/>
  <node id="12797356716" lat="39.6092254" lon="33.3194294"/>
  <node id="12797356717" lat="39.6084810" lon="33.3195311"/>
  <node id="12797356697" lat="39.6196160" lon="33.3243706"/>
  <node id="12797356698" lat="39.6190585" lon="33.3243844"/>
  <node id="12797356699" lat="39.6187304" lon="33.3243165"/>
  <node id="12797356700" lat="39.6182208" lon="33.3241291"/>
  <node id="12797356701" lat="39.6180949" lon="33.3246714"/>
  <node id="12797356702" lat="39.6174510" lon="33.3246099"/>
  <node id="12797356703" lat="39.6159281" lon="33.3230208"/>
  <node id="12797356704" lat="39.6155542" lon="33.3225975"/>
  <node id="12797356705" lat="39.6153447" lon="33.3223026"/>
  <node id="12797356706" lat="39.6150817" lon="33.3220167"/>
  <node id="12797356707" lat="39.6145842" lon="33.3215031"/>
  <node id="12797356708" lat="39.6143602" lon="33.3212582"/>
  <node id="12797356709" lat="39.6139209" lon="33.3207004"/>
  <node id="12797356710" lat="39.6137089" lon="33.3210005"/>
  <node id="12797356711" lat="39.6134510" lon="33.3207953"/>
  <node id="12797355755" lat="39.6230417" lon="33.3248415"/>
  <node id="12797355756" lat="39.6230727" lon="33.3244180"/>
  <node id="12797355757" lat="39.6227409" lon="33.3241148"/>
  <node id="12797355758" lat="39.6224176" lon="33.3243315"/>
  <node id="12797355759" lat="39.6222200" lon="33.3246391"/>
  <node id="12797355760" lat="39.6219436" lon="33.3248517"/>
  <node id="12797355761" lat="39.6217963" lon="33.3245301"/>
  <node id="12797355765" lat="39.6202732" lon="33.3250552"/>
  <node id="12797356690" lat="39.6200797" lon="33.3250159"/>
  <node id="12797356691" lat="39.6206441" lon="33.3245169"/>
  <node id="12797356692" lat="39.6206038" lon="33.3244869"/>
  <node id="12797356693" lat="39.6205184" lon="33.3244564"/>
  <node id="12797356694" lat="39.6202924" lon="33.3245122"/>
  <node id="12797356695" lat="39.6201849" lon="33.3245052"/>
  <node id="12797356696" lat="39.6198978" lon="33.3243571"/>
  <node id="12797355744" lat="39.6260876" lon="33.3255578"/>
  <node id="12797355745" lat="39.6256393" lon="33.3258826"/>
  <node id="12797355746" lat="39.6254635" lon="33.3259361"/>
  <node id="12797355747" lat="39.6251927" lon="33.3258657"/>
  <node id="12797355748" lat="39.6250855" lon="33.3259836"/>
  <node id="12797355749" lat="39.6248377" lon="33.3258936"/>
  <node id="12797355750" lat="39.6245457" lon="33.3258427"/>
  <node id="12797355751" lat="39.6243747" lon="33.3272712"/>
  <node id="12797355752" lat="39.6242805" lon="33.3273714"/>
  <node id="12797355753" lat="39.6236799" lon="33.3260339"/>
  <node id="12797355754" lat="39.6233498" lon="33.3256052"/>
  <node id="12797355762" lat="39.6208030" lon="33.3255327"/>
  <node id="12797355763" lat="39.6206042" lon="33.3256216"/>
  <node id="12797355764" lat="39.6204804" lon="33.3254927"/>
  <node id="7364429829" lat="39.6376208" lon="33.3156108"/>
  <node id="7364429830" lat="39.6361667" lon="33.3180141"/>
  <node id="7364429831" lat="39.6333078" lon="33.3180249"/>
  <node id="7364429827" lat="39.6442964" lon="33.3150100"/>
  <node id="7364429828" lat="39.6408595" lon="33.3149242"/>
  <node id="7364429824" lat="39.6503765" lon="33.3097743"/>
  <node id="7364429825" lat="39.6474687" lon="33.3097743"/>
  <node id="7364429826" lat="39.6462130" lon="33.3128642"/>
  <node id="12797355726" lat="39.6314651" lon="33.3246124"/>
  <node id="960388278" lat="39.6278789" lon="33.3275950"/>
  <node id="12797355724" lat="39.6293167" lon="33.3279168"/>
  <node id="12797355725" lat="39.6293746" lon="33.3254385"/>
  <node id="12797355740" lat="39.6276240" lon="33.3267250"/>
  <node id="12797355741" lat="39.6271387" lon="33.3263870"/>
  <node id="12797355742" lat="39.6266477" lon="33.3259109"/>
  <node id="12797355743" lat="39.6264225" lon="33.3259147"/>
  <node id="7364453227" lat="39.4684521" lon="33.3454585"/>
  <node id="7364453228" lat="39.4640033" lon="33.3475801"/>
  <node id="7364453229" lat="39.4638097" lon="33.3498278"/>
  <node id="12797355681" lat="39.4679179" lon="33.3451849"/>
  <node id="12797355682" lat="39.4674582" lon="33.3452064"/>
  <node id="12797355683" lat="39.4672097" lon="33.3456033"/>
  <node id="12797355684" lat="39.4668991" lon="33.3461559"/>
  <node id="12797355685" lat="39.4660543" lon="33.3468693"/>
  <node id="12797355686" lat="39.4655511" lon="33.3472851"/>
  <node id="12797355687" lat="39.4649713" lon="33.3471751"/>
  <node id="12797355688" lat="39.4645862" lon="33.3467165"/>
  <node id="12797355689" lat="39.4647912" lon="33.3469659"/>
  <node id="12797355690" lat="39.4643708" lon="33.3465984"/>
  <node id="12797355691" lat="39.4640188" lon="33.3466414"/>
  <node id="12797355692" lat="39.4637455" lon="33.3468103"/>
  <node id="12797355694" lat="39.4633860" lon="33.3512689"/>
  <node id="12797355695" lat="39.4635270" lon="33.3507867"/>
  <node id="12797355696" lat="39.4637248" lon="33.3502959"/>
  <node id="7364453230" lat="39.4628064" lon="33.3535507"/>
  <node id="7364453231" lat="39.4633914" lon="33.3534273"/>
  <node id="7364453232" lat="39.4654952" lon="33.3536768"/>
  <node id="7364453233" lat="39.4670275" lon="33.3531457"/>
  <node id="12797355693" lat="39.4638449" lon="33.3534602"/>
  <node id="12797355706" lat="39.4673381" lon="33.3565092"/>
  <node id="12797355707" lat="39.4673961" lon="33.3557045"/>
  <node id="12797355708" lat="39.4656888" lon="33.3534287"/>
  <node id="12797355709" lat="39.4649672" lon="33.3536513"/>
  <node id="7364453234" lat="39.4666631" lon="33.3628339"/>
  <node id="7364453235" lat="39.4641783" lon="33.3663207"/>
  <node id="12797355699" lat="39.4660641" lon="33.3668411"/>
  <node id="12797355705" lat="39.4644889" lon="33.3653015"/>
  <node id="7364453243" lat="39.4428880" lon="33.3901977"/>
  <node id="7364453241" lat="39.4493172" lon="33.3915710"/>
  <node id="7364453242" lat="39.4473951" lon="33.3910560"/>
  <node id="7364453240" lat="39.4522996" lon="33.3922576"/>
  <node id="9455467379" lat="39.4596557" lon="33.3953476"/>
  <node id="12797355704" lat="39.4564774" lon="33.3939193"/>
  <node id="12797355697" lat="39.4666538" lon="33.3903681"/>
  <node id="12797355698" lat="39.4664622" lon="33.3873975"/>
  <node id="12797355700" lat="39.4664363" lon="33.3864427"/>
  <node id="12797355701" lat="39.4664115" lon="33.3866090"/>
  <node id="12797355703" lat="39.4664477" lon="33.3868732"/>
  <node id="973568618" lat="39.4668122" lon="33.3921504"/>
  <node id="12797355679" lat="39.4646752" lon="33.3940172"/>
  <node id="12797355680" lat="39.4628364" lon="33.3946395"/>
  <node id="12797355702" lat="39.4667299" lon="33.3912572"/>
  <node id="7364453224" lat="39.4744938" lon="33.3467674"/>
  <node id="7364453225" lat="39.4715993" lon="33.3455765"/>
  <node id="7364453226" lat="39.4702908" lon="33.3449221"/>
  <node id="12797355710" lat="39.4711190" lon="33.3450079"/>
  <node id="12797355711" lat="39.4734296" lon="33.3458018"/>
  <node id="7364453218" lat="39.4820836" lon="33.3473468"/>
  <node id="7364453219" lat="39.4813218" lon="33.3465099"/>
  <node id="7364453220" lat="39.4801956" lon="33.3471965"/>
  <node id="7364453221" lat="39.4796242" lon="33.3472824"/>
  <node id="7364453222" lat="39.4777733" lon="33.3466119"/>
  <node id="7364453223" lat="39.4765560" lon="33.3465743"/>
  <node id="12797355712" lat="39.4756574" lon="33.3467567"/>
  <node id="12797355713" lat="39.4785435" lon="33.3463597"/>
  <node id="12797355714" lat="39.4789244" lon="33.3463865"/>
  <node id="12797355715" lat="39.4792598" lon="33.3466279"/>
  <node id="12797355716" lat="39.4794254" lon="33.3470517"/>
  <node id="12797355717" lat="39.4817358" lon="33.3468103"/>
  <node id="7364453217" lat="39.4833092" lon="33.3507156"/>
  <node id="7364453213" lat="39.4886335" lon="33.3538269"/>
  <node id="7364453214" lat="39.4881532" lon="33.3538591"/>
  <node id="7364453215" lat="39.4860252" lon="33.3526038"/>
  <node id="7364453216" lat="39.4846341" lon="33.3523463"/>
  <node id="12797355718" lat="39.4920902" lon="33.3512574"/>
  <node id="12797356109" lat="39.4951792" lon="33.3449487"/>
  <node id="12797356110" lat="39.4933769" lon="33.3452153"/>
  <node id="12797356111" lat="39.4934512" lon="33.3461025"/>
  <node id="12797356112" lat="39.4936618" lon="33.3461313"/>
  <node id="12797356113" lat="39.4933575" lon="33.3472544"/>
  <node id="12797356114" lat="39.4930586" lon="33.3487781"/>
  <node id="12797356115" lat="39.4931752" lon="33.3489147"/>
  <node id="7364453211" lat="39.4926691" lon="33.3513233"/>
  <node id="7364453212" lat="39.4909269" lon="33.3522605"/>
  <node id="1480054478" lat="39.6596845" lon="33.1860925"/>
  <node id="7364429795" lat="39.6532181" lon="33.1883239"/>
  <node id="1480054482" lat="39.6646656" lon="33.1922287"/>
  <node id="1480054509" lat="39.6750185" lon="33.1925766"/>
  <node id="1480054511" lat="39.6776957" lon="33.2003451"/>
  <node id="1480054529" lat="39.6846561" lon="33.2078817"/>
  <node id="1480054562" lat="39.6880467" lon="33.2098528"/>
  <node id="1480054656" lat="39.6952076" lon="33.2291815"/>
  <node id="7364453394" lat="39.7094978" lon="33.2263469"/>
  <node id="7364453391" lat="39.7176189" lon="33.2242869"/>
  <node id="7364453392" lat="39.7154401" lon="33.2243728"/>
  <node id="7364453393" lat="39.7120729" lon="33.2250594"/>
  <node id="1480054729" lat="39.7051667" lon="33.2304981"/>
  <node id="7364453395" lat="39.7075829" lon="33.2300376"/>
  <node id="1480054760" lat="39.7105701" lon="33.2373237"/>
  <node id="1480054789" lat="39.7138947" lon="33.2391284"/>
  <node id="1480054806" lat="39.7171095" lon="33.2371337"/>
  <node id="7364453390" lat="39.7200616" lon="33.2252311"/>
  <node id="7364453389" lat="39.7226363" lon="33.2268619"/>
  <node id="1480054851" lat="39.7237579" lon="33.2353290"/>
  <node id="1480054861" lat="39.7249774" lon="33.2302050"/>
  <node id="7364429804" lat="39.6528877" lon="33.2480620"/>
  <node id="7364429805" lat="39.6559936" lon="33.2483195"/>
  <node id="7364429806" lat="39.6594296" lon="33.2527827"/>
  <node id="7364429807" lat="39.6614119" lon="33.2543277"/>
  <node id="7364429808" lat="39.6646495" lon="33.2558726"/>
  <node id="7364429809" lat="39.6709261" lon="33.2552718"/>
  <node id="7364429810" lat="39.6747578" lon="33.2551002"/>
  <node id="7364429811" lat="39.6769378" lon="33.2566451"/>
  <node id="7364429812" lat="39.6775323" lon="33.2617950"/>
  <node id="7364429819" lat="39.6651120" lon="33.2877158"/>
  <node id="7364429820" lat="39.6606190" lon="33.2907199"/>
  <node id="7364429813" lat="39.6770039" lon="33.2668590"/>
  <node id="7364429814" lat="39.6752863" lon="33.2733821"/>
  <node id="7364429815" lat="39.6760790" lon="33.2762145"/>
  <node id="7364429816" lat="39.6753523" lon="33.2776736"/>
  <node id="7364429818" lat="39.6692744" lon="33.2850551"/>
  <node id="7364429817" lat="39.6722474" lon="33.2816218"/>
  <node id="7364429821" lat="39.6569187" lon="33.2932948"/>
  <node id="7364429822" lat="39.6548041" lon="33.3027362"/>
  <node id="7364429823" lat="39.6537468" lon="33.3063411"/>
  <node id="1480054759" lat="39.7105335" lon="33.2403157"/>
  <node id="1480054786" lat="39.7136772" lon="33.2455591"/>
  <node id="1480054790" lat="39.7140043" lon="33.2430702"/>
  <node id="1480054776" lat="39.7123155" lon="33.2559664"/>
  <node id="1480054781" lat="39.7126746" lon="33.2530873"/>
  <node id="1480054800" lat="39.7160760" lon="33.2553064"/>
  <node id="1480054831" lat="39.7209991" lon="33.2584602"/>
  <node id="1480054828" lat="39.7207850" lon="33.2631909"/>
  <node id="1480054859" lat="39.7249943" lon="33.2655098"/>
  <node id="1480054902" lat="39.7314863" lon="33.2617067"/>
  <node id="1480054933" lat="39.7385481" lon="33.2642112"/>
  <node id="1480054956" lat="39.7475270" lon="33.2650610"/>
  <node id="1480054930" lat="39.7366927" lon="33.2702231"/>
  <node id="1480054928" lat="39.7363361" lon="33.2788033"/>
  <node id="1480054938" lat="39.7399025" lon="33.2682520"/>
  <node id="1480054932" lat="39.7384760" lon="33.2840209"/>
  <node id="1480054953" lat="39.7465463" lon="33.2663364"/>
  <node id="1480054961" lat="39.7499339" lon="33.2701627"/>
  <node id="1480054974" lat="39.7531431" lon="33.2773515"/>
  <node id="1480054957" lat="39.7479263" lon="33.2836731"/>
  <node id="1480054952" lat="39.7459650" lon="33.2858761"/>
  <node id="1480054989" lat="39.7591154" lon="33.2670321"/>
  <node id="1480054996" lat="39.7629980" lon="33.2672275"/>
  <node id="1480054997" lat="39.7666096" lon="33.2765117"/>
  <node id="1480054990" lat="39.7592936" lon="33.2809459"/>
  <node id="1480054994" lat="39.7614829" lon="33.2826486"/>
  <node id="1480054992" lat="39.7604360" lon="33.2859332"/>
  <node id="1480054999" lat="39.7730431" lon="33.2765940"/>
  <node id="1480055004" lat="39.7797612" lon="33.2782660"/>
  <node id="1480055000" lat="39.7747363" lon="33.2793767"/>
  <node id="1480055006" lat="39.7831473" lon="33.2791936"/>
  <node id="1480055008" lat="39.7856422" lon="33.2771065"/>
  <node id="1480055018" lat="39.7918788" lon="33.2769906"/>
  <node id="1480055041" lat="39.8028562" lon="33.2841644"/>
  <node id="1480055044" lat="39.8090021" lon="33.2852080"/>
  <node id="7365636766" lat="39.8353001" lon="33.2615375"/>
  <node id="7365636767" lat="39.8329274" lon="33.2633399"/>
  <node id="1480055045" lat="39.8109393" lon="33.2903966"/>
  <node id="1480085417" lat="39.8125995" lon="33.2890816"/>
  <node id="7365636774" lat="39.8228694" lon="33.2914697"/>
  <node id="7365636768" lat="39.8307523" lon="33.2675456"/>
  <node id="7365636769" lat="39.8298295" lon="33.2711505"/>
  <node id="7365636770" lat="39.8302909" lon="33.2752704"/>
  <node id="7365636772" lat="39.8282476" lon="33.2844543"/>
  <node id="7365636773" lat="39.8250836" lon="33.2863425"/>
  <node id="7365636771" lat="39.8296977" lon="33.2811927"/>
  <node id="7365636764" lat="39.8420884" lon="33.2603358"/>
  <node id="7365636765" lat="39.8407044" lon="33.2605933"/>
  <node id="7365636763" lat="39.8439995" lon="33.2572459"/>
  <node id="7365636761" lat="39.8539497" lon="33.2581042"/>
  <node id="7365636762" lat="39.8496667" lon="33.2572459"/>
  <node id="7365636760" lat="39.8515776" lon="33.2636832"/>
  <node id="7365636756" lat="39.8476239" lon="33.2723521"/>
  <node id="7365636757" lat="39.8480193" lon="33.2682323"/>
  <node id="7365636758" lat="39.8489418" lon="33.2682323"/>
  <node id="7365636755" lat="39.8455152" lon="33.2761287"/>
  <node id="7365636752" lat="39.8490077" lon="33.2807635"/>
  <node id="7365636753" lat="39.8447903" lon="33.2813644"/>
  <node id="7365636754" lat="39.8449880" lon="33.2802486"/>
  <node id="7365636749" lat="39.8480852" lon="33.2908057"/>
  <node id="7365636759" lat="39.8506551" lon="33.2672881"/>
  <node id="7365636751" lat="39.8496008" lon="33.2840251"/>
  <node id="7365636750" lat="39.8494031" lon="33.2878875"/>
  <node id="1480085421" lat="39.8151086" lon="33.2939480"/>
  <node id="1480085429" lat="39.8189489" lon="33.2948813"/>
  <node id="1480085433" lat="39.8199729" lon="33.2981478"/>
  <node id="1480085437" lat="39.8210280" lon="33.2981673"/>
  <node id="13479341639" lat="39.8218113" lon="33.2945908"/>
  <node id="1480085479" lat="39.8450056" lon="33.2985477"/>
  <node id="7365636748" lat="39.8467014" lon="33.2956981"/>
  <node id="1480085535" lat="39.8525803" lon="33.3046807"/>
  <node id="1480085608" lat="39.8619961" lon="33.2934814"/>
  <node id="1480085606" lat="39.8567766" lon="33.3023475"/>
  <node id="7363363419" lat="40.0704549" lon="30.8506603"/>
  <node id="7363363420" lat="40.0669094" lon="30.8517270"/>
  <node id="7363363421" lat="40.0657962" lon="30.8526485"/>
  <node id="7363363026" lat="40.0543259" lon="30.8772468"/>
  <node id="7363363422" lat="40.0637885" lon="30.8544763"/>
  <node id="7363363424" lat="40.0626524" lon="30.8571791"/>
  <node id="7363363426" lat="40.0620449" lon="30.8602845"/>
  <node id="959404551" lat="40.0602268" lon="30.8707501"/>
  <node id="7363363014" lat="40.0426964" lon="30.9064292"/>
  <node id="7363363015" lat="40.0454561" lon="30.9027385"/>
  <node id="7363363012" lat="40.0378338" lon="30.9115790"/>
  <node id="7363363011" lat="40.0370452" lon="30.9162997"/>
  <node id="7363363013" lat="40.0401337" lon="30.9090041"/>
  <node id="7363363009" lat="40.0373738" lon="30.9243678"/>
  <node id="7363363010" lat="40.0375052" lon="30.9205054"/>
  <node id="7363363008" lat="40.0361909" lon="30.9289168"/>
  <node id="7363363023" lat="40.0472959" lon="30.8849715"/>
  <node id="7363363024" lat="40.0488727" lon="30.8831691"/>
  <node id="7363363025" lat="40.0515665" lon="30.8805942"/>
  <node id="7363363020" lat="40.0504496" lon="30.8932113"/>
  <node id="7363363021" lat="40.0486756" lon="30.8913230"/>
  <node id="7363363022" lat="40.0475587" lon="30.8888339"/>
  <node id="7363363017" lat="40.0520265" lon="30.8996486"/>
  <node id="7363363019" lat="40.0517637" lon="30.8956145"/>
  <node id="7363363016" lat="40.0483471" lon="30.9008502"/>
  <node id="7363363018" lat="40.0526178" lon="30.8970736"/>
  <node id="11883113190" lat="40.0527239" lon="30.8985149"/>
  <node id="7363363004" lat="40.0294218" lon="30.9381007"/>
  <node id="7363363005" lat="40.0300791" lon="30.9363841"/>
  <node id="7363363006" lat="40.0315250" lon="30.9344100"/>
  <node id="7363363002" lat="40.0317878" lon="30.9435080"/>
  <node id="7363363003" lat="40.0309992" lon="30.9405898"/>
  <node id="7363363001" lat="40.0311306" lon="30.9471988"/>
  <node id="7363363007" lat="40.0329051" lon="30.9340667"/>
  <node id="7363363000" lat="40.0333651" lon="30.9513186"/>
  <node id="7363362998" lat="40.0341536" lon="30.9583568"/>
  <node id="7363362999" lat="40.0342194" lon="30.9548377"/>
  <node id="7363362997" lat="40.0326422" lon="30.9625625"/>
  <node id="7363362994" lat="40.0323136" lon="30.9715747"/>
  <node id="7363362995" lat="40.0312785" lon="30.9683668"/>
  <node id="7363362993" lat="40.0319890" lon="30.9778939"/>
  <node id="7363362991" lat="40.0315373" lon="30.9852271"/>
  <node id="7363362992" lat="40.0330119" lon="30.9826683"/>
  <node id="9410158102" lat="40.0331186" lon="30.9811234"/>
  <node id="7363362990" lat="40.0314223" lon="30.9959559"/>
  <node id="7363362989" lat="40.0320506" lon="30.9996842"/>
  <node id="9410158101" lat="40.0313565" lon="31.0021466"/>
  <node id="7363362988" lat="40.0330776" lon="31.0051345"/>
  <node id="7363362987" lat="40.0382281" lon="31.0140609"/>
  <node id="7363362986" lat="40.0430250" lon="31.0191249"/>
  <node id="7363362984" lat="40.0482157" lon="31.0311412"/>
  <node id="7363362985" lat="40.0459818" lon="31.0255622"/>
  <node id="7363362983" lat="40.0508438" lon="31.0377501"/>
  <node id="7363363415" lat="40.0779446" lon="30.8504964"/>
  <node id="7363363416" lat="40.0765020" lon="30.8502153"/>
  <node id="7363363417" lat="40.0740875" lon="30.8498413"/>
  <node id="7363363418" lat="40.0723484" lon="30.8501653"/>
  <node id="7363363432" lat="40.0845795" lon="30.8469207"/>
  <node id="7363363412" lat="40.0824812" lon="30.8485117"/>
  <node id="7363363413" lat="40.0810464" lon="30.8496421"/>
  <node id="7363363414" lat="40.0786468" lon="30.8512551"/>
  <node id="151021276" lat="40.0921354" lon="30.8403746"/>
  <node id="1480796935" lat="40.0962682" lon="30.8358578"/>
  <node id="11883113210" lat="40.0940744" lon="30.8372625"/>
  <node id="151021255" lat="40.0897212" lon="30.8442109"/>
  <node id="7363363431" lat="40.0877906" lon="30.8445024"/>
  <node id="151019979" lat="40.1001430" lon="30.8460100"/>
  <node id="11879195045" lat="40.1053550" lon="30.8484521"/>
  <node id="11879195046" lat="40.1145946" lon="30.8452446"/>
  <node id="11879195047" lat="40.1442268" lon="30.8343831"/>
  <node id="11879195049" lat="40.1457759" lon="30.8353126"/>
  <node id="11879195050" lat="40.1464502" lon="30.8374083"/>
  <node id="11879195051" lat="40.1473067" lon="30.8389391"/>
  <node id="11879195052" lat="40.1486188" lon="30.8403242"/>
  <node id="11879195053" lat="40.1523365" lon="30.8402695"/>
  <node id="11879195054" lat="40.1563822" lon="30.8418914"/>
  <node id="11879195055" lat="40.1575668" lon="30.8430031"/>
  <node id="11879195056" lat="40.1581682" lon="30.8434951"/>
  <node id="11879195057" lat="40.1589336" lon="30.8438596"/>
  <node id="11879195058" lat="40.1605009" lon="30.8447708"/>
  <node id="11879195059" lat="40.1613392" lon="30.8457367"/>
  <node id="11879195060" lat="40.1621957" lon="30.8469759"/>
  <node id="11879195061" lat="40.1626331" lon="30.8483427"/>
  <node id="11879195062" lat="40.1625966" lon="30.8504385"/>
  <node id="11879195063" lat="40.1631069" lon="30.8519146"/>
  <node id="11879195064" lat="40.1645101" lon="30.8537735"/>
  <node id="7363363134" lat="40.1686727" lon="30.8588535"/>
  <node id="7363363135" lat="40.1667598" lon="30.8586401"/>
  <node id="11879195099" lat="40.1695946" lon="30.8607259"/>
  <node id="11879195095" lat="40.1721825" lon="30.8664209"/>
  <node id="11879195096" lat="40.1725469" lon="30.8629584"/>
  <node id="11879195097" lat="40.1722189" lon="30.8617738"/>
  <node id="11879195098" lat="40.1708339" lon="30.8615096"/>
  <node id="11879195092" lat="40.1752259" lon="30.8690087"/>
  <node id="11879195093" lat="40.1736039" lon="30.8692274"/>
  <node id="11879195094" lat="40.1726016" lon="30.8678424"/>
  <node id="11879195089" lat="40.1780141" lon="30.8731183"/>
  <node id="11879195090" lat="40.1771576" lon="30.8712685"/>
  <node id="11879195091" lat="40.1769025" lon="30.8701933"/>
  <node id="11879195087" lat="40.1783148" lon="30.8791322"/>
  <node id="11879195088" lat="40.1787886" lon="30.8749224"/>
  <node id="11879195086" lat="40.1768660" lon="30.8812644"/>
  <node id="11879195082" lat="40.1819323" lon="30.8925542"/>
  <node id="11879195083" lat="40.1805473" lon="30.8925542"/>
  <node id="11879195084" lat="40.1776770" lon="30.8913878"/>
  <node id="11879195085" lat="40.1771576" lon="30.8889367"/>
  <node id="11879195080" lat="40.1830804" lon="30.8994246"/>
  <node id="11879195079" lat="40.1827342" lon="30.9042357"/>
  <node id="11879195081" lat="40.1842285" lon="30.8954336"/>
  <node id="11879195078" lat="40.1835360" lon="30.9066231"/>
  <node id="7721524807" lat="40.1826578" lon="30.9091410"/>
  <node id="13608529480" lat="40.1795290" lon="30.9127810"/>
  <node id="13608529478" lat="40.1798900" lon="30.9187890"/>
  <node id="13608529479" lat="40.1788410" lon="30.9165570"/>
  <node id="13608529474" lat="40.1775950" lon="30.9254840"/>
  <node id="13608529475" lat="40.1777260" lon="30.9240670"/>
  <node id="13608529476" lat="40.1782500" lon="30.9218360"/>
  <node id="13608529477" lat="40.1793650" lon="30.9201620"/>
  <node id="13608529472" lat="40.1785780" lon="30.9299040"/>
  <node id="13608529473" lat="40.1786440" lon="30.9272860"/>
  <node id="13608529470" lat="40.1794310" lon="30.9394740"/>
  <node id="13608529471" lat="40.1791680" lon="30.9335090"/>
  <node id="13608529467" lat="40.1832340" lon="30.9447100"/>
  <node id="13608529468" lat="40.1819720" lon="30.9439800"/>
  <node id="13608529469" lat="40.1807090" lon="30.9432940"/>
  <node id="13608529466" lat="40.1837590" lon="30.9458260"/>
  <node id="13608529463" lat="40.1895340" lon="30.9479900"/>
  <node id="13608529464" lat="40.1882500" lon="30.9474130"/>
  <node id="13608529465" lat="40.1860540" lon="30.9471990"/>
  <node id="13608529460" lat="40.1938160" lon="30.9495000"/>
  <node id="13608529461" lat="40.1926810" lon="30.9500930"/>
  <node id="13608529462" lat="40.1909760" lon="30.9494920"/>
  <node id="13608529459" lat="40.1996910" lon="30.9495590"/>
  <node id="13608529451" lat="40.2095980" lon="30.9514050"/>
  <node id="13608529452" lat="40.2091310" lon="30.9509750"/>
  <node id="13608529453" lat="40.2088520" lon="30.9493880"/>
  <node id="13608529454" lat="40.2084670" lon="30.9495160"/>
  <node id="13608529455" lat="40.2070250" lon="30.9488400"/>
  <node id="13608529456" lat="40.2060830" lon="30.9489260"/>
  <node id="13608529457" lat="40.2049760" lon="30.9488830"/>
  <node id="13608529458" lat="40.2042140" lon="30.9485290"/>
  <node id="13608529449" lat="40.2101710" lon="30.9524350"/>
  <node id="13608529450" lat="40.2098930" lon="30.9521240"/>
  <node id="13608529443" lat="40.2113590" lon="30.9584860"/>
  <node id="13608529444" lat="40.2121130" lon="30.9557390"/>
  <node id="13608529445" lat="40.2121290" lon="30.9547200"/>
  <node id="13608529446" lat="40.2118770" lon="30.9544600"/>
  <node id="13608529447" lat="40.2116050" lon="30.9545160"/>
  <node id="13608529448" lat="40.2102860" lon="30.9528850"/>
  <node id="13608529439" lat="40.2134810" lon="30.9638290"/>
  <node id="13608529440" lat="40.2135880" lon="30.9633780"/>
  <node id="13608529441" lat="40.2128340" lon="30.9611030"/>
  <node id="13608529442" lat="40.2114580" lon="30.9597730"/>
  <node id="13608529436" lat="40.2123670" lon="30.9721970"/>
  <node id="13608529437" lat="40.2139480" lon="30.9702010"/>
  <node id="13608529438" lat="40.2141780" lon="30.9661670"/>
  <node id="13608529434" lat="40.2110310" lon="30.9759950"/>
  <node id="13608529435" lat="40.2119160" lon="30.9728190"/>
  <node id="13608529432" lat="40.2120800" lon="30.9853940"/>
  <node id="13608529433" lat="40.2111300" lon="30.9816600"/>
  <node id="13608529430" lat="40.2124080" lon="30.9959080"/>
  <node id="13608529431" lat="40.2124410" lon="30.9923460"/>
  <node id="13608529429" lat="40.2133910" lon="31.0013150"/>
  <node id="13608529428" lat="40.2137352" lon="31.0055423"/>
  <node id="13608529427" lat="40.2151608" lon="31.0139107"/>
  <node id="13608529426" lat="40.2151608" lon="31.0183096"/>
  <node id="13608529424" lat="40.2159309" lon="31.0302830"/>
  <node id="13608529425" lat="40.2158326" lon="31.0276437"/>
  <node id="13608529423" lat="40.2167174" lon="31.0340595"/>
  <node id="7363362982" lat="40.0537346" lon="31.0485648"/>
  <node id="7363362981" lat="40.0540631" lon="31.0539721"/>
  <node id="7363362980" lat="40.0527491" lon="31.0628127"/>
  <node id="7363362979" lat="40.0518294" lon="31.0666751"/>
  <node id="7363362977" lat="40.0505153" lon="31.0763740"/>
  <node id="7363362978" lat="40.0508438" lon="31.0716533"/>
  <node id="7363362976" lat="40.0514351" lon="31.0810946"/>
  <node id="7363362975" lat="40.0547201" lon="31.0850429"/>
  <node id="7363362971" lat="40.0541945" lon="31.0955142"/>
  <node id="7363362972" lat="40.0578734" lon="31.0939692"/>
  <node id="151020888" lat="40.0540292" lon="31.1010141"/>
  <node id="7363362970" lat="40.0536689" lon="31.0974025"/>
  <node id="7363362973" lat="40.0590559" lon="31.0925960"/>
  <node id="7363362974" lat="40.0591216" lon="31.0906218"/>
  <node id="151021349" lat="40.0621438" lon="31.1101272"/>
  <node id="7363362909" lat="40.0640813" lon="31.1101913"/>
  <node id="10647913202" lat="40.0644097" lon="31.1110925"/>
  <node id="7363362910" lat="40.0685808" lon="31.1112641"/>
  <node id="7363362911" lat="40.0716351" lon="31.1154269"/>
  <node id="7363362916" lat="40.0650009" lon="31.1232375"/>
  <node id="7363362917" lat="40.0650009" lon="31.1272716"/>
  <node id="7363362912" lat="40.0716351" lon="31.1179160"/>
  <node id="7363362913" lat="40.0705841" lon="31.1197185"/>
  <node id="7363362914" lat="40.0684166" lon="31.1207484"/>
  <node id="7363362915" lat="40.0657235" lon="31.1204909"/>
  <node id="7363362918" lat="40.0660519" lon="31.1337089"/>
  <node id="7363362919" lat="40.0661833" lon="31.1391162"/>
  <node id="7363362924" lat="40.0511395" lon="31.1596297"/>
  <node id="7363362923" lat="40.0547529" lon="31.1566257"/>
  <node id="7363362920" lat="40.0653294" lon="31.1458968"/>
  <node id="7363362921" lat="40.0640156" lon="31.1502742"/>
  <node id="7363362922" lat="40.0592202" lon="31.1543082"/>
  <node id="7363362925" lat="40.0475258" lon="31.1780833"/>
  <node id="7363362926" lat="40.0466060" lon="31.1884688"/>
  <node id="7363362927" lat="40.0466060" lon="31.1979961"/>
  <node id="7363362928" lat="40.0470002" lon="31.2025451"/>
  <node id="7363362929" lat="40.0542930" lon="31.2063216"/>
  <node id="7363362930" lat="40.0556070" lon="31.2085532"/>
  <node id="7363362931" lat="40.0618807" lon="31.2370061"/>
  <node id="7363362932" lat="40.0610924" lon="31.2467478"/>
  <node id="7363362933" lat="40.0618478" lon="31.2533139"/>
  <node id="7363362934" lat="40.0627676" lon="31.2582921"/>
  <node id="7363362935" lat="40.0628989" lon="31.2645148"/>
  <node id="7363362936" lat="40.0631617" lon="31.2676047"/>
  <node id="7363362937" lat="40.0618479" lon="31.2722396"/>
  <node id="7363362938" lat="40.0605997" lon="31.2746429"/>
  <node id="7363362939" lat="40.0599757" lon="31.2772606"/>
  <node id="7363362940" lat="40.0599100" lon="31.2831831"/>
  <node id="7363362941" lat="40.0591545" lon="31.2896632"/>
  <node id="7363362942" lat="40.0607311" lon="31.2940406"/>
  <node id="7363362943" lat="40.0627675" lon="31.2974309"/>
  <node id="7363362944" lat="40.0554099" lon="31.3255405"/>
  <node id="9409683366" lat="40.0622748" lon="31.3012075"/>
  <node id="9409683367" lat="40.0599099" lon="31.3048982"/>
  <node id="9409683368" lat="40.0591216" lon="31.3124084"/>
  <node id="7363362946" lat="40.0507781" lon="31.3317632"/>
  <node id="7363362947" lat="40.0488399" lon="31.3352822"/>
  <node id="7363362945" lat="40.0529463" lon="31.3291024"/>
  <node id="7363362948" lat="40.0470659" lon="31.3393162"/>
  <node id="7363362949" lat="40.0469345" lon="31.3409471"/>
  <node id="7363362950" lat="40.0490370" lon="31.3424491"/>
  <node id="7363362951" lat="40.0508766" lon="31.3463973"/>
  <node id="7363362952" lat="40.0518951" lon="31.3497876"/>
  <node id="151021185" lat="40.0168779" lon="31.4014873"/>
  <node id="151021222" lat="40.0321265" lon="31.3886127"/>
  <node id="151021568" lat="40.0288405" lon="31.3961658"/>
  <node id="495424636" lat="40.0369895" lon="31.3905010"/>
  <node id="495424639" lat="40.0350181" lon="31.3882694"/>
  <node id="7363362969" lat="40.0398380" lon="31.3954925"/>
  <node id="7363362968" lat="40.0436492" lon="31.3994407"/>
  <node id="7363362953" lat="40.0528477" lon="31.3548946"/>
  <node id="7363362954" lat="40.0541288" lon="31.3597010"/>
  <node id="7363362955" lat="40.0556727" lon="31.3646793"/>
  <node id="7363362956" lat="40.0567895" lon="31.3671254"/>
  <node id="7363362957" lat="40.0580049" lon="31.3722324"/>
  <node id="7363362958" lat="40.0597786" lon="31.3763093"/>
  <node id="7363362965" lat="40.0511395" lon="31.4043330"/>
  <node id="7363362966" lat="40.0498254" lon="31.4044189"/>
  <node id="7363362967" lat="40.0475258" lon="31.4033031"/>
  <node id="7363362963" lat="40.0568552" lon="31.3993548"/>
  <node id="7363362964" lat="40.0546872" lon="31.4028739"/>
  <node id="7363362959" lat="40.0630960" lon="31.3821887"/>
  <node id="7363362960" lat="40.0624720" lon="31.3860940"/>
  <node id="9409683365" lat="40.0626361" lon="31.3893985"/>
  <node id="7363362961" lat="40.0637200" lon="31.3921022"/>
  <node id="7363362962" lat="40.0612238" lon="31.3951491"/>
  <node id="9409683364" lat="40.0632930" lon="31.3936472"/>
  <node id="495424650" lat="40.0233196" lon="31.4116154"/>
  <node id="151021515" lat="40.0201646" lon="31.4231167"/>
  <node id="151021656" lat="40.0234510" lon="31.4188251"/>
  <node id="151021582" lat="40.0212162" lon="31.4322147"/>
  <node id="151021531" lat="40.0220050" lon="31.4383945"/>
  <node id="151021123" lat="40.0281832" lon="31.4459476"/>
  <node id="13608529422" lat="40.2174384" lon="31.0443377"/>
  <node id="13608529421" lat="40.2213051" lon="31.0515046"/>
  <node id="13608529419" lat="40.2220588" lon="31.0635209"/>
  <node id="13608529420" lat="40.2213543" lon="31.0577917"/>
  <node id="13608529417" lat="40.2260400" lon="31.0703444"/>
  <node id="13608529418" lat="40.2235006" lon="31.0670185"/>
  <node id="13608529416" lat="40.2290216" lon="31.0733270"/>
  <node id="13608529406" lat="40.2357544" lon="31.0658812"/>
  <node id="13608529407" lat="40.2356070" lon="31.0664820"/>
  <node id="13608529408" lat="40.2351975" lon="31.0672974"/>
  <node id="13608529409" lat="40.2342146" lon="31.0682416"/>
  <node id="13608529410" lat="40.2336085" lon="31.0685634"/>
  <node id="13608529411" lat="40.2330679" lon="31.0684991"/>
  <node id="13608529412" lat="40.2319540" lon="31.0689497"/>
  <node id="13608529413" lat="40.2312823" lon="31.0693574"/>
  <node id="13608529414" lat="40.2309219" lon="31.0694861"/>
  <node id="13608529415" lat="40.2309056" lon="31.0700869"/>
  <node id="13608529397" lat="40.2420443" lon="31.0669970"/>
  <node id="13608529398" lat="40.2416839" lon="31.0662246"/>
  <node id="13608529399" lat="40.2410615" lon="31.0654950"/>
  <node id="13608529400" lat="40.2391779" lon="31.0652375"/>
  <node id="13608529401" lat="40.2385390" lon="31.0658383"/>
  <node id="13608529402" lat="40.2372778" lon="31.0658598"/>
  <node id="13608529403" lat="40.2369666" lon="31.0656452"/>
  <node id="13608529404" lat="40.2364751" lon="31.0653662"/>
  <node id="13608529405" lat="40.2360656" lon="31.0655165"/>
  <node id="13608529387" lat="40.2468923" lon="31.0705161"/>
  <node id="13608529388" lat="40.2466794" lon="31.0702693"/>
  <node id="13608529389" lat="40.2463273" lon="31.0701513"/>
  <node id="13608529390" lat="40.2458687" lon="31.0700869"/>
  <node id="13608529391" lat="40.2452709" lon="31.0698295"/>
  <node id="13608529392" lat="40.2448287" lon="31.0697007"/>
  <node id="13608529393" lat="40.2440015" lon="31.0688960"/>
  <node id="13608529394" lat="40.2432727" lon="31.0683918"/>
  <node id="13608529395" lat="40.2427158" lon="31.0681343"/>
  <node id="13608529396" lat="40.2423964" lon="31.0677695"/>
  <node id="13608529381" lat="40.2488822" lon="31.0732412"/>
  <node id="13608529382" lat="40.2487676" lon="31.0726941"/>
  <node id="13608529383" lat="40.2484072" lon="31.0722756"/>
  <node id="13608529384" lat="40.2480879" lon="31.0721576"/>
  <node id="13608529385" lat="40.2477849" lon="31.0719967"/>
  <node id="13608529386" lat="40.2473673" lon="31.0714280"/>
  <node id="13608529372" lat="40.2538200" lon="31.0746150"/>
  <node id="13608529373" lat="40.2500859" lon="31.0764599"/>
  <node id="13608529374" lat="40.2499222" lon="31.0762775"/>
  <node id="13608529375" lat="40.2497748" lon="31.0759771"/>
  <node id="13608529376" lat="40.2496437" lon="31.0756874"/>
  <node id="13608529377" lat="40.2494390" lon="31.0752582"/>
  <node id="13608529378" lat="40.2492507" lon="31.0747540"/>
  <node id="13608529379" lat="40.2492179" lon="31.0745501"/>
  <node id="13608529380" lat="40.2489968" lon="31.0739708"/>
  <node id="13608529348" lat="40.2686070" lon="31.0589110"/>
  <node id="13608529349" lat="40.2685420" lon="31.0591820"/>
  <node id="13608529351" lat="40.2684850" lon="31.0604700"/>
  <node id="13608529352" lat="40.2684670" lon="31.0607960"/>
  <node id="13608529354" lat="40.2684180" lon="31.0623940"/>
  <node id="13608529355" lat="40.2682540" lon="31.0638540"/>
  <node id="13608529341" lat="40.2721100" lon="31.0565790"/>
  <node id="13608529342" lat="40.2714710" lon="31.0563000"/>
  <node id="13608529343" lat="40.2707020" lon="31.0554420"/>
  <node id="13608529344" lat="40.2693430" lon="31.0558180"/>
  <node id="13608529345" lat="40.2692280" lon="31.0574270"/>
  <node id="13608529337" lat="40.2751140" lon="31.0606880"/>
  <node id="13608529338" lat="40.2744510" lon="31.0602380"/>
  <node id="13608529339" lat="40.2740910" lon="31.0594220"/>
  <node id="13608529340" lat="40.2731740" lon="31.0578780"/>
  <node id="13608529346" lat="40.2688680" lon="31.0577270"/>
  <node id="13608529347" lat="40.2689660" lon="31.0584250"/>
  <node id="13608529350" lat="40.2686400" lon="31.0600080"/>
  <node id="13608529353" lat="40.2686550" lon="31.0615680"/>
  <node id="13608529332" lat="40.2806720" lon="31.0551740"/>
  <node id="13608529333" lat="40.2804420" lon="31.0545300"/>
  <node id="13608529334" lat="40.2784120" lon="31.0572340"/>
  <node id="13608529335" lat="40.2781510" lon="31.0601090"/>
  <node id="13608529336" lat="40.2760550" lon="31.0609670"/>
  <node id="13608529367" lat="40.2617960" lon="31.0657770"/>
  <node id="13608529368" lat="40.2608790" lon="31.0677940"/>
  <node id="13608529369" lat="40.2604530" lon="31.0698540"/>
  <node id="13608529370" lat="40.2613850" lon="31.0742710"/>
  <node id="13608529371" lat="40.2578160" lon="31.0719110"/>
  <node id="13608529356" lat="40.2683280" lon="31.0643260"/>
  <node id="13608529357" lat="40.2679590" lon="31.0649370"/>
  <node id="13608529358" lat="40.2680660" lon="31.0658710"/>
  <node id="13608529359" lat="40.2685160" lon="31.0666860"/>
  <node id="13608529360" lat="40.2684650" lon="31.0669400"/>
  <node id="13608529361" lat="40.2681010" lon="31.0666400"/>
  <node id="13608529362" lat="40.2678040" lon="31.0666540"/>
  <node id="13608529363" lat="40.2675660" lon="31.0668680"/>
  <node id="13608529364" lat="40.2665230" lon="31.0670190"/>
  <node id="13608529365" lat="40.2652210" lon="31.0669010"/>
  <node id="13608529366" lat="40.2647100" lon="31.0671070"/>
  <node id="151021261" lat="40.0312064" lon="31.4583073"/>
  <node id="151021252" lat="40.0450062" lon="31.4631138"/>
  <node id="151021689" lat="40.0397495" lon="31.4589939"/>
  <node id="151021673" lat="40.0442178" lon="31.4701519"/>
  <node id="151021247" lat="40.0385667" lon="31.4734135"/>
  <node id="151021382" lat="40.0352809" lon="31.4823398"/>
  <node id="151021389" lat="40.0234510" lon="31.4960728"/>
  <node id="151020995" lat="40.0283147" lon="31.4888630"/>
  <node id="151021685" lat="40.0205533" lon="31.5049935"/>
  <node id="151021294" lat="40.0206904" lon="31.5115223"/>
  <node id="151021694" lat="40.0272631" lon="31.5178737"/>
  <node id="151021345" lat="40.0338743" lon="31.5247154"/>
  <node id="151020906" lat="40.0360695" lon="31.5297184"/>
  <node id="151021381" lat="40.0369895" lon="31.5346966"/>
  <node id="151020940" lat="40.0369895" lon="31.5437946"/>
  <node id="151021553" lat="40.0355438" lon="31.5563259"/>
  <node id="151021278" lat="40.0087265" lon="31.6591511"/>
  <node id="151021646" lat="40.0122764" lon="31.6569195"/>
  <node id="151021693" lat="40.0068857" lon="31.6660175"/>
  <node id="151021401" lat="40.0156947" lon="31.6579494"/>
  <node id="151021161" lat="40.0305403" lon="31.5711096"/>
  <node id="151021156" lat="40.0244373" lon="31.5880545"/>
  <node id="151021549" lat="40.0297093" lon="31.5763815"/>
  <node id="151021557" lat="40.0216603" lon="31.5966606"/>
  <node id="151021152" lat="40.0216603" lon="31.6080516"/>
  <node id="151021570" lat="40.0222163" lon="31.6130486"/>
  <node id="151021178" lat="40.0235825" lon="31.6219005"/>
  <node id="151021368" lat="40.0294977" lon="31.6400966"/>
  <node id="151020934" lat="40.0197223" lon="31.6605525"/>
  <node id="151021394" lat="40.0258254" lon="31.6647186"/>
  <node id="151021707" lat="40.0294414" lon="31.6663855"/>
  <node id="151021380" lat="40.0449919" lon="31.6577755"/>
  <node id="151021671" lat="40.0414580" lon="31.6562328"/>
  <node id="151020912" lat="40.0481687" lon="31.6595192"/>
  <node id="7363555969" lat="39.9002222" lon="31.7696284"/>
  <node id="7363555970" lat="39.8993333" lon="31.7703152"/>
  <node id="7363555965" lat="39.9070699" lon="31.7664098"/>
  <node id="7363555966" lat="39.9051934" lon="31.7662811"/>
  <node id="7363555967" lat="39.9038436" lon="31.7685127"/>
  <node id="7363555968" lat="39.9020000" lon="31.7703151"/>
  <node id="7721524779" lat="39.9033333" lon="31.7691564"/>
  <node id="7721524780" lat="39.9080409" lon="31.7682552"/>
  <node id="7363555960" lat="39.9136864" lon="31.7652511"/>
  <node id="7363555961" lat="39.9119747" lon="31.7664098"/>
  <node id="7363555962" lat="39.9106250" lon="31.7669463"/>
  <node id="7363555963" lat="39.9099009" lon="31.7673540"/>
  <node id="7363555964" lat="39.9090285" lon="31.7681265"/>
  <node id="7721524781" lat="39.9126824" lon="31.7667961"/>
  <node id="7721524782" lat="39.9131761" lon="31.7666030"/>
  <node id="7363555918" lat="39.9664560" lon="31.7175185"/>
  <node id="7363555919" lat="39.9670233" lon="31.7191171"/>
  <node id="7363555944" lat="39.9338942" lon="31.7397379"/>
  <node id="7363555945" lat="39.9310642" lon="31.7435144"/>
  <node id="7363555941" lat="39.9394059" lon="31.7379998"/>
  <node id="7363555942" lat="39.9385832" lon="31.7392658"/>
  <node id="7363555943" lat="39.9360825" lon="31.7391156"/>
  <node id="7721524785" lat="39.9369380" lon="31.7393303"/>
  <node id="7363555954" lat="39.9210264" lon="31.7553806"/>
  <node id="7721524783" lat="39.9204668" lon="31.7585134"/>
  <node id="7721524784" lat="39.9205820" lon="31.7558741"/>
  <node id="7363555948" lat="39.9272631" lon="31.7500376"/>
  <node id="7363555949" lat="39.9256012" lon="31.7508530"/>
  <node id="7363555950" lat="39.9252885" lon="31.7542218"/>
  <node id="7363555951" lat="39.9240873" lon="31.7551445"/>
  <node id="7363555952" lat="39.9224910" lon="31.7549514"/>
  <node id="7363555953" lat="39.9219151" lon="31.7556381"/>
  <node id="7363555955" lat="39.9198580" lon="31.7592215"/>
  <node id="7363555956" lat="39.9195453" lon="31.7594575"/>
  <node id="7363555957" lat="39.9177679" lon="31.7615175"/>
  <node id="7363555958" lat="39.9167311" lon="31.7619895"/>
  <node id="7363555959" lat="39.9150360" lon="31.7643714"/>
  <node id="7363555946" lat="39.9289580" lon="31.7489647"/>
  <node id="7363555939" lat="39.9423178" lon="31.7389225"/>
  <node id="7363555940" lat="39.9409359" lon="31.7378925"/>
  <node id="7363555938" lat="39.9442262" lon="31.7402743"/>
  <node id="7721524786" lat="39.9438807" lon="31.7401027"/>
  <node id="7721524787" lat="39.9454435" lon="31.7400813"/>
  <node id="7363555935" lat="39.9504279" lon="31.7385363"/>
  <node id="7363555936" lat="39.9489639" lon="31.7386436"/>
  <node id="7363555937" lat="39.9475821" lon="31.7387724"/>
  <node id="7363555934" lat="39.9515794" lon="31.7405104"/>
  <node id="7721524788" lat="39.9528459" lon="31.7411542"/>
  <node id="7363555920" lat="39.9656173" lon="31.7207694"/>
  <node id="7363555921" lat="39.9654282" lon="31.7229258"/>
  <node id="7363555922" lat="39.9663491" lon="31.7259192"/>
  <node id="7363555932" lat="39.9600501" lon="31.7406177"/>
  <node id="7363555933" lat="39.9569580" lon="31.7402958"/>
  <node id="13814663464" lat="39.9578160" lon="31.7403851"/>
  <node id="7363555931" lat="39.9635122" lon="31.7413794"/>
  <node id="7721524789" lat="39.9616866" lon="31.7412078"/>
  <node id="7721524790" lat="39.9663162" lon="31.7400277"/>
  <node id="7721524777" lat="39.8883194" lon="31.7849493"/>
  <node id="7721524769" lat="39.8816428" lon="31.7913008"/>
  <node id="7721524765" lat="39.8809348" lon="31.7973411"/>
  <node id="7721524766" lat="39.8805396" lon="31.7948735"/>
  <node id="7721524767" lat="39.8805807" lon="31.7931676"/>
  <node id="7721524768" lat="39.8810088" lon="31.7923736"/>
  <node id="7721524770" lat="39.8821368" lon="31.7900777"/>
  <node id="7721524771" lat="39.8836022" lon="31.7897558"/>
  <node id="7721524772" lat="39.8845243" lon="31.7891335"/>
  <node id="7721524773" lat="39.8855698" lon="31.7887902"/>
  <node id="7721524774" lat="39.8864425" lon="31.7880177"/>
  <node id="7721524775" lat="39.8869199" lon="31.7863440"/>
  <node id="7721524776" lat="39.8876444" lon="31.7857647"/>
  <node id="7721524761" lat="39.8766699" lon="31.8039071"/>
  <node id="7721524762" lat="39.8785307" lon="31.8027699"/>
  <node id="7721524763" lat="39.8796421" lon="31.8027806"/>
  <node id="7721524764" lat="39.8806713" lon="31.8008172"/>
  <node id="7721524758" lat="39.8765793" lon="31.8088746"/>
  <node id="7721524759" lat="39.8768099" lon="31.8077481"/>
  <node id="7721524760" lat="39.8759947" lon="31.8059671"/>
  <node id="7721524748" lat="39.8778143" lon="31.8169641"/>
  <node id="7721524757" lat="39.8770404" lon="31.8122649"/>
  <node id="7721524735" lat="39.8786871" lon="31.8242061"/>
  <node id="7721524736" lat="39.8783825" lon="31.8236804"/>
  <node id="7721524741" lat="39.8769169" lon="31.8206334"/>
  <node id="7363555973" lat="39.8939171" lon="31.7777824"/>
  <node id="9772656828" lat="39.8941430" lon="31.7771808"/>
  <node id="7363555974" lat="39.8944235" lon="31.7809781"/>
  <node id="7363555975" lat="39.8940889" lon="31.7812105"/>
  <node id="7363555976" lat="39.8924368" lon="31.7818700"/>
  <node id="7721524778" lat="39.8909208" lon="31.7838764"/>
  <node id="9772656882" lat="39.8930080" lon="31.7811940"/>
  <node id="7363555971" lat="39.8978846" lon="31.7744993"/>
  <node id="7363555972" lat="39.8961067" lon="31.7749715"/>
  <node id="7721524725" lat="39.8770733" lon="31.8307507"/>
  <node id="7721524726" lat="39.8761100" lon="31.8298709"/>
  <node id="7721524727" lat="39.8757477" lon="31.8288731"/>
  <node id="7721524728" lat="39.8755830" lon="31.8282294"/>
  <node id="7721524729" lat="39.8756571" lon="31.8279183"/>
  <node id="7721524730" lat="39.8765793" lon="31.8268239"/>
  <node id="7721524731" lat="39.8769992" lon="31.8261051"/>
  <node id="7721524732" lat="39.8778473" lon="31.8252683"/>
  <node id="7721524733" lat="39.8783907" lon="31.8249786"/>
  <node id="7721524734" lat="39.8786377" lon="31.8246567"/>
  <node id="7721524719" lat="39.8792717" lon="31.8367481"/>
  <node id="7721524720" lat="39.8788188" lon="31.8356538"/>
  <node id="7721524721" lat="39.8783989" lon="31.8349027"/>
  <node id="7721524722" lat="39.8778637" lon="31.8338942"/>
  <node id="7721524723" lat="39.8775179" lon="31.8324673"/>
  <node id="7721524724" lat="39.8774438" lon="31.8314373"/>
  <node id="7721524715" lat="39.8811982" lon="31.8434858"/>
  <node id="7721524716" lat="39.8810582" lon="31.8423593"/>
  <node id="7721524717" lat="39.8806302" lon="31.8407178"/>
  <node id="7721524718" lat="39.8798727" lon="31.8382931"/>
  <node id="7721524711" lat="39.8831000" lon="31.8497407"/>
  <node id="7721524712" lat="39.8822438" lon="31.8484318"/>
  <node id="7721524713" lat="39.8822273" lon="31.8467045"/>
  <node id="7721524714" lat="39.8826884" lon="31.8455565"/>
  <node id="7721524616" lat="39.8623502" lon="31.8542576"/>
  <node id="7721524621" lat="39.8625066" lon="31.8570363"/>
  <node id="7721524622" lat="39.8628855" lon="31.8565857"/>
  <node id="7721524623" lat="39.8633878" lon="31.8562746"/>
  <node id="7721524624" lat="39.8640960" lon="31.8562853"/>
  <node id="7721524625" lat="39.8643349" lon="31.8564248"/>
  <node id="7721524626" lat="39.8646807" lon="31.8564463"/>
  <node id="7721524627" lat="39.8651007" lon="31.8562639"/>
  <node id="7721524628" lat="39.8656195" lon="31.8565750"/>
  <node id="7721524629" lat="39.8658995" lon="31.8569720"/>
  <node id="7721524630" lat="39.8659654" lon="31.8575406"/>
  <node id="7721524631" lat="39.8658419" lon="31.8581736"/>
  <node id="7721524632" lat="39.8656360" lon="31.8584418"/>
  <node id="7721524633" lat="39.8650925" lon="31.8587744"/>
  <node id="7721524634" lat="39.8649607" lon="31.8590855"/>
  <node id="7721524635" lat="39.8652407" lon="31.8593538"/>
  <node id="7721524636" lat="39.8657101" lon="31.8595254"/>
  <node id="7721524637" lat="39.8675053" lon="31.8590855"/>
  <node id="7721524638" lat="39.8678923" lon="31.8592036"/>
  <node id="7721524639" lat="39.8681805" lon="31.8595791"/>
  <node id="7721524640" lat="39.8681723" lon="31.8601584"/>
  <node id="7721524641" lat="39.8677853" lon="31.8612528"/>
  <node id="7721524642" lat="39.8674476" lon="31.8615639"/>
  <node id="7721524643" lat="39.8670277" lon="31.8618750"/>
  <node id="7721524644" lat="39.8667768" lon="31.8618242"/>
  <node id="7721524645" lat="39.8665585" lon="31.8620840"/>
  <node id="7721524646" lat="39.8666983" lon="31.8623793"/>
  <node id="7721524696" lat="39.8746691" lon="31.8622398"/>
  <node id="7721524697" lat="39.8742080" lon="31.8618214"/>
  <node id="7721524647" lat="39.8677112" lon="31.8636453"/>
  <node id="7721524648" lat="39.8681394" lon="31.8641496"/>
  <node id="7721524649" lat="39.8688722" lon="31.8645787"/>
  <node id="7721524650" lat="39.8692098" lon="31.8651044"/>
  <node id="7721524651" lat="39.8694816" lon="31.8661559"/>
  <node id="7721524652" lat="39.8703874" lon="31.8671751"/>
  <node id="7721524653" lat="39.8704944" lon="31.8678188"/>
  <node id="7721524654" lat="39.8702227" lon="31.8684089"/>
  <node id="7721524655" lat="39.8697369" lon="31.8684947"/>
  <node id="7721524656" lat="39.8692510" lon="31.8685055"/>
  <node id="7721524657" lat="39.8690040" lon="31.8686449"/>
  <node id="7721524658" lat="39.8691522" lon="31.8691814"/>
  <node id="7721524659" lat="39.8694569" lon="31.8696856"/>
  <node id="7721524679" lat="39.8715237" lon="31.8701041"/>
  <node id="7721524680" lat="39.8718037" lon="31.8698144"/>
  <node id="7721524681" lat="39.8721660" lon="31.8695569"/>
  <node id="7721524682" lat="39.8724048" lon="31.8689883"/>
  <node id="7721524683" lat="39.8725612" lon="31.8677544"/>
  <node id="7721524684" lat="39.8727506" lon="31.8677437"/>
  <node id="7721524685" lat="39.8730305" lon="31.8677866"/>
  <node id="7721524686" lat="39.8734752" lon="31.8680763"/>
  <node id="7721524687" lat="39.8740186" lon="31.8682265"/>
  <node id="7721524688" lat="39.8743727" lon="31.8682051"/>
  <node id="7721524689" lat="39.8748585" lon="31.8673897"/>
  <node id="7721524690" lat="39.8750725" lon="31.8673468"/>
  <node id="7721524660" lat="39.8698686" lon="31.8704474"/>
  <node id="7721524661" lat="39.8702556" lon="31.8712628"/>
  <node id="7721524662" lat="39.8704697" lon="31.8721533"/>
  <node id="7721524663" lat="39.8708650" lon="31.8725181"/>
  <node id="7721524664" lat="39.8712931" lon="31.8726039"/>
  <node id="7721524665" lat="39.8718201" lon="31.8721533"/>
  <node id="7721524666" lat="39.8721577" lon="31.8721747"/>
  <node id="7721524667" lat="39.8727588" lon="31.8726039"/>
  <node id="7721524668" lat="39.8730470" lon="31.8726683"/>
  <node id="7721524669" lat="39.8732282" lon="31.8726468"/>
  <node id="7721524670" lat="39.8734916" lon="31.8725824"/>
  <node id="7721524671" lat="39.8736399" lon="31.8723035"/>
  <node id="7721524672" lat="39.8735163" lon="31.8720138"/>
  <node id="7721524673" lat="39.8731129" lon="31.8720567"/>
  <node id="7721524674" lat="39.8724130" lon="31.8718207"/>
  <node id="7721524675" lat="39.8717543" lon="31.8715739"/>
  <node id="7721524676" lat="39.8713672" lon="31.8712091"/>
  <node id="7721524677" lat="39.8713343" lon="31.8706727"/>
  <node id="7721524678" lat="39.8713672" lon="31.8703508"/>
  <node id="7721524703" lat="39.8788435" lon="31.8569505"/>
  <node id="7721524694" lat="39.8757230" lon="31.8634844"/>
  <node id="7721524695" lat="39.8755748" lon="31.8625724"/>
  <node id="7721524698" lat="39.8758465" lon="31.8607914"/>
  <node id="7721524699" lat="39.8770816" lon="31.8608665"/>
  <node id="7721524700" lat="39.8772051" lon="31.8601584"/>
  <node id="7721524701" lat="39.8771721" lon="31.8588924"/>
  <node id="7721524702" lat="39.8782836" lon="31.8579805"/>
  <node id="7721524704" lat="39.8798891" lon="31.8576693"/>
  <node id="7721524705" lat="39.8804984" lon="31.8592894"/>
  <node id="7721524706" lat="39.8817663" lon="31.8604374"/>
  <node id="7721524708" lat="39.8840139" lon="31.8551373"/>
  <node id="7721524709" lat="39.8830918" lon="31.8535602"/>
  <node id="7721524710" lat="39.8830753" lon="31.8512320"/>
  <node id="7721524707" lat="39.8824414" lon="31.8597937"/>
  <node id="7721524691" lat="39.8755913" lon="31.8674433"/>
  <node id="7721524692" lat="39.8762829" lon="31.8655443"/>
  <node id="7721524693" lat="39.8762829" lon="31.8643212"/>
  <node id="7363555914" lat="39.9727791" lon="31.7048263"/>
  <node id="7363555915" lat="39.9718910" lon="31.7047405"/>
  <node id="7721524800" lat="39.9715621" lon="31.7058992"/>
  <node id="7363555910" lat="39.9802443" lon="31.6988610"/>
  <node id="7363555911" lat="39.9775477" lon="31.6990327"/>
  <node id="7363555912" lat="39.9766598" lon="31.7005454"/>
  <node id="7363555913" lat="39.9760267" lon="31.7030453"/>
  <node id="7721524801" lat="39.9768241" lon="31.7000627"/>
  <node id="7363555916" lat="39.9699260" lon="31.7121112"/>
  <node id="7721524797" lat="39.9705919" lon="31.7113817"/>
  <node id="7721524798" lat="39.9714881" lon="31.7064464"/>
  <node id="7721524799" lat="39.9713566" lon="31.7083883"/>
  <node id="7363555917" lat="39.9693915" lon="31.7146968"/>
  <node id="7721524795" lat="39.9679772" lon="31.7163491"/>
  <node id="7721524796" lat="39.9695888" lon="31.7137527"/>
  <node id="7363555908" lat="39.9858015" lon="31.6966294"/>
  <node id="7363555909" lat="39.9839601" lon="31.6972732"/>
  <node id="7363555905" lat="39.9923448" lon="31.6952132"/>
  <node id="7363555906" lat="39.9915556" lon="31.6947412"/>
  <node id="7363555907" lat="39.9890567" lon="31.6948699"/>
  <node id="151021256" lat="40.0068857" lon="31.6716823"/>
  <node id="151021663" lat="40.0089894" lon="31.6782055"/>
  <node id="151021564" lat="40.0130653" lon="31.6873035"/>
  <node id="7721524802" lat="39.9980325" lon="31.6990327"/>
  <node id="7363555904" lat="39.9993475" lon="31.7007922"/>
  <node id="151021305" lat="40.0023658" lon="31.7061841"/>
  <node id="7721524803" lat="40.0011227" lon="31.7048692"/>
  <node id="7721524804" lat="40.0002351" lon="31.7035389"/>
  <node id="7721524805" lat="40.0040814" lon="31.7076587"/>
  <node id="7721524806" lat="40.0057579" lon="31.7083024"/>
  <node id="151021162" lat="40.0187185" lon="31.6960583"/>
  <node id="151020909" lat="40.0127056" lon="31.7115700"/>
  <node id="1988378358" lat="40.0091400" lon="31.7086543"/>
  <node id="151021224" lat="40.0159082" lon="31.7147370"/>
  <node id="7363555923" lat="39.9672125" lon="31.7269063"/>
  <node id="7363555926" lat="39.9718747" lon="31.7321418"/>
  <node id="7721524793" lat="39.9686103" lon="31.7321259"/>
  <node id="7721524794" lat="39.9683513" lon="31.7310208"/>
  <node id="9381134156" lat="39.9725817" lon="31.7322814"/>
  <node id="9381170459" lat="39.9679772" lon="31.7298943"/>
  <node id="9381170460" lat="39.9677552" lon="31.7283869"/>
  <node id="7363555924" lat="39.9689763" lon="31.7325817"/>
  <node id="7363555925" lat="39.9702960" lon="31.7329519"/>
  <node id="7363555927" lat="39.9728860" lon="31.7330967"/>
  <node id="7363555928" lat="39.9716772" lon="31.7352211"/>
  <node id="7363555929" lat="39.9694490" lon="31.7362188"/>
  <node id="7721524791" lat="39.9686432" lon="31.7369270"/>
  <node id="7721524792" lat="39.9728037" lon="31.7343628"/>
  <node id="9381134157" lat="39.9729763" lon="31.7337298"/>
  <node id="9381170461" lat="39.9698807" lon="31.7330110"/>
  <node id="7363555930" lat="39.9675497" lon="31.7391907"/>
  <node id="151021283" lat="40.0416563" lon="31.6691666"/>
  <node id="151021526" lat="40.0216106" lon="31.7024097"/>
  <node id="151021654" lat="40.0214882" lon="31.7125563"/>
  <node id="151021300" lat="40.0521317" lon="31.6690935"/>
  <node id="151021662" lat="40.0477111" lon="31.6752623"/>
  <node id="11425427203" lat="40.2811256" lon="31.5625051"/>
  <node id="11425427201" lat="40.2772074" lon="31.5736036"/>
  <node id="11425427202" lat="40.2789022" lon="31.5710157"/>
  <node id="11425427200" lat="40.2758588" lon="31.5763189"/>
  <node id="11425427197" lat="40.2703916" lon="31.5927023"/>
  <node id="11425427198" lat="40.2692435" lon="31.5903150"/>
  <node id="11425427199" lat="40.2728154" lon="31.5888206"/>
  <node id="3157844915" lat="40.2724866" lon="31.5992129"/>
  <node id="11425427196" lat="40.2730011" lon="31.6042422"/>
  <node id="14172550538" lat="40.2728791" lon="31.6022157"/>
  <node id="11425427195" lat="40.2771892" lon="31.6113637"/>
  <node id="6872322554" lat="40.2809069" lon="31.6198925"/>
  <node id="13608529326" lat="40.2837820" lon="31.0556890"/>
  <node id="13608529327" lat="40.2831760" lon="31.0561390"/>
  <node id="13608529328" lat="40.2827670" lon="31.0558610"/>
  <node id="13608529329" lat="40.2822100" lon="31.0562040"/>
  <node id="13608529330" lat="40.2821120" lon="31.0557320"/>
  <node id="13608529331" lat="40.2818750" lon="31.0555390"/>
  <node id="13608529324" lat="40.2935040" lon="31.0563760"/>
  <node id="13608529325" lat="40.2885290" lon="31.0562040"/>
  <node id="13608529322" lat="40.2994940" lon="31.0590360"/>
  <node id="13608529323" lat="40.2975630" lon="31.0579630"/>
  <node id="13608529319" lat="40.3077090" lon="31.0614820"/>
  <node id="13608529320" lat="40.3062040" lon="31.0606670"/>
  <node id="13608529321" lat="40.3036180" lon="31.0601520"/>
  <node id="13608529305" lat="40.3144831" lon="31.0640037"/>
  <node id="13608529318" lat="40.3085780" lon="31.0638740"/>
  <node id="13608529276" lat="40.3208147" lon="31.0623622"/>
  <node id="13608529277" lat="40.3207165" lon="31.0621691"/>
  <node id="13608529278" lat="40.3204384" lon="31.0618472"/>
  <node id="13608529279" lat="40.3200948" lon="31.0615468"/>
  <node id="13608529280" lat="40.3197840" lon="31.0610533"/>
  <node id="13608529281" lat="40.3194895" lon="31.0606241"/>
  <node id="13608529282" lat="40.3192605" lon="31.0603666"/>
  <node id="13608529283" lat="40.3189169" lon="31.0603881"/>
  <node id="13608529284" lat="40.3186551" lon="31.0603881"/>
  <node id="13608529285" lat="40.3184915" lon="31.0601735"/>
  <node id="13608529286" lat="40.3186388" lon="31.0596585"/>
  <node id="13608529287" lat="40.3188024" lon="31.0593796"/>
  <node id="13608529288" lat="40.3188351" lon="31.0590148"/>
  <node id="13608529289" lat="40.3186224" lon="31.0586929"/>
  <node id="13608529290" lat="40.3184510" lon="31.0586180"/>
  <node id="13608529291" lat="40.3178620" lon="31.0588110"/>
  <node id="13608529292" lat="40.3168640" lon="31.0596910"/>
  <node id="13608529293" lat="40.3161360" lon="31.0601840"/>
  <node id="13608529294" lat="40.3158160" lon="31.0602060"/>
  <node id="13608529295" lat="40.3154320" lon="31.0609030"/>
  <node id="13608529296" lat="40.3154400" lon="31.0614290"/>
  <node id="13608529297" lat="40.3157350" lon="31.0622550"/>
  <node id="13608529298" lat="40.3157347" lon="31.0624802"/>
  <node id="13608529299" lat="40.3155629" lon="31.0626948"/>
  <node id="13608529300" lat="40.3152439" lon="31.0629523"/>
  <node id="13608529301" lat="40.3150475" lon="31.0631025"/>
  <node id="13608529302" lat="40.3149085" lon="31.0632419"/>
  <node id="13608529303" lat="40.3148185" lon="31.0634136"/>
  <node id="13608529304" lat="40.3146058" lon="31.0639179"/>
  <node id="13608529307" lat="40.3147370" lon="31.0638000"/>
  <node id="13608529272" lat="40.3221150" lon="31.0635100"/>
  <node id="13608529273" lat="40.3215836" lon="31.0634136"/>
  <node id="13608529274" lat="40.3213873" lon="31.0632849"/>
  <node id="13608529275" lat="40.3210928" lon="31.0627270"/>
  <node id="13608529259" lat="40.3329690" lon="31.0638750"/>
  <node id="13608529260" lat="40.3327810" lon="31.0637350"/>
  <node id="13608529262" lat="40.3319790" lon="31.0637780"/>
  <node id="13608529306" lat="40.3143849" lon="31.0641754"/>
  <node id="13608529308" lat="40.3143110" lon="31.0643260"/>
  <node id="13608529309" lat="40.3142704" lon="31.0647762"/>
  <node id="13608529310" lat="40.3138940" lon="31.0651088"/>
  <node id="13608529311" lat="40.3135995" lon="31.0653341"/>
  <node id="13608529312" lat="40.3140490" lon="31.0650550"/>
  <node id="13608529313" lat="40.3132559" lon="31.0655165"/>
  <node id="13608529314" lat="40.3128878" lon="31.0656345"/>
  <node id="13608529315" lat="40.3126260" lon="31.0656667"/>
  <node id="13608529316" lat="40.3121720" lon="31.0657820"/>
  <node id="13608529317" lat="40.3116210" lon="31.0661480"/>
  <node id="13608529269" lat="40.3269170" lon="31.0674050"/>
  <node id="13608529270" lat="40.3240380" lon="31.0646150"/>
  <node id="13608529271" lat="40.3217800" lon="31.0649160"/>
  <node id="13608529261" lat="40.3322080" lon="31.0641220"/>
  <node id="13608529263" lat="40.3316770" lon="31.0641750"/>
  <node id="13608529264" lat="40.3315950" lon="31.0647120"/>
  <node id="13608529265" lat="40.3313660" lon="31.0650770"/>
  <node id="13608529266" lat="40.3309650" lon="31.0652050"/>
  <node id="13608529267" lat="40.3307440" lon="31.0654310"/>
  <node id="13608529268" lat="40.3303850" lon="31.0681340"/>
  <node id="13608529258" lat="40.3341630" lon="31.0625770"/>
  <node id="13608529251" lat="40.3386940" lon="31.0653450"/>
  <node id="13608529252" lat="40.3373200" lon="31.0672760"/>
  <node id="13608529253" lat="40.3365020" lon="31.0671900"/>
  <node id="13608529254" lat="40.3367310" lon="31.0659890"/>
  <node id="13608529255" lat="40.3364040" lon="31.0649370"/>
  <node id="13608529256" lat="40.3354230" lon="31.0648830"/>
  <node id="13608529257" lat="40.3352590" lon="31.0643790"/>
  <node id="13608529248" lat="40.3453260" lon="31.0665040"/>
  <node id="13608529249" lat="40.3441890" lon="31.0668040"/>
  <node id="13608529250" lat="40.3416380" lon="31.0663320"/>
  <node id="151019962" lat="40.3496190" lon="31.0690780"/>
  <node id="7363363291" lat="40.3497000" lon="31.0704090"/>
  <node id="13608529247" lat="40.3477870" lon="31.0670610"/>
  <node id="7363363290" lat="40.3508290" lon="31.0783050"/>
  <node id="13608222892" lat="40.3516460" lon="31.0834550"/>
  <node id="13608222893" lat="40.3512870" lon="31.0790780"/>
  <node id="13608222891" lat="40.3535760" lon="31.0929820"/>
  <node id="13608222890" lat="40.3546220" lon="31.0991620"/>
  <node id="7363363289" lat="40.3558320" lon="31.1035820"/>
  <node id="7363363288" lat="40.3564210" lon="31.1123800"/>
  <node id="7363363287" lat="40.3561680" lon="31.1213310"/>
  <node id="7363363284" lat="40.3549190" lon="31.1293880"/>
  <node id="7363363286" lat="40.3556360" lon="31.1259410"/>
  <node id="7363363281" lat="40.3540360" lon="31.1346660"/>
  <node id="7363363277" lat="40.3512940" lon="31.1471320"/>
  <node id="7363363278" lat="40.3517440" lon="31.1432790"/>
  <node id="7363363273" lat="40.3521660" lon="31.1606820"/>
  <node id="7363363274" lat="40.3516100" lon="31.1575920"/>
  <node id="7363363272" lat="40.3506320" lon="31.1649510"/>
  <node id="13608222889" lat="40.3502400" lon="31.1673550"/>
  <node id="7363363270" lat="40.3501420" lon="31.1824180"/>
  <node id="7363363257" lat="40.3401990" lon="31.2051630"/>
  <node id="7363363261" lat="40.3437640" lon="31.2026202"/>
  <node id="7363363262" lat="40.3450724" lon="31.2037896"/>
  <node id="7363363263" lat="40.3472310" lon="31.2046801"/>
  <node id="7363363255" lat="40.3401990" lon="31.2108710"/>
  <node id="7363363250" lat="40.3383990" lon="31.2208700"/>
  <node id="7363363265" lat="40.3492670" lon="31.2007963"/>
  <node id="7363363266" lat="40.3535760" lon="31.2000346"/>
  <node id="13608222888" lat="40.3512866" lon="31.2005174"/>
  <node id="7363363248" lat="40.3355210" lon="31.2265780"/>
  <node id="7363363247" lat="40.3373850" lon="31.2313840"/>
  <node id="7363363243" lat="40.3383990" lon="31.2346890"/>
  <node id="13608222886" lat="40.3398700" lon="31.2397840"/>
  <node id="13608222887" lat="40.3389220" lon="31.2378960"/>
  <node id="7363363242" lat="40.3388250" lon="31.2459330"/>
  <node id="7363363226" lat="40.3336260" lon="31.2988270"/>
  <node id="7363363227" lat="40.3332660" lon="31.2958450"/>
  <node id="13608222868" lat="40.3335907" lon="31.2976563"/>
  <node id="13608222869" lat="40.3334189" lon="31.2974310"/>
  <node id="13608222870" lat="40.3333044" lon="31.2970877"/>
  <node id="13608222871" lat="40.3333208" lon="31.2964868"/>
  <node id="13608222872" lat="40.3331817" lon="31.2961757"/>
  <node id="13608222873" lat="40.3339180" lon="31.2962830"/>
  <node id="7363363225" lat="40.3308750" lon="31.3051130"/>
  <node id="7363363222" lat="40.3302860" lon="31.3120650"/>
  <node id="13608222867" lat="40.3309410" lon="31.3126660"/>
  <node id="7363363241" lat="40.3387920" lon="31.2507390"/>
  <node id="7363363236" lat="40.3429130" lon="31.2648580"/>
  <node id="7363363234" lat="40.3384980" lon="31.2790310"/>
  <node id="13608222884" lat="40.3373445" lon="31.2802005"/>
  <node id="13608222885" lat="40.3377125" lon="31.2796694"/>
  <node id="7363363231" lat="40.3370415" lon="31.2851037"/>
  <node id="7363363232" lat="40.3366580" lon="31.2816270"/>
  <node id="7363363233" lat="40.3367470" lon="31.2811980"/>
  <node id="13608222879" lat="40.3362569" lon="31.2867234"/>
  <node id="13608222880" lat="40.3367145" lon="31.2860802"/>
  <node id="13608222881" lat="40.3371810" lon="31.2840630"/>
  <node id="13608222882" lat="40.3375240" lon="31.2833330"/>
  <node id="13608222883" lat="40.3374590" lon="31.2828180"/>
  <node id="7363363235" lat="40.3426190" lon="31.2782480"/>
  <node id="7363363229" lat="40.3357500" lon="31.2897600"/>
  <node id="7363363230" lat="40.3358320" lon="31.2874000"/>
  <node id="13608222875" lat="40.3349070" lon="31.2930430"/>
  <node id="13608222876" lat="40.3352050" lon="31.2922260"/>
  <node id="13608222877" lat="40.3352790" lon="31.2914320"/>
  <node id="13608222878" lat="40.3356190" lon="31.2905000"/>
  <node id="7363363228" lat="40.3348260" lon="31.2938260"/>
  <node id="13608222874" lat="40.3344658" lon="31.2956393"/>
  <node id="7363363221" lat="40.3372220" lon="31.3135670"/>
  <node id="7363363218" lat="40.3461840" lon="31.3156270"/>
  <node id="7363363219" lat="40.3431670" lon="31.3139430"/>
  <node id="7363363220" lat="40.3420630" lon="31.3138250"/>
  <node id="7363363216" lat="40.3488337" lon="31.3194465"/>
  <node id="7363363217" lat="40.3475580" lon="31.3185020"/>
  <node id="13608222866" lat="40.3481470" lon="31.3190600"/>
  <node id="7363363215" lat="40.3524310" lon="31.3215490"/>
  <node id="13608222865" lat="40.3503380" lon="31.3198330"/>
  <node id="7363363214" lat="40.3538050" lon="31.3242100"/>
  <node id="7363363206" lat="40.3463810" lon="31.3383290"/>
  <node id="13608222862" lat="40.3453340" lon="31.3390160"/>
  <node id="7363363203" lat="40.3414610" lon="31.3455650"/>
  <node id="7363363204" lat="40.3421940" lon="31.3424060"/>
  <node id="7363363205" lat="40.3444960" lon="31.3411700"/>
  <node id="13608222861" lat="40.3431350" lon="31.3411100"/>
  <node id="7363363201" lat="40.3440260" lon="31.3522340"/>
  <node id="7363363202" lat="40.3429790" lon="31.3488010"/>
  <node id="7363363207" lat="40.3489100" lon="31.3381540"/>
  <node id="7363363208" lat="40.3495390" lon="31.3376720"/>
  <node id="7363363209" lat="40.3507960" lon="31.3367410"/>
  <node id="7363363211" lat="40.3533140" lon="31.3373850"/>
  <node id="13608222863" lat="40.3485090" lon="31.3384230"/>
  <node id="13608222864" lat="40.3492530" lon="31.3381330"/>
  <node id="7363363212" lat="40.3540340" lon="31.3305620"/>
  <node id="7363363213" lat="40.3541320" lon="31.3276860"/>
  <node id="11425427225" lat="40.3041425" lon="31.4033184"/>
  <node id="11425427226" lat="40.3112681" lon="31.4010769"/>
  <node id="11425427223" lat="40.2882512" lon="31.4295974"/>
  <node id="11425427224" lat="40.2886794" lon="31.4194193"/>
  <node id="11425427222" lat="40.2930259" lon="31.4403861"/>
  <node id="11425427221" lat="40.2932263" lon="31.4506826"/>
  <node id="11425427218" lat="40.2947025" lon="31.4535802"/>
  <node id="11425427220" lat="40.2948118" lon="31.4508284"/>
  <node id="11425427217" lat="40.2970169" lon="31.4567877"/>
  <node id="11425427219" lat="40.2955408" lon="31.4520130"/>
  <node id="11425427227" lat="40.3177376" lon="31.4169500"/>
  <node id="11425427228" lat="40.3234235" lon="31.4253330"/>
  <node id="9863927758" lat="40.3236531" lon="31.4364660"/>
  <node id="9863927759" lat="40.3238095" lon="31.4368287"/>
  <node id="9863927763" lat="40.3269590" lon="31.4315474"/>
  <node id="11425427229" lat="40.3236111" lon="31.4361359"/>
  <node id="11425427230" lat="40.3239064" lon="31.4358665"/>
  <node id="11425427231" lat="40.3240522" lon="31.4364132"/>
  <node id="11425427232" lat="40.3251365" lon="31.4370602"/>
  <node id="11425427233" lat="40.3259475" lon="31.4368871"/>
  <node id="11425427234" lat="40.3262391" lon="31.4366775"/>
  <node id="11425427235" lat="40.3266674" lon="31.4371604"/>
  <node id="7363363322" lat="40.3247901" lon="31.4426886"/>
  <node id="7363363323" lat="40.3245365" lon="31.4420127"/>
  <node id="7363363324" lat="40.3243185" lon="31.4408290"/>
  <node id="9863927749" lat="40.3260661" lon="31.4436221"/>
  <node id="9863927750" lat="40.3258207" lon="31.4438259"/>
  <node id="9863927751" lat="40.3239013" lon="31.4405403"/>
  <node id="9863927752" lat="40.3250191" lon="31.4423668"/>
  <node id="9863927753" lat="40.3248982" lon="31.4410954"/>
  <node id="9863927754" lat="40.3236572" lon="31.4403975"/>
  <node id="9863927755" lat="40.3234482" lon="31.4400137"/>
  <node id="9863927756" lat="40.3235511" lon="31.4384210"/>
  <node id="9863927760" lat="40.3236342" lon="31.4379064"/>
  <node id="11425427236" lat="40.3268587" lon="31.4378712"/>
  <node id="11425427237" lat="40.3270045" lon="31.4393473"/>
  <node id="11425427238" lat="40.3274692" lon="31.4400580"/>
  <node id="11425427239" lat="40.3304215" lon="31.4380716"/>
  <node id="7363363321" lat="40.3264847" lon="31.4456792"/>
  <node id="9863927747" lat="40.3273747" lon="31.4457571"/>
  <node id="9863927748" lat="40.3270476" lon="31.4455533"/>
  <node id="11425427240" lat="40.3267311" lon="31.4455343"/>
  <node id="7363363315" lat="40.3338688" lon="31.4469695"/>
  <node id="7363363316" lat="40.3320450" lon="31.4471518"/>
  <node id="7363363317" lat="40.3317914" lon="31.4498126"/>
  <node id="7363363318" lat="40.3300657" lon="31.4493727"/>
  <node id="7363363319" lat="40.3278328" lon="31.4485144"/>
  <node id="7363363320" lat="40.3279228" lon="31.4459716"/>
  <node id="9863927742" lat="40.3297385" lon="31.4490938"/>
  <node id="9863927743" lat="40.3292396" lon="31.4489972"/>
  <node id="9863927744" lat="40.3284953" lon="31.4486754"/>
  <node id="9863927745" lat="40.3309490" lon="31.4493513"/>
  <node id="9863927746" lat="40.3276856" lon="31.4458430"/>
  <node id="11425427241" lat="40.3322895" lon="31.4498534"/>
  <node id="11425427242" lat="40.3326448" lon="31.4489696"/>
  <node id="7363363199" lat="40.3451380" lon="31.3589290"/>
  <node id="7363363200" lat="40.3444840" lon="31.3578560"/>
  <node id="7363363198" lat="40.3467400" lon="31.3651080"/>
  <node id="7363363197" lat="40.3489000" lon="31.3700766"/>
  <node id="11883113189" lat="40.3479712" lon="31.3678545"/>
  <node id="7363363196" lat="40.3501097" lon="31.3728326"/>
  <node id="11883113188" lat="40.3529099" lon="31.3752717"/>
  <node id="7363363192" lat="40.3574703" lon="31.3774069"/>
  <node id="7363363193" lat="40.3565767" lon="31.3777849"/>
  <node id="7363363194" lat="40.3554170" lon="31.3772600"/>
  <node id="7363363195" lat="40.3544295" lon="31.3771470"/>
  <node id="11883113187" lat="40.3538758" lon="31.3765474"/>
  <node id="7363363191" lat="40.3631281" lon="31.3826909"/>
  <node id="11883113186" lat="40.3626416" lon="31.3826159"/>
  <node id="11883113297" lat="40.3668362" lon="31.3815236"/>
  <node id="11883113298" lat="40.3656263" lon="31.3826394"/>
  <node id="11883113299" lat="40.3651195" lon="31.3827896"/>
  <node id="11883113300" lat="40.3644001" lon="31.3827681"/>
  <node id="11883113293" lat="40.3716099" lon="31.3846779"/>
  <node id="11883113294" lat="40.3705064" lon="31.3793671"/>
  <node id="11883113295" lat="40.3692231" lon="31.3806867"/>
  <node id="11883113296" lat="40.3676536" lon="31.3814163"/>
  <node id="11883113292" lat="40.3714131" lon="31.3861621"/>
  <node id="13207781129" lat="40.3716146" lon="31.3856563"/>
  <node id="11883113290" lat="40.3680296" lon="31.3949454"/>
  <node id="11883113291" lat="40.3689288" lon="31.3925958"/>
  <node id="7363363309" lat="40.3447404" lon="31.4408576"/>
  <node id="7363363314" lat="40.3404770" lon="31.4449148"/>
  <node id="9863927739" lat="40.3353817" lon="31.4463043"/>
  <node id="9863927740" lat="40.3397159" lon="31.4457778"/>
  <node id="9863927741" lat="40.3345803" lon="31.4466476"/>
  <node id="11425427243" lat="40.3399891" lon="31.4449603"/>
  <node id="7363363312" lat="40.3430010" lon="31.4445691"/>
  <node id="7363363313" lat="40.3411462" lon="31.4457210"/>
  <node id="11425427244" lat="40.3424494" lon="31.4451607"/>
  <node id="9863927734" lat="40.3541144" lon="31.4466676"/>
  <node id="11883113287" lat="40.3695173" lon="31.4112425"/>
  <node id="11883113288" lat="40.3697952" lon="31.4105773"/>
  <node id="11883113289" lat="40.3706208" lon="31.4088821"/>
  <node id="11883113281" lat="40.3684915" lon="31.4156196"/>
  <node id="11883113282" lat="40.3691004" lon="31.4145684"/>
  <node id="11883113283" lat="40.3695664" lon="31.4135492"/>
  <node id="11883113284" lat="40.3694928" lon="31.4131200"/>
  <node id="11883113285" lat="40.3694437" lon="31.4124548"/>
  <node id="11883113286" lat="40.3694601" lon="31.4119184"/>
  <node id="11883113269" lat="40.3662864" lon="31.4244309"/>
  <node id="11883113270" lat="40.3662864" lon="31.4236473"/>
  <node id="11883113271" lat="40.3664777" lon="31.4224354"/>
  <node id="11883113272" lat="40.3664686" lon="31.4219160"/>
  <node id="11883113273" lat="40.3667875" lon="31.4219707"/>
  <node id="11883113276" lat="40.3668148" lon="31.4212509"/>
  <node id="11883113255" lat="40.3651474" lon="31.4303446"/>
  <node id="11883113256" lat="40.3651474" lon="31.4299893"/>
  <node id="11883113257" lat="40.3653569" lon="31.4296157"/>
  <node id="11883113258" lat="40.3653205" lon="31.4291965"/>
  <node id="11883113259" lat="40.3651200" lon="31.4289505"/>
  <node id="11883113260" lat="40.3653023" lon="31.4285587"/>
  <node id="11883113261" lat="40.3651565" lon="31.4281942"/>
  <node id="11883113262" lat="40.3653752" lon="31.4277295"/>
  <node id="11883113263" lat="40.3650562" lon="31.4275837"/>
  <node id="11883113264" lat="40.3650380" lon="31.4271099"/>
  <node id="11883113265" lat="40.3646462" lon="31.4267454"/>
  <node id="11883113266" lat="40.3650745" lon="31.4260802"/>
  <node id="11883113267" lat="40.3662681" lon="31.4254424"/>
  <node id="11883113268" lat="40.3663592" lon="31.4250141"/>
  <node id="11883113274" lat="40.3671247" lon="31.4217976"/>
  <node id="11883113275" lat="40.3671247" lon="31.4215333"/>
  <node id="11883113277" lat="40.3671247" lon="31.4209775"/>
  <node id="11883113278" lat="40.3669606" lon="31.4201392"/>
  <node id="11883113279" lat="40.3670700" lon="31.4197383"/>
  <node id="11883113280" lat="40.3677261" lon="31.4182074"/>
  <node id="11883113241" lat="40.3629696" lon="31.4362765"/>
  <node id="11883113242" lat="40.3628785" lon="31.4358209"/>
  <node id="11883113243" lat="40.3633341" lon="31.4358756"/>
  <node id="11883113244" lat="40.3634707" lon="31.4361308"/>
  <node id="11883113245" lat="40.3638808" lon="31.4368233"/>
  <node id="11883113246" lat="40.3641177" lon="31.4366684"/>
  <node id="11883113247" lat="40.3642453" lon="31.4373335"/>
  <node id="11883113248" lat="40.3648922" lon="31.4370693"/>
  <node id="11883113249" lat="40.3649104" lon="31.4366866"/>
  <node id="11883113250" lat="40.3652476" lon="31.4366684"/>
  <node id="11883113251" lat="40.3652385" lon="31.4363768"/>
  <node id="11883113252" lat="40.3655847" lon="31.4361945"/>
  <node id="11883113253" lat="40.3658490" lon="31.4343448"/>
  <node id="11883113254" lat="40.3656212" lon="31.4335065"/>
  <node id="11883113237" lat="40.3621039" lon="31.4435844"/>
  <node id="11883113238" lat="40.3618032" lon="31.4423725"/>
  <node id="11883113239" lat="40.3616028" lon="31.4395022"/>
  <node id="11883113240" lat="40.3617941" lon="31.4376889"/>
  <node id="151019356" lat="40.3611655" lon="31.4481536"/>
  <node id="11425427216" lat="40.2996594" lon="31.4681959"/>
  <node id="11425427215" lat="40.3023748" lon="31.4767976"/>
  <node id="3157846020" lat="40.3045733" lon="31.4894284"/>
  <node id="9863927709" lat="40.3030912" lon="31.4926895"/>
  <node id="11425427214" lat="40.3025388" lon="31.4962973"/>
  <node id="11425427213" lat="40.3041425" lon="31.4997963"/>
  <node id="11425427209" lat="40.3078420" lon="31.5096008"/>
  <node id="11425427210" lat="40.3075504" lon="31.5085438"/>
  <node id="11425427211" lat="40.3060742" lon="31.5063387"/>
  <node id="11425427212" lat="40.3062018" lon="31.5061383"/>
  <node id="11425427207" lat="40.2978917" lon="31.5221025"/>
  <node id="11425427208" lat="40.3048532" lon="31.5168904"/>
  <node id="11425427205" lat="40.2939188" lon="31.5461946"/>
  <node id="11425427204" lat="40.2856998" lon="31.5517894"/>
  <node id="11425427206" lat="40.2975090" lon="31.5376476"/>
  <node id="11425427193" lat="40.2837134" lon="31.6255420"/>
  <node id="11425427194" lat="40.2830391" lon="31.6249953"/>
  <node id="11425427192" lat="40.2887797" lon="31.6393740"/>
  <node id="11425427191" lat="40.2922787" lon="31.6447319"/>
  <node id="11425427190" lat="40.2947571" lon="31.6474655"/>
  <node id="11425427189" lat="40.2971627" lon="31.6499075"/>
  <node id="11425427188" lat="40.3003337" lon="31.6541901"/>
  <node id="11425427187" lat="40.3030855" lon="31.6659810"/>
  <node id="11425427186" lat="40.3038327" lon="31.6713025"/>
  <node id="11425427185" lat="40.3066939" lon="31.6825102"/>
  <node id="11425427182" lat="40.3102020" lon="31.6922418"/>
  <node id="11425427183" lat="40.3098831" lon="31.6913671"/>
  <node id="11425427184" lat="40.3089719" lon="31.6878499"/>
  <node id="2285285139" lat="40.3089854" lon="31.6991615"/>
  <node id="9863927353" lat="40.3095417" lon="31.6980886"/>
  <node id="9863927354" lat="40.3098198" lon="31.6978526"/>
  <node id="9863927355" lat="40.3101307" lon="31.6978955"/>
  <node id="9863927356" lat="40.3104744" lon="31.6980243"/>
  <node id="9863927357" lat="40.3108834" lon="31.6976380"/>
  <node id="9863927358" lat="40.3113416" lon="31.6974664"/>
  <node id="9863927359" lat="40.3119470" lon="31.6971016"/>
  <node id="11425419463" lat="40.3118161" lon="31.6950416"/>
  <node id="11425419468" lat="40.3118827" lon="31.6957832"/>
  <node id="11425427181" lat="40.3108945" lon="31.6937180"/>
  <node id="3157848869" lat="40.3094110" lon="31.7000410"/>
  <node id="13389876979" lat="40.3101310" lon="31.7048260"/>
  <node id="13389876980" lat="40.3091980" lon="31.7024930"/>
  <node id="13389876981" lat="40.3089530" lon="31.7024870"/>
  <node id="3157848877" lat="40.3108830" lon="31.7071440"/>
  <node id="3157848882" lat="40.3124965" lon="31.7108162"/>
  <node id="13389876978" lat="40.3118980" lon="31.7091610"/>
  <node id="7363556249" lat="40.3158570" lon="31.7188170"/>
  <node id="7363556248" lat="40.3175590" lon="31.7234090"/>
  <node id="7363556246" lat="40.3198170" lon="31.7291590"/>
  <node id="7363556247" lat="40.3182790" lon="31.7261980"/>
  <node id="7363556245" lat="40.3212560" lon="31.7319060"/>
  <node id="13389876977" lat="40.3216490" lon="31.7324640"/>
  <node id="7363556243" lat="40.3250190" lon="31.7386010"/>
  <node id="7363556244" lat="40.3232200" lon="31.7349530"/>
  <node id="13389876973" lat="40.3250520" lon="31.7378710"/>
  <node id="13389876974" lat="40.3236450" lon="31.7360260"/>
  <node id="13389876975" lat="40.3223360" lon="31.7340950"/>
  <node id="13389876976" lat="40.3215180" lon="31.7326140"/>
  <node id="7363556242" lat="40.3262300" lon="31.7402530"/>
  <node id="13389876971" lat="40.3274400" lon="31.7430640"/>
  <node id="13389876972" lat="40.3257720" lon="31.7398880"/>
  <node id="7363556241" lat="40.3287820" lon="31.7448660"/>
  <node id="7363556239" lat="40.3313660" lon="31.7502740"/>
  <node id="7363556240" lat="40.3292070" lon="31.7457250"/>
  <node id="13389876970" lat="40.3305150" lon="31.7476130"/>
  <node id="7363556238" lat="40.3325440" lon="31.7581700"/>
  <node id="7363556236" lat="40.3318896" lon="31.7652511"/>
  <node id="7363556237" lat="40.3331980" lon="31.7628910"/>
  <node id="7363556232" lat="40.3306790" lon="31.7700360"/>
  <node id="7363556235" lat="40.3307120" lon="31.7698220"/>
  <node id="13389876969" lat="40.3312350" lon="31.7670970"/>
  <node id="7363556224" lat="40.3207170" lon="31.7972230"/>
  <node id="7363556225" lat="40.3208150" lon="31.7967940"/>
  <node id="13389876888" lat="40.3205940" lon="31.7978350"/>
  <node id="13389876892" lat="40.3209860" lon="31.7941650"/>
  <node id="13389876893" lat="40.3208230" lon="31.7953030"/>
  <node id="13389876889" lat="40.3261310" lon="31.7781690"/>
  <node id="7363556230" lat="40.3259350" lon="31.7809580"/>
  <node id="7363556231" lat="40.3264260" lon="31.7785550"/>
  <node id="7363556227" lat="40.3226960" lon="31.7914720"/>
  <node id="7363556228" lat="40.3237760" lon="31.7863230"/>
  <node id="7363556226" lat="40.3219760" lon="31.7927380"/>
  <node id="13389876890" lat="40.3222710" lon="31.7919870"/>
  <node id="13389876891" lat="40.3214530" lon="31.7933390"/>
  <node id="13392548509" lat="40.3136281" lon="31.8107897"/>
  <node id="13389876886" lat="40.3209780" lon="31.7993900"/>
  <node id="13389876887" lat="40.3207170" lon="31.7986180"/>
  <node id="13392548501" lat="40.3206020" lon="31.8038320"/>
  <node id="13392548502" lat="40.3193100" lon="31.8042180"/>
  <node id="13392548504" lat="40.3172640" lon="31.8044760"/>
  <node id="7363556217" lat="40.3150312" lon="31.8060743"/>
  <node id="7363556221" lat="40.3161520" lon="31.8053660"/>
  <node id="13392548503" lat="40.3178700" lon="31.8048830"/>
  <node id="13392548505" lat="40.3167570" lon="31.8047760"/>
  <node id="13392548506" lat="40.3172730" lon="31.8047010"/>
  <node id="13392548507" lat="40.3167410" lon="31.8049050"/>
  <node id="13392548508" lat="40.3149575" lon="31.8055272"/>
  <node id="7363556216" lat="40.3117466" lon="31.8192869"/>
  <node id="13392548510" lat="40.3112638" lon="31.8202794"/>
  <node id="13392548511" lat="40.3111329" lon="31.8207461"/>
  <node id="13392548512" lat="40.3110102" lon="31.8214166"/>
  <node id="13392548513" lat="40.3104375" lon="31.8240613"/>
  <node id="13392548514" lat="40.3109857" lon="31.8228489"/>
  <node id="7363556222" lat="40.3218940" lon="31.8023300"/>
  <node id="7363556223" lat="40.3216490" lon="31.8004630"/>
  <node id="13389876884" lat="40.3214200" lon="31.8020730"/>
  <node id="13389876885" lat="40.3221070" lon="31.8017940"/>
  <node id="13392548500" lat="40.3214200" lon="31.8028020"/>
  <node id="13392548529" lat="40.3075086" lon="31.8429011"/>
  <node id="13392548530" lat="40.3069727" lon="31.8433678"/>
  <node id="13392548531" lat="40.3061709" lon="31.8434214"/>
  <node id="13392548532" lat="40.3062199" lon="31.8438291"/>
  <node id="7363556202" lat="40.3045099" lon="31.8494295"/>
  <node id="7363556203" lat="40.3035936" lon="31.8448590"/>
  <node id="7363556204" lat="40.3046163" lon="31.8454920"/>
  <node id="7363556205" lat="40.3053036" lon="31.8440008"/>
  <node id="13392548533" lat="40.3060154" lon="31.8439901"/>
  <node id="13392548534" lat="40.3052790" lon="31.8444192"/>
  <node id="13392548535" lat="40.3047963" lon="31.8447304"/>
  <node id="13392548536" lat="40.3039045" lon="31.8446660"/>
  <node id="13392548537" lat="40.3042113" lon="31.8470263"/>
  <node id="13392548538" lat="40.3048208" lon="31.8480670"/>
  <node id="13392548539" lat="40.3047227" lon="31.8504059"/>
  <node id="7363556201" lat="40.3050950" lon="31.8540751"/>
  <node id="13392548540" lat="40.3045508" lon="31.8509316"/>
  <node id="13392548541" lat="40.3051809" lon="31.8530130"/>
  <node id="13392548542" lat="40.3064899" lon="31.8549174"/>
  <node id="13392548543" lat="40.3069849" lon="31.8550515"/>
  <node id="13392548544" lat="40.3074104" lon="31.8554431"/>
  <node id="7363556210" lat="40.3086990" lon="31.8296938"/>
  <node id="7363556212" lat="40.3084597" lon="31.8291467"/>
  <node id="7363556213" lat="40.3085109" lon="31.8280898"/>
  <node id="7363556214" lat="40.3088217" lon="31.8262659"/>
  <node id="7363556215" lat="40.3103067" lon="31.8245386"/>
  <node id="13392548515" lat="40.3097421" lon="31.8255955"/>
  <node id="13392548516" lat="40.3092021" lon="31.8258905"/>
  <node id="13392548517" lat="40.3087726" lon="31.8269151"/>
  <node id="7363556209" lat="40.3110226" lon="31.8356966"/>
  <node id="13392548518" lat="40.3099753" lon="31.8333685"/>
  <node id="13392548519" lat="40.3104580" lon="31.8339801"/>
  <node id="13392548520" lat="40.3106789" lon="31.8345058"/>
  <node id="13392548521" lat="40.3110716" lon="31.8365228"/>
  <node id="7363556206" lat="40.3089936" lon="31.8414902"/>
  <node id="7363556207" lat="40.3102781" lon="31.8396985"/>
  <node id="7363556208" lat="40.3103967" lon="31.8396180"/>
  <node id="13392548522" lat="40.3106952" lon="31.8374669"/>
  <node id="13392548523" lat="40.3102125" lon="31.8378317"/>
  <node id="13392548524" lat="40.3102044" lon="31.8389583"/>
  <node id="13392548525" lat="40.3094558" lon="31.8400472"/>
  <node id="13392548526" lat="40.3093985" lon="31.8411845"/>
  <node id="13392548527" lat="40.3093085" lon="31.8414661"/>
  <node id="13392548528" lat="40.3083390" lon="31.8411577"/>
  <node id="13392548545" lat="40.3080506" lon="31.8555558"/>
  <node id="13392548546" lat="40.3093780" lon="31.8560707"/>
  <node id="7363556198" lat="40.3105247" lon="31.8615723"/>
  <node id="7363556199" lat="40.3102210" lon="31.8594612"/>
  <node id="7363556200" lat="40.3102045" lon="31.8581092"/>
  <node id="13392548547" lat="40.3097053" lon="31.8571436"/>
  <node id="13392548548" lat="40.3104171" lon="31.8604481"/>
  <node id="7363556196" lat="40.3105524" lon="31.8644174"/>
  <node id="13392548549" lat="40.3142133" lon="31.8649674"/>
  <node id="7363556193" lat="40.3145766" lon="31.8664292"/>
  <node id="7363556189" lat="40.3200456" lon="31.8747286"/>
  <node id="7363556190" lat="40.3178860" lon="31.8735718"/>
  <node id="7363556192" lat="40.3172640" lon="31.8717377"/>
  <node id="7363556188" lat="40.3213550" lon="31.8777750"/>
  <node id="13392548550" lat="40.3211260" lon="31.8767450"/>
  <node id="13392548551" lat="40.3216160" lon="31.8803720"/>
  <node id="13392548552" lat="40.3220090" lon="31.8830750"/>
  <node id="7363556186" lat="40.3222460" lon="31.8851780"/>
  <node id="7363556187" lat="40.3223850" lon="31.8847700"/>
  <node id="13392548553" lat="40.3221400" lon="31.8849420"/>
  <node id="7363556185" lat="40.3273420" lon="31.8922380"/>
  <node id="13392548554" lat="40.3269170" lon="31.8908210"/>
  <node id="13392548555" lat="40.3271460" lon="31.8914220"/>
  <node id="7363556179" lat="40.3330670" lon="31.8925380"/>
  <node id="7363556180" lat="40.3317260" lon="31.8925600"/>
  <node id="7363556181" lat="40.3307940" lon="31.8922160"/>
  <node id="7363556182" lat="40.3299270" lon="31.8915940"/>
  <node id="7363556183" lat="40.3292720" lon="31.8915080"/>
  <node id="7363556184" lat="40.3289780" lon="31.8918840"/>
  <node id="13392548556" lat="40.3277840" lon="31.8924310"/>
  <node id="13392548557" lat="40.3280950" lon="31.8921730"/>
  <node id="13392548558" lat="40.3316110" lon="31.8924200"/>
  <node id="13393022245" lat="40.3313820" lon="31.8923660"/>
  <node id="13807872918" lat="40.3308396" lon="31.8922276"/>
  <node id="7363556174" lat="40.3337220" lon="31.9160130"/>
  <node id="7363556176" lat="40.3381380" lon="31.8953280"/>
  <node id="7363556177" lat="40.3367970" lon="31.8915080"/>
  <node id="13392548559" lat="40.3382030" lon="31.8994900"/>
  <node id="13392548560" lat="40.3387590" lon="31.9053700"/>
  <node id="13392548561" lat="40.3404600" lon="31.9081590"/>
  <node id="13807872874" lat="40.3385792" lon="31.9034687"/>
  <node id="7363556175" lat="40.3360110" lon="31.9127940"/>
  <node id="13392548564" lat="40.3405580" lon="31.9099620"/>
  <node id="13392548565" lat="40.3401660" lon="31.9113780"/>
  <node id="13392548567" lat="40.3388570" lon="31.9141240"/>
  <node id="13392548562" lat="40.3414740" lon="31.9088030"/>
  <node id="7363556169" lat="40.3439270" lon="31.9152400"/>
  <node id="13392548563" lat="40.3410980" lon="31.9094900"/>
  <node id="13392548566" lat="40.3408850" lon="31.9121500"/>
  <node id="13392548568" lat="40.3356840" lon="31.9203040"/>
  <node id="13392548569" lat="40.3381700" lon="31.9212910"/>
  <node id="7363556173" lat="40.3402310" lon="31.9226220"/>
  <node id="13392548570" lat="40.3389880" lon="31.9227080"/>
  <node id="7363556167" lat="40.3458900" lon="31.9165710"/>
  <node id="7363556170" lat="40.3421610" lon="31.9186310"/>
  <node id="7363556172" lat="40.3418010" lon="31.9215490"/>
  <node id="7363556166" lat="40.3478850" lon="31.9217210"/>
  <node id="7363556165" lat="40.3483100" lon="31.9243380"/>
  <node id="13392548575" lat="40.3484410" lon="31.9276860"/>
  <node id="7363556161" lat="40.3456610" lon="31.9317630"/>
  <node id="7363556163" lat="40.3469200" lon="31.9306470"/>
  <node id="7363556157" lat="40.3437970" lon="31.9382430"/>
  <node id="7363556160" lat="40.3452030" lon="31.9359680"/>
  <node id="7363556164" lat="40.3473780" lon="31.9310550"/>
  <node id="13392548576" lat="40.3482940" lon="31.9307760"/>
  <node id="13392548577" lat="40.3483920" lon="31.9315800"/>
  <node id="13814663300" lat="40.3498851" lon="31.9512057"/>
  <node id="7363556155" lat="40.3522020" lon="31.9561390"/>
  <node id="13392548578" lat="40.3532490" lon="31.9610740"/>
  <node id="7363556154" lat="40.3532820" lon="31.9647220"/>
  <node id="7363556152" lat="40.3584490" lon="31.9669960"/>
  <node id="7363556153" lat="40.3562580" lon="31.9662670"/>
  <node id="13392548579" lat="40.3553090" lon="31.9654940"/>
  <node id="7363556151" lat="40.3605090" lon="31.9674680"/>
  <node id="13392548580" lat="40.3626340" lon="31.9674250"/>
  <node id="13392548581" lat="40.3635830" lon="31.9679400"/>
  <node id="7363556148" lat="40.3654140" lon="31.9744210"/>
  <node id="7363556149" lat="40.3658390" lon="31.9721460"/>
  <node id="7363556150" lat="40.3647930" lon="31.9693990"/>
  <node id="13392548582" lat="40.3654790" lon="31.9709010"/>
  <node id="13392548583" lat="40.3648580" lon="31.9806430"/>
  <node id="7363556145" lat="40.3667220" lon="31.9838620"/>
  <node id="7363556147" lat="40.3659040" lon="31.9826600"/>
  <node id="7363556144" lat="40.3706130" lon="31.9939900"/>
  <node id="13392548584" lat="40.3697300" lon="31.9914150"/>
  <node id="7363556143" lat="40.3723780" lon="31.9982810"/>
  <node id="13392548585" lat="40.3717570" lon="31.9966510"/>
  <node id="7363556142" lat="40.3737840" lon="31.9993970"/>
  <node id="7363556140" lat="40.3770530" lon="32.0051050"/>
  <node id="7363556141" lat="40.3755500" lon="32.0014140"/>
  <node id="13392548586" lat="40.3779360" lon="32.0066930"/>
  <node id="7363556138" lat="40.3786880" lon="32.0107910"/>
  <node id="7363556139" lat="40.3783280" lon="32.0095250"/>
  <node id="13392548587" lat="40.3784270" lon="32.0078090"/>
  <node id="13392548588" lat="40.3793420" lon="32.0117350"/>
  <node id="7363556137" lat="40.3821860" lon="32.0120140"/>
  <node id="13392548589" lat="40.3814010" lon="32.0122290"/>
  <node id="13392548590" lat="40.3802740" lon="32.0121650"/>
  <node id="13392548591" lat="40.3836570" lon="32.0121000"/>
  <node id="13392548592" lat="40.3845070" lon="32.0122930"/>
  <node id="13392548593" lat="40.3856180" lon="32.0131300"/>
  <node id="13392548594" lat="40.3865010" lon="32.0140740"/>
  <node id="7363556133" lat="40.3912730" lon="32.0126580"/>
  <node id="7363556134" lat="40.3894430" lon="32.0128300"/>
  <node id="7363556135" lat="40.3882990" lon="32.0134310"/>
  <node id="7363556136" lat="40.3872530" lon="32.0145890"/>
  <node id="7363556130" lat="40.3940520" lon="32.0148040"/>
  <node id="13392548595" lat="40.3984640" lon="32.0191810"/>
  <node id="7363556129" lat="40.3996080" lon="32.0214990"/>
  <node id="7363556126" lat="40.4058170" lon="32.0274210"/>
  <node id="7363556127" lat="40.4046410" lon="32.0259190"/>
  <node id="7363556128" lat="40.4016340" lon="32.0242020"/>
  <node id="13392548596" lat="40.4001960" lon="32.0225290"/>
  <node id="7363556124" lat="40.4115680" lon="32.0322280"/>
  <node id="7363556125" lat="40.4085950" lon="32.0293090"/>
  <node id="2285456711" lat="40.4178740" lon="32.0264340"/>
  <node id="2285456803" lat="40.4193120" lon="32.0227860"/>
  <node id="13392548598" lat="40.4185280" lon="32.0240310"/>
  <node id="1480924836" lat="40.4177440" lon="32.0322700"/>
  <node id="7363556122" lat="40.4157510" lon="32.0339440"/>
  <node id="13392548597" lat="40.4128100" lon="32.0339010"/>
  <node id="7363556118" lat="40.4253560" lon="32.0216700"/>
  <node id="7363556120" lat="40.4214680" lon="32.0217130"/>
  <node id="7363556121" lat="40.4203570" lon="32.0221420"/>
  <node id="2285456910" lat="40.4315630" lon="32.0199110"/>
  <node id="7363556117" lat="40.4288190" lon="32.0209840"/>
  <node id="7363556052" lat="40.4364630" lon="32.0244600"/>
  <node id="13392548599" lat="40.4337840" lon="32.0222710"/>
  <node id="13392548600" lat="40.4347640" lon="32.0236020"/>
  <node id="13392548601" lat="40.4387820" lon="32.0263480"/>
  <node id="7363556123" lat="40.4136270" lon="32.0344590"/>
  <node id="13392548571" lat="40.4446940" lon="32.0305540"/>
  <node id="13392548572" lat="40.4434690" lon="32.0296740"/>
  <node id="13392548573" lat="40.4413950" lon="32.0285580"/>
  <node id="13392548574" lat="40.4404640" lon="32.0275930"/>
  <node id="7363556048" lat="40.4514540" lon="32.0305970"/>
  <node id="7363556049" lat="40.4484170" lon="32.0316270"/>
  <node id="13392548602" lat="40.4466860" lon="32.0310690"/>
  <node id="7363556045" lat="40.4580500" lon="32.0322700"/>
  <node id="7363556046" lat="40.4571360" lon="32.0321850"/>
  <node id="7363556047" lat="40.4531190" lon="32.0316700"/>
  <node id="13392548603" lat="40.4524990" lon="32.0308110"/>
  <node id="13392548604" lat="40.4540340" lon="32.0319700"/>
  <node id="7363556042" lat="40.4640910" lon="32.0307680"/>
  <node id="7363556043" lat="40.4641890" lon="32.0318840"/>
  <node id="7363556044" lat="40.4620340" lon="32.0312830"/>
  <node id="13392548605" lat="40.4643850" lon="32.0291380"/>
  <node id="13392548606" lat="40.4651680" lon="32.0280220"/>
  <node id="7363556031" lat="40.4698700" lon="31.9990540"/>
  <node id="7363556032" lat="40.4690210" lon="31.9998690"/>
  <node id="7363556033" lat="40.4700660" lon="32.0023160"/>
  <node id="13392548612" lat="40.4715670" lon="32.0027880"/>
  <node id="13392548613" lat="40.4692490" lon="32.0016720"/>
  <node id="7363556030" lat="40.4737220" lon="31.9979810"/>
  <node id="13392548614" lat="40.4771820" lon="31.9979810"/>
  <node id="7363556034" lat="40.4732650" lon="32.0050620"/>
  <node id="13392548611" lat="40.4726450" lon="32.0036460"/>
  <node id="1470695898" lat="40.4827970" lon="31.9925310"/>
  <node id="7363556116" lat="40.4833356" lon="31.9943224"/>
  <node id="13392548438" lat="40.4832050" lon="31.9933998"/>
  <node id="13392548615" lat="40.4821770" lon="31.9936470"/>
  <node id="7363556027" lat="40.4795650" lon="31.9977240"/>
  <node id="7363556029" lat="40.4788470" lon="31.9981960"/>
  <node id="7363556112" lat="40.4872198" lon="31.9994616"/>
  <node id="7363556113" lat="40.4871178" lon="31.9988018"/>
  <node id="7363556114" lat="40.4858408" lon="31.9960713"/>
  <node id="7363556115" lat="40.4850573" lon="31.9952291"/>
  <node id="13392548436" lat="40.4876807" lon="32.0006204"/>
  <node id="13392548437" lat="40.4866648" lon="31.9974339"/>
  <node id="7363556110" lat="40.4895085" lon="32.0053195"/>
  <node id="7363556111" lat="40.4875543" lon="32.0023208"/>
  <node id="13392548434" lat="40.4889210" lon="32.0045471"/>
  <node id="13392548435" lat="40.4877827" lon="32.0034367"/>
  <node id="7363556038" lat="40.4710450" lon="32.0190530"/>
  <node id="7363556039" lat="40.4704900" lon="32.0206400"/>
  <node id="7363556035" lat="40.4739830" lon="32.0099970"/>
  <node id="7363556036" lat="40.4733300" lon="32.0112420"/>
  <node id="13392548609" lat="40.4728080" lon="32.0128300"/>
  <node id="13392548610" lat="40.4740810" lon="32.0082380"/>
  <node id="7363556037" lat="40.4718290" lon="32.0182370"/>
  <node id="7363556040" lat="40.4683350" lon="32.0250180"/>
  <node id="7363556041" lat="40.4677150" lon="32.0272490"/>
  <node id="13392548608" lat="40.4695760" lon="32.0220570"/>
  <node id="13392548607" lat="40.4671270" lon="32.0277210"/>
  <node id="7363556108" lat="40.4907940" lon="32.0124440"/>
  <node id="7363556109" lat="40.4901080" lon="32.0105770"/>
  <node id="7363556106" lat="40.4937960" lon="32.0168640"/>
  <node id="7363556107" lat="40.4930780" lon="32.0154050"/>
  <node id="7363556105" lat="40.4969620" lon="32.0211980"/>
  <node id="7363556101" lat="40.5024120" lon="32.0244170"/>
  <node id="7363556103" lat="40.5006820" lon="32.0231290"/>
  <node id="7363556104" lat="40.4981040" lon="32.0222710"/>
  <node id="7363556100" lat="40.5017920" lon="32.0290090"/>
  <node id="7363556096" lat="40.5071430" lon="32.0333000"/>
  <node id="7363556097" lat="40.5073390" lon="32.0318410"/>
  <node id="7363556098" lat="40.5070450" lon="32.0288370"/>
  <node id="7363556099" lat="40.5047940" lon="32.0300820"/>
  <node id="7363556092" lat="40.5018487" lon="32.0412611"/>
  <node id="13392548429" lat="40.5000457" lon="32.0426667"/>
  <node id="13392548430" lat="40.5033987" lon="32.0416152"/>
  <node id="13392548431" lat="40.5042390" lon="32.0422590"/>
  <node id="7363556090" lat="40.5040228" lon="32.0534276"/>
  <node id="7363556091" lat="40.5003068" lon="32.0484923"/>
  <node id="7363556086" lat="40.5043451" lon="32.0601949"/>
  <node id="7363556087" lat="40.5045327" lon="32.0567964"/>
  <node id="7363556089" lat="40.5043777" lon="32.0541625"/>
  <node id="7363556094" lat="40.5058050" lon="32.0379350"/>
  <node id="7363556095" lat="40.5060990" lon="32.0358750"/>
  <node id="13392548433" lat="40.5057400" lon="32.0397380"/>
  <node id="7363556093" lat="40.5049324" lon="32.0429456"/>
  <node id="13392548432" lat="40.5053480" lon="32.0416260"/>
  <node id="13392548428" lat="40.5039932" lon="32.0613862"/>
  <node id="7363556082" lat="40.5035540" lon="32.0727830"/>
  <node id="7363556079" lat="40.5008780" lon="32.0797350"/>
  <node id="7363556080" lat="40.4999320" lon="32.0784040"/>
  <node id="7363556081" lat="40.5015310" lon="32.0753570"/>
  <node id="7363556077" lat="40.5006820" lon="32.0848850"/>
  <node id="7363556078" lat="40.5013020" lon="32.0811940"/>
  <node id="7363556084" lat="40.5057594" lon="32.0685520"/>
  <node id="7363556075" lat="40.5012690" lon="32.0910220"/>
  <node id="7363556076" lat="40.5004860" lon="32.0889190"/>
  <node id="7363556073" lat="40.5038800" lon="32.0947980"/>
  <node id="13392548426" lat="40.5104390" lon="32.1029950"/>
  <node id="13392548427" lat="40.5088070" lon="32.1005060"/>
  <node id="13392548424" lat="40.5122000" lon="32.1054410"/>
  <node id="13392548425" lat="40.5119720" lon="32.1038960"/>
  <node id="13814663260" lat="40.5123734" lon="32.1059978"/>
  <node id="151019799" lat="40.5144030" lon="32.1076830"/>
  <node id="13392548421" lat="40.5163440" lon="32.1090460"/>
  <node id="13392548422" lat="40.5133750" lon="32.1075010"/>
  <node id="13392548423" lat="40.5124940" lon="32.1063850"/>
  <node id="7363556070" lat="40.5178450" lon="32.1094750"/>
  <node id="13392548419" lat="40.5203570" lon="32.1103330"/>
  <node id="13392548420" lat="40.5190680" lon="32.1092390"/>
  <node id="7363556069" lat="40.5226730" lon="32.1141960"/>
  <node id="13392548417" lat="40.5239130" lon="32.1151830"/>
  <node id="13392548418" lat="40.5229340" lon="32.1147110"/>
  <node id="7363556068" lat="40.5298820" lon="32.1158480"/>
  <node id="13392548415" lat="40.5280880" lon="32.1158270"/>
  <node id="13392548416" lat="40.5265220" lon="32.1152470"/>
  <node id="7363556067" lat="40.5336740" lon="32.1160410"/>
  <node id="13392548413" lat="40.5326710" lon="32.1158480"/>
  <node id="13392548414" lat="40.5314970" lon="32.1160410"/>
  <node id="13608529865" lat="40.5352286" lon="32.1204460"/>
  <node id="13608529866" lat="40.5351915" lon="32.1251985"/>
  <node id="13608529867" lat="40.5351915" lon="32.1259471"/>
  <node id="13608529868" lat="40.5354852" lon="32.1280966"/>
  <node id="13608529869" lat="40.5357238" lon="32.1294732"/>
  <node id="13608529870" lat="40.5361276" lon="32.1306807"/>
  <node id="13608529871" lat="40.5367333" lon="32.1320332"/>
  <node id="13608529872" lat="40.5371004" lon="32.1327819"/>
  <node id="13608529873" lat="40.5374124" lon="32.1334098"/>
  <node id="13608529874" lat="40.5378529" lon="32.1343275"/>
  <node id="13608529875" lat="40.5383118" lon="32.1349313"/>
  <node id="13608529876" lat="40.5389358" lon="32.1355592"/>
  <node id="13608529877" lat="40.5394497" lon="32.1359939"/>
  <node id="13608529878" lat="40.5401104" lon="32.1365253"/>
  <node id="13608529879" lat="40.5406427" lon="32.1367668"/>
  <node id="13608529880" lat="40.5409914" lon="32.1370807"/>
  <node id="13608529881" lat="40.5414135" lon="32.1374430"/>
  <node id="13608529882" lat="40.5418907" lon="32.1378777"/>
  <node id="13608529883" lat="40.5424413" lon="32.1384332"/>
  <node id="13608529884" lat="40.5435241" lon="32.1401721"/>
  <node id="13608529885" lat="40.5437260" lon="32.1406792"/>
  <node id="1470695959" lat="40.5438682" lon="32.1409630"/>
  <node id="13608529886" lat="40.5440380" lon="32.1412588"/>
  <node id="13608529887" lat="40.5443500" lon="32.1422007"/>
  <node id="13608529888" lat="40.5449556" lon="32.1436498"/>
  <node id="13608529889" lat="40.5454694" lon="32.1455577"/>
  <node id="13608529890" lat="40.5455979" lon="32.1467170"/>
  <node id="13608529891" lat="40.5458915" lon="32.1483592"/>
  <node id="13608529892" lat="40.5461485" lon="32.1498324"/>
  <node id="13608529893" lat="40.5464054" lon="32.1508226"/>
  <node id="13608529894" lat="40.5471762" lon="32.1520543"/>
  <node id="13608529895" lat="40.5475983" lon="32.1529237"/>
  <node id="13608529896" lat="40.5482773" lon="32.1545902"/>
  <node id="13608529897" lat="40.5484975" lon="32.1556528"/>
  <node id="13608529898" lat="40.5486993" lon="32.1565705"/>
  <node id="13608529899" lat="40.5488461" lon="32.1571985"/>
  <node id="13608529900" lat="40.5488828" lon="32.1580437"/>
  <node id="13608529901" lat="40.5489563" lon="32.1585509"/>
  <node id="13608529902" lat="40.5488278" lon="32.1597585"/>
  <node id="13608529903" lat="40.5487544" lon="32.1602656"/>
  <node id="13608529904" lat="40.5485158" lon="32.1613524"/>
  <node id="13608529905" lat="40.5482222" lon="32.1625117"/>
  <node id="13608529906" lat="40.5477634" lon="32.1635743"/>
  <node id="13608529907" lat="40.5473230" lon="32.1641539"/>
  <node id="13608529908" lat="40.5472496" lon="32.1645645"/>
  <node id="13608529909" lat="40.5472679" lon="32.1650475"/>
  <node id="13608529910" lat="40.5475432" lon="32.1663758"/>
  <node id="13608529911" lat="40.5475983" lon="32.1673177"/>
  <node id="13608529912" lat="40.5476166" lon="32.1680181"/>
  <node id="13608529913" lat="40.5474698" lon="32.1713268"/>
  <node id="13608529914" lat="40.5470477" lon="32.1730415"/>
  <node id="13608529915" lat="40.5465706" lon="32.1746113"/>
  <node id="13608529916" lat="40.5463136" lon="32.1763260"/>
  <node id="13608529917" lat="40.5460384" lon="32.1784030"/>
  <node id="13608529918" lat="40.5453960" lon="32.1820498"/>
  <node id="13608529919" lat="40.5455979" lon="32.1836437"/>
  <node id="13608529920" lat="40.5459099" lon="32.1849962"/>
  <node id="13608529921" lat="40.5461668" lon="32.1871215"/>
  <node id="13608529922" lat="40.5465339" lon="32.1880875"/>
  <node id="13608529923" lat="40.5466440" lon="32.1890052"/>
  <node id="13608529924" lat="40.5469009" lon="32.1900679"/>
  <node id="13608529925" lat="40.5472679" lon="32.1914686"/>
  <node id="13608529926" lat="40.5475707" lon="32.1941011"/>
  <node id="13608529927" lat="40.5474881" lon="32.1959849"/>
  <node id="13608529928" lat="40.5474423" lon="32.1986777"/>
  <node id="13608529929" lat="40.5479745" lon="32.2000060"/>
  <node id="13608529930" lat="40.5486902" lon="32.2010445"/>
  <node id="13608529931" lat="40.5488094" lon="32.2010928"/>
  <node id="13608529932" lat="40.5491122" lon="32.2018415"/>
  <node id="13608529933" lat="40.5494976" lon="32.2037373"/>
  <node id="13608529934" lat="40.5496628" lon="32.2051985"/>
  <node id="13608529935" lat="40.5497637" lon="32.2061524"/>
  <node id="13608529936" lat="40.5498738" lon="32.2069373"/>
  <node id="13608529937" lat="40.5499105" lon="32.2073117"/>
  <node id="13608529938" lat="40.5499013" lon="32.2076377"/>
  <node id="13608529939" lat="40.5501582" lon="32.2089298"/>
  <node id="13814663258" lat="40.5503406" lon="32.2097424"/>
  <node id="13608529940" lat="40.5507546" lon="32.2115864"/>
  <node id="13608529941" lat="40.5511033" lon="32.2124438"/>
  <node id="13608529942" lat="40.5519749" lon="32.2141102"/>
  <node id="13608529943" lat="40.5521676" lon="32.2144845"/>
  <node id="13608529944" lat="40.5523786" lon="32.2149313"/>
  <node id="13608529945" lat="40.5525530" lon="32.2152090"/>
  <node id="13608529946" lat="40.5526447" lon="32.2153660"/>
  <node id="13608529947" lat="40.5527640" lon="32.2156438"/>
  <node id="13608529948" lat="40.5529383" lon="32.2157887"/>
  <node id="13608529949" lat="40.5531310" lon="32.2161026"/>
  <node id="13608529950" lat="40.5532594" lon="32.2162113"/>
  <node id="13608529951" lat="40.5534062" lon="32.2162838"/>
  <node id="13608529952" lat="40.5535897" lon="32.2164890"/>
  <node id="13608529953" lat="40.5538466" lon="32.2168996"/>
  <node id="13608529954" lat="40.5538466" lon="32.2172377"/>
  <node id="13608529961" lat="40.5493416" lon="32.2239396"/>
  <node id="13608529962" lat="40.5476258" lon="32.2262219"/>
  <node id="13608529963" lat="40.5458181" lon="32.2290355"/>
  <node id="13608529964" lat="40.5450840" lon="32.2305207"/>
  <node id="13608529955" lat="40.5536723" lon="32.2175758"/>
  <node id="13608529956" lat="40.5529016" lon="32.2183124"/>
  <node id="13608529957" lat="40.5520025" lon="32.2198339"/>
  <node id="13608529958" lat="40.5513510" lon="32.2207879"/>
  <node id="13608529959" lat="40.5508189" lon="32.2218989"/>
  <node id="13608529960" lat="40.5504977" lon="32.2223939"/>
  <node id="13608529965" lat="40.5445885" lon="32.2317404"/>
  <node id="13608529966" lat="40.5441481" lon="32.2330445"/>
  <node id="13608529967" lat="40.5439737" lon="32.2338898"/>
  <node id="13608529968" lat="40.5439646" lon="32.2343607"/>
  <node id="13608529969" lat="40.5439095" lon="32.2351819"/>
  <node id="13608529970" lat="40.5439187" lon="32.2377056"/>
  <node id="13608529971" lat="40.5439829" lon="32.2386838"/>
  <node id="13608529972" lat="40.5440563" lon="32.2407004"/>
  <node id="13608529973" lat="40.5440380" lon="32.2426083"/>
  <node id="13608529974" lat="40.5440563" lon="32.2451321"/>
  <node id="13608529975" lat="40.5440013" lon="32.2437555"/>
  <node id="13608529976" lat="40.5441848" lon="32.2463396"/>
  <node id="13608529977" lat="40.5443591" lon="32.2470641"/>
  <node id="13608529978" lat="40.5444142" lon="32.2476558"/>
  <node id="13608529979" lat="40.5445151" lon="32.2483079"/>
  <node id="13608529980" lat="40.5445518" lon="32.2488272"/>
  <node id="13608529981" lat="40.5446252" lon="32.2492498"/>
  <node id="13608529982" lat="40.5446803" lon="32.2495638"/>
  <node id="13608529983" lat="40.5448179" lon="32.2502158"/>
  <node id="13608529984" lat="40.5449464" lon="32.2508317"/>
  <node id="13608529985" lat="40.5451116" lon="32.2514355"/>
  <node id="13608529986" lat="40.5452033" lon="32.2519789"/>
  <node id="13608529987" lat="40.5452859" lon="32.2524739"/>
  <node id="13608529988" lat="40.5454786" lon="32.2529087"/>
  <node id="13608529989" lat="40.5458090" lon="32.2534883"/>
  <node id="13608529990" lat="40.5461393" lon="32.2538385"/>
  <node id="13608529991" lat="40.5474331" lon="32.2540075"/>
  <node id="13608529992" lat="40.5484608" lon="32.2538143"/>
  <node id="13608529993" lat="40.5491122" lon="32.2537660"/>
  <node id="13608529994" lat="40.5502316" lon="32.2535124"/>
  <node id="13850121599" lat="40.5452446" lon="32.2522264"/>
  <node id="13608529995" lat="40.5513877" lon="32.2538264"/>
  <node id="13608529996" lat="40.5519749" lon="32.2541283"/>
  <node id="13608529997" lat="40.5527915" lon="32.2545147"/>
  <node id="13608529998" lat="40.5539934" lon="32.2553238"/>
  <node id="13608529999" lat="40.5548926" lon="32.2558309"/>
  <node id="13608530000" lat="40.5555348" lon="32.2557947"/>
  <node id="13608530001" lat="40.5561678" lon="32.2555773"/>
  <node id="13608530002" lat="40.5574706" lon="32.2549615"/>
  <node id="13608530003" lat="40.5588926" lon="32.2547200"/>
  <node id="13608530004" lat="40.5591770" lon="32.2546958"/>
  <node id="13608530005" lat="40.5596633" lon="32.2547683"/>
  <node id="13608530006" lat="40.5603146" lon="32.2549736"/>
  <node id="13608530007" lat="40.5608284" lon="32.2549856"/>
  <node id="13608530008" lat="40.5609568" lon="32.2548890"/>
  <node id="13608530009" lat="40.5611128" lon="32.2547804"/>
  <node id="13608530010" lat="40.5613513" lon="32.2546475"/>
  <node id="13608530011" lat="40.5617182" lon="32.2544302"/>
  <node id="13608530012" lat="40.5619476" lon="32.2543698"/>
  <node id="13608530013" lat="40.5625072" lon="32.2546596"/>
  <node id="13608530014" lat="40.5629659" lon="32.2550702"/>
  <node id="13608530015" lat="40.5632502" lon="32.2554687"/>
  <node id="13608530016" lat="40.5636355" lon="32.2565796"/>
  <node id="13608530017" lat="40.5636906" lon="32.2572558"/>
  <node id="13608530018" lat="40.5638740" lon="32.2580045"/>
  <node id="13608530019" lat="40.5640575" lon="32.2587290"/>
  <node id="13608530020" lat="40.5643327" lon="32.2595502"/>
  <node id="13608530021" lat="40.5645712" lon="32.2602747"/>
  <node id="13608530022" lat="40.5650666" lon="32.2607577"/>
  <node id="13608530023" lat="40.5658922" lon="32.2614822"/>
  <node id="13608530024" lat="40.5663325" lon="32.2619411"/>
  <node id="13608530025" lat="40.5668645" lon="32.2626898"/>
  <node id="13608530026" lat="40.5674149" lon="32.2636075"/>
  <node id="13608530027" lat="40.5676534" lon="32.2640181"/>
  <node id="13608530028" lat="40.5678919" lon="32.2645494"/>
  <node id="13608530029" lat="40.5679653" lon="32.2652981"/>
  <node id="13608530030" lat="40.5679470" lon="32.2661917"/>
  <node id="13608530031" lat="40.5683322" lon="32.2668196"/>
  <node id="13608530032" lat="40.5688276" lon="32.2673751"/>
  <node id="13608530033" lat="40.5693229" lon="32.2677373"/>
  <node id="13608530034" lat="40.5697999" lon="32.2688966"/>
  <node id="13608530035" lat="40.5699099" lon="32.2695245"/>
  <node id="13608530036" lat="40.5698366" lon="32.2700800"/>
  <node id="13608530037" lat="40.5693596" lon="32.2717705"/>
  <node id="13608530038" lat="40.5692312" lon="32.2720362"/>
  <node id="13608530039" lat="40.5691761" lon="32.2726883"/>
  <node id="13608530040" lat="40.5691394" lon="32.2730747"/>
  <node id="13608530041" lat="40.5687909" lon="32.2740649"/>
  <node id="13608530042" lat="40.5687725" lon="32.2749343"/>
  <node id="13608530043" lat="40.5687725" lon="32.2754656"/>
  <node id="13608530044" lat="40.5687175" lon="32.2759245"/>
  <node id="13608530045" lat="40.5688092" lon="32.2766249"/>
  <node id="13608530046" lat="40.5688642" lon="32.2770596"/>
  <node id="13608530047" lat="40.5688642" lon="32.2774943"/>
  <node id="13608530048" lat="40.5689743" lon="32.2782188"/>
  <node id="13608530049" lat="40.5689376" lon="32.2799819"/>
  <node id="13608530050" lat="40.5688826" lon="32.2805856"/>
  <node id="13608530051" lat="40.5687542" lon="32.2818898"/>
  <node id="13608530052" lat="40.5684423" lon="32.2838460"/>
  <node id="13608530053" lat="40.5678736" lon="32.2865751"/>
  <node id="13608530054" lat="40.5675433" lon="32.2883381"/>
  <node id="13608530055" lat="40.5674700" lon="32.2891351"/>
  <node id="13608530056" lat="40.5674883" lon="32.2907773"/>
  <node id="13608530057" lat="40.5675984" lon="32.2914053"/>
  <node id="13608530058" lat="40.5674700" lon="32.2941826"/>
  <node id="13608530059" lat="40.5680020" lon="32.2959698"/>
  <node id="13608530064" lat="40.5731020" lon="32.2957524"/>
  <node id="13608530065" lat="40.5737624" lon="32.2956558"/>
  <node id="13608530066" lat="40.5753690" lon="32.2959420"/>
  <node id="13608530133" lat="40.5407430" lon="32.3618600"/>
  <node id="13608530134" lat="40.5434390" lon="32.3660580"/>
  <node id="13608530135" lat="40.5429560" lon="32.3648190"/>
  <node id="13608530060" lat="40.5682588" lon="32.2961871"/>
  <node id="13608530061" lat="40.5691211" lon="32.2966460"/>
  <node id="13608530062" lat="40.5702952" lon="32.2966702"/>
  <node id="13608530063" lat="40.5711758" lon="32.2963804"/>
  <node id="13608530067" lat="40.5785310" lon="32.2979160"/>
  <node id="13608530068" lat="40.5815620" lon="32.3006630"/>
  <node id="13849041360" lat="40.5781715" lon="32.2976916"/>
  <node id="13608530069" lat="40.5844960" lon="32.3046970"/>
  <node id="13608530070" lat="40.5872441" lon="32.3071758"/>
  <node id="13608530071" lat="40.5883995" lon="32.3094219"/>
  <node id="13608530072" lat="40.5883670" lon="32.3110010"/>
  <node id="13608530073" lat="40.5880210" lon="32.3140840"/>
  <node id="13608530074" lat="40.5882270" lon="32.3163700"/>
  <node id="13608530075" lat="40.5885340" lon="32.3182770"/>
  <node id="13608530076" lat="40.5899034" lon="32.3202656"/>
  <node id="13608530077" lat="40.5914806" lon="32.3211834"/>
  <node id="13608530087" lat="40.5892248" lon="32.3283804"/>
  <node id="13608530088" lat="40.5874642" lon="32.3293705"/>
  <node id="13608530089" lat="40.5844970" lon="32.3301460"/>
  <node id="13608530078" lat="40.5924893" lon="32.3224634"/>
  <node id="13608530079" lat="40.5925810" lon="32.3230188"/>
  <node id="13608530080" lat="40.5926543" lon="32.3234536"/>
  <node id="13608530081" lat="40.5925810" lon="32.3237917"/>
  <node id="13608530082" lat="40.5918474" lon="32.3252166"/>
  <node id="13608530083" lat="40.5914990" lon="32.3259653"/>
  <node id="13608530084" lat="40.5911138" lon="32.3265690"/>
  <node id="13608530085" lat="40.5906003" lon="32.3271004"/>
  <node id="13608530086" lat="40.5900134" lon="32.3277524"/>
  <node id="13608530090" lat="40.5849420" lon="32.3355800"/>
  <node id="13608530091" lat="40.5854980" lon="32.3363420"/>
  <node id="13608530092" lat="40.5855060" lon="32.3376560"/>
  <node id="13608530093" lat="40.5884720" lon="32.3395540"/>
  <node id="13608530094" lat="40.5893790" lon="32.3410350"/>
  <node id="13608530095" lat="40.5914623" lon="32.3430883"/>
  <node id="13608530096" lat="40.5932595" lon="32.3442717"/>
  <node id="13608530097" lat="40.5941948" lon="32.3439577"/>
  <node id="13608530098" lat="40.5953685" lon="32.3465419"/>
  <node id="13608530099" lat="40.5955335" lon="32.3470490"/>
  <node id="13608530100" lat="40.5956252" lon="32.3479668"/>
  <node id="13608530132" lat="40.5489420" lon="32.3614670"/>
  <node id="13608530129" lat="40.5526790" lon="32.3604230"/>
  <node id="13608530130" lat="40.5518510" lon="32.3600900"/>
  <node id="13608530131" lat="40.5515050" lon="32.3606590"/>
  <node id="13608530136" lat="40.5439690" lon="32.3669670"/>
  <node id="13608530137" lat="40.5445910" lon="32.3696280"/>
  <node id="13608530128" lat="40.5545060" lon="32.3629000"/>
  <node id="13608530121" lat="40.5697300" lon="32.3592420"/>
  <node id="13608530122" lat="40.5695340" lon="32.3599510"/>
  <node id="13608530123" lat="40.5681750" lon="32.3603790"/>
  <node id="13608530125" lat="40.5631730" lon="32.3645270"/>
  <node id="13608530126" lat="40.5600800" lon="32.3631910"/>
  <node id="13608530127" lat="40.5577980" lon="32.3618600"/>
  <node id="13608530124" lat="40.5659070" lon="32.3641040"/>
  <node id="13608530138" lat="40.5471150" lon="32.3748460"/>
  <node id="13608530139" lat="40.5477210" lon="32.3773530"/>
  <node id="13608530140" lat="40.5492223" lon="32.3796770"/>
  <node id="13608530141" lat="40.5504518" lon="32.3834324"/>
  <node id="13608530142" lat="40.5509106" lon="32.3852196"/>
  <node id="13608530143" lat="40.5518373" lon="32.3865721"/>
  <node id="13608530144" lat="40.5518373" lon="32.3868498"/>
  <node id="13608530145" lat="40.5518006" lon="32.3872604"/>
  <node id="13608530146" lat="40.5516510" lon="32.3876420"/>
  <node id="13608530147" lat="40.5501650" lon="32.3894150"/>
  <node id="13608530148" lat="40.5493090" lon="32.3912390"/>
  <node id="13608530149" lat="40.5488230" lon="32.3919680"/>
  <node id="13608530150" lat="40.5471303" lon="32.3986355"/>
  <node id="13608530151" lat="40.5474239" lon="32.3994445"/>
  <node id="13608530152" lat="40.5464990" lon="32.3973300"/>
  <node id="13608530153" lat="40.5474881" lon="32.3998068"/>
  <node id="13608530154" lat="40.5475524" lon="32.3999275"/>
  <node id="13608530155" lat="40.5476533" lon="32.4003260"/>
  <node id="13608530156" lat="40.5476349" lon="32.4005917"/>
  <node id="13608530157" lat="40.5476900" lon="32.4008936"/>
  <node id="13608530120" lat="40.5702840" lon="32.3597570"/>
  <node id="13608530119" lat="40.5722630" lon="32.3643790"/>
  <node id="13608530116" lat="40.5761471" lon="32.3702822"/>
  <node id="13608530117" lat="40.5744228" lon="32.3701373"/>
  <node id="13608530118" lat="40.5731203" lon="32.3685434"/>
  <node id="13608530110" lat="40.5829155" lon="32.3734702"/>
  <node id="13608530111" lat="40.5827138" lon="32.3735668"/>
  <node id="13608530112" lat="40.5825120" lon="32.3737117"/>
  <node id="13608530113" lat="40.5821635" lon="32.3738324"/>
  <node id="13608530114" lat="40.5811364" lon="32.3741464"/>
  <node id="13608530115" lat="40.5774311" lon="32.3711034"/>
  <node id="13608530101" lat="40.5954968" lon="32.3544634"/>
  <node id="13608530102" lat="40.5957903" lon="32.3578204"/>
  <node id="13608530106" lat="40.5887663" lon="32.3676256"/>
  <node id="13608530105" lat="40.5883628" lon="32.3689781"/>
  <node id="13608530107" lat="40.5880327" lon="32.3720211"/>
  <node id="13608530109" lat="40.5836676" lon="32.3744604"/>
  <node id="13608530103" lat="40.5948733" lon="32.3620709"/>
  <node id="13608530104" lat="40.5928210" lon="32.3658290"/>
  <node id="13608530108" lat="40.5861803" lon="32.3748709"/>
  <node id="13608530158" lat="40.5476900" lon="32.4012196"/>
  <node id="13608530159" lat="40.5478368" lon="32.4020166"/>
  <node id="13608530160" lat="40.5479469" lon="32.4022581"/>
  <node id="13608530161" lat="40.5481671" lon="32.4024996"/>
  <node id="13608530162" lat="40.5482589" lon="32.4029585"/>
  <node id="13608530163" lat="40.5482589" lon="32.4032724"/>
  <node id="13608530164" lat="40.5480662" lon="32.4045645"/>
  <node id="13608530165" lat="40.5479377" lon="32.4054460"/>
  <node id="13608530166" lat="40.5479102" lon="32.4057238"/>
  <node id="13608530167" lat="40.5480754" lon="32.4065328"/>
  <node id="13608530168" lat="40.5485342" lon="32.4077766"/>
  <node id="13608530169" lat="40.5487085" lon="32.4082596"/>
  <node id="13608530170" lat="40.5489012" lon="32.4089358"/>
  <node id="13608530171" lat="40.5490021" lon="32.4092136"/>
  <node id="13608530172" lat="40.5490205" lon="32.4095758"/>
  <node id="13608530173" lat="40.5491673" lon="32.4100830"/>
  <node id="13608530174" lat="40.5493416" lon="32.4105056"/>
  <node id="13608530175" lat="40.5495159" lon="32.4115321"/>
  <node id="13608530176" lat="40.5497086" lon="32.4120996"/>
  <node id="13608530177" lat="40.5499013" lon="32.4124981"/>
  <node id="13608530179" lat="40.5503810" lon="32.4128580"/>
  <node id="13608530178" lat="40.5526264" lon="32.4140679"/>
  <node id="13608530180" lat="40.5531035" lon="32.4145389"/>
  <node id="13608530181" lat="40.5532411" lon="32.4146958"/>
  <node id="13608530182" lat="40.5534062" lon="32.4148287"/>
  <node id="13608530183" lat="40.5535347" lon="32.4149373"/>
  <node id="13608530184" lat="40.5536631" lon="32.4149856"/>
  <node id="13608530185" lat="40.5539567" lon="32.4149856"/>
  <node id="13608530186" lat="40.5541861" lon="32.4151064"/>
  <node id="13608530187" lat="40.5544614" lon="32.4151064"/>
  <node id="13608530188" lat="40.5546357" lon="32.4152151"/>
  <node id="13608530189" lat="40.5544980" lon="32.4157947"/>
  <node id="13608530190" lat="40.5544155" lon="32.4164709"/>
  <node id="13608530191" lat="40.5544430" lon="32.4170868"/>
  <node id="13608530192" lat="40.5547240" lon="32.4153710"/>
  <node id="13608530193" lat="40.5545990" lon="32.4178717"/>
  <node id="13608530194" lat="40.5548100" lon="32.4187773"/>
  <node id="13608530195" lat="40.5550027" lon="32.4194173"/>
  <node id="13608530196" lat="40.5551953" lon="32.4199124"/>
  <node id="13608530197" lat="40.5553788" lon="32.4204438"/>
  <node id="13608530198" lat="40.5554247" lon="32.4206490"/>
  <node id="13608530199" lat="40.5556449" lon="32.4211683"/>
  <node id="13608530200" lat="40.5557825" lon="32.4220739"/>
  <node id="13608530201" lat="40.5557642" lon="32.4225449"/>
  <node id="13608530202" lat="40.5555531" lon="32.4233419"/>
  <node id="13608530203" lat="40.5553972" lon="32.4236075"/>
  <node id="13608530204" lat="40.5551586" lon="32.4238370"/>
  <node id="13608530205" lat="40.5548559" lon="32.4241992"/>
  <node id="13608530206" lat="40.5545439" lon="32.4246098"/>
  <node id="13608530207" lat="40.5543788" lon="32.4250204"/>
  <node id="13608530208" lat="40.5543604" lon="32.4254551"/>
  <node id="13608530209" lat="40.5544063" lon="32.4259139"/>
  <node id="13608530210" lat="40.5544797" lon="32.4263004"/>
  <node id="13608530211" lat="40.5545970" lon="32.4267340"/>
  <node id="13608530212" lat="40.5540480" lon="32.4288730"/>
  <node id="13608530213" lat="40.5538920" lon="32.4302760"/>
  <node id="13608530214" lat="40.5556480" lon="32.4306660"/>
  <node id="13608530215" lat="40.5561000" lon="32.4309370"/>
  <node id="13608530216" lat="40.5570669" lon="32.4331713"/>
  <node id="13608530217" lat="40.5573147" lon="32.4337147"/>
  <node id="13608530218" lat="40.5575348" lon="32.4340407"/>
  <node id="13608530219" lat="40.5576816" lon="32.4341856"/>
  <node id="13608530220" lat="40.5581770" lon="32.4345962"/>
  <node id="13608530221" lat="40.5583238" lon="32.4346807"/>
  <node id="13608530222" lat="40.5585991" lon="32.4348498"/>
  <node id="13608530223" lat="40.5587367" lon="32.4350792"/>
  <node id="13608530224" lat="40.5591403" lon="32.4355139"/>
  <node id="13608530225" lat="40.5593605" lon="32.4358158"/>
  <node id="13608530226" lat="40.5597550" lon="32.4369751"/>
  <node id="13608530227" lat="40.5598743" lon="32.4375185"/>
  <node id="13608530228" lat="40.5599660" lon="32.4379411"/>
  <node id="13608530229" lat="40.5600210" lon="32.4382913"/>
  <node id="13608530230" lat="40.5600577" lon="32.4392936"/>
  <node id="13608530231" lat="40.5600944" lon="32.4398732"/>
  <node id="13608530232" lat="40.5601128" lon="32.4402113"/>
  <node id="13608530233" lat="40.5601311" lon="32.4406339"/>
  <node id="13608530234" lat="40.5600027" lon="32.4422521"/>
  <node id="13608530235" lat="40.5599752" lon="32.4430732"/>
  <node id="13608530236" lat="40.5600577" lon="32.4436287"/>
  <node id="13608530237" lat="40.5601128" lon="32.4441117"/>
  <node id="13608530238" lat="40.5604431" lon="32.4443532"/>
  <node id="13608530239" lat="40.5609568" lon="32.4445705"/>
  <node id="13608530240" lat="40.5612871" lon="32.4449328"/>
  <node id="13608530241" lat="40.5615256" lon="32.4453192"/>
  <node id="13608530242" lat="40.5619292" lon="32.4464543"/>
  <node id="13608530303" lat="40.5618080" lon="32.4459510"/>
  <node id="13608530243" lat="40.5618925" lon="32.4473962"/>
  <node id="13608530244" lat="40.5618925" lon="32.4480724"/>
  <node id="13608530245" lat="40.5618558" lon="32.4485313"/>
  <node id="13608530246" lat="40.5614705" lon="32.4497630"/>
  <node id="13608530247" lat="40.5610790" lon="32.4505310"/>
  <node id="13608530248" lat="40.5623300" lon="32.4504800"/>
  <node id="13608530249" lat="40.5628730" lon="32.4508830"/>
  <node id="13608530250" lat="40.5644680" lon="32.4514330"/>
  <node id="13608530251" lat="40.5652684" lon="32.4531441"/>
  <node id="13608530252" lat="40.5655895" lon="32.4529872"/>
  <node id="13608530253" lat="40.5658647" lon="32.4527456"/>
  <node id="13608530254" lat="40.5670663" lon="32.4524679"/>
  <node id="13608530255" lat="40.5672498" lon="32.4524075"/>
  <node id="13608530256" lat="40.5681763" lon="32.4526249"/>
  <node id="13608530257" lat="40.5684606" lon="32.4526853"/>
  <node id="13608530258" lat="40.5688000" lon="32.4531441"/>
  <node id="13608530306" lat="40.5804577" lon="32.4528060"/>
  <node id="13608530307" lat="40.5812097" lon="32.4482656"/>
  <node id="13608530312" lat="40.5894633" lon="32.4398853"/>
  <node id="13608530318" lat="40.5914348" lon="32.4334973"/>
  <node id="13608530319" lat="40.5911138" lon="32.4319275"/>
  <node id="13608530320" lat="40.5921408" lon="32.4316860"/>
  <node id="13608530321" lat="40.5923242" lon="32.4316136"/>
  <node id="13608530322" lat="40.5925260" lon="32.4316015"/>
  <node id="13608530323" lat="40.5928010" lon="32.4316015"/>
  <node id="13608530324" lat="40.5930670" lon="32.4316015"/>
  <node id="13608530325" lat="40.5934246" lon="32.4317706"/>
  <node id="13608530326" lat="40.5936996" lon="32.4318189"/>
  <node id="13608530327" lat="40.5938922" lon="32.4318672"/>
  <node id="13608530328" lat="40.5942865" lon="32.4318551"/>
  <node id="13608530329" lat="40.5944149" lon="32.4320845"/>
  <node id="13608530330" lat="40.5944149" lon="32.4324830"/>
  <node id="13608530331" lat="40.5945341" lon="32.4326400"/>
  <node id="13608530332" lat="40.5945432" lon="32.4331351"/>
  <node id="13608530333" lat="40.5946074" lon="32.4334007"/>
  <node id="13608530334" lat="40.5948183" lon="32.4336664"/>
  <node id="13608530335" lat="40.5949558" lon="32.4336906"/>
  <node id="13608530313" lat="40.5904628" lon="32.4379653"/>
  <node id="13608530314" lat="40.5907012" lon="32.4376513"/>
  <node id="13608530315" lat="40.5912422" lon="32.4362385"/>
  <node id="13608530316" lat="40.5914073" lon="32.4355743"/>
  <node id="13608530317" lat="40.5914990" lon="32.4346687"/>
  <node id="13608530336" lat="40.5952768" lon="32.4337992"/>
  <node id="13608530337" lat="40.5954051" lon="32.4337992"/>
  <node id="13608530338" lat="40.5955243" lon="32.4337992"/>
  <node id="13608530339" lat="40.5957352" lon="32.4337751"/>
  <node id="13608530340" lat="40.5959003" lon="32.4337751"/>
  <node id="13608530341" lat="40.5961200" lon="32.4339390"/>
  <node id="13608530308" lat="40.5839060" lon="32.4449811"/>
  <node id="13608530309" lat="40.5865655" lon="32.4427109"/>
  <node id="13608530310" lat="40.5879594" lon="32.4416966"/>
  <node id="13608530311" lat="40.5887480" lon="32.4408271"/>
  <node id="13608530259" lat="40.5690569" lon="32.4535306"/>
  <node id="13608530260" lat="40.5692954" lon="32.4535306"/>
  <node id="13608530261" lat="40.5695705" lon="32.4535789"/>
  <node id="13608530262" lat="40.5699191" lon="32.4536513"/>
  <node id="13608530263" lat="40.5701943" lon="32.4537600"/>
  <node id="13608530264" lat="40.5703594" lon="32.4539290"/>
  <node id="13608530265" lat="40.5705520" lon="32.4538324"/>
  <node id="13608530266" lat="40.5707813" lon="32.4537841"/>
  <node id="13608530267" lat="40.5709189" lon="32.4537358"/>
  <node id="13608530268" lat="40.5712216" lon="32.4537600"/>
  <node id="13608530270" lat="40.5718545" lon="32.4539532"/>
  <node id="13608530271" lat="40.5719921" lon="32.4541343"/>
  <node id="13608530272" lat="40.5721939" lon="32.4543034"/>
  <node id="13608530273" lat="40.5723957" lon="32.4544241"/>
  <node id="13608530274" lat="40.5725516" lon="32.4544362"/>
  <node id="13608530275" lat="40.5726525" lon="32.4544724"/>
  <node id="13608530276" lat="40.5729093" lon="32.4546777"/>
  <node id="13608530277" lat="40.5730561" lon="32.4553177"/>
  <node id="13608530278" lat="40.5731478" lon="32.4555351"/>
  <node id="13608530279" lat="40.5737624" lon="32.4560423"/>
  <node id="13608530280" lat="40.5738541" lon="32.4562717"/>
  <node id="13608530281" lat="40.5743494" lon="32.4573222"/>
  <node id="13608530282" lat="40.5744961" lon="32.4577087"/>
  <node id="13608530283" lat="40.5747896" lon="32.4583366"/>
  <node id="13608530284" lat="40.5749731" lon="32.4591336"/>
  <node id="13608530285" lat="40.5752482" lon="32.4599305"/>
  <node id="13608530269" lat="40.5760187" lon="32.4608724"/>
  <node id="13608530286" lat="40.5755050" lon="32.4604377"/>
  <node id="13608530301" lat="40.5822002" lon="32.4593026"/>
  <node id="13608530302" lat="40.5811731" lon="32.4579018"/>
  <node id="13608530304" lat="40.5794305" lon="32.4554626"/>
  <node id="13608530305" lat="40.5793938" lon="32.4550279"/>
  <node id="13608530287" lat="40.5781832" lon="32.4623939"/>
  <node id="13608530288" lat="40.5786601" lon="32.4628770"/>
  <node id="13608530289" lat="40.5788252" lon="32.4630943"/>
  <node id="13608530290" lat="40.5791370" lon="32.4632392"/>
  <node id="13608530291" lat="40.5794122" lon="32.4632875"/>
  <node id="13608530292" lat="40.5826588" lon="32.4642777"/>
  <node id="13608530293" lat="40.5834475" lon="32.4645434"/>
  <node id="13608530294" lat="40.5837409" lon="32.4643019"/>
  <node id="13608530295" lat="40.5837776" lon="32.4638671"/>
  <node id="13608530296" lat="40.5838143" lon="32.4633600"/>
  <node id="13608530297" lat="40.5837776" lon="32.4629011"/>
  <node id="13608530298" lat="40.5837226" lon="32.4623456"/>
  <node id="13608530299" lat="40.5836859" lon="32.4618385"/>
  <node id="13608530300" lat="40.5834108" lon="32.4606551"/>
  <node id="13608530347" lat="40.6022267" lon="32.4336060"/>
  <node id="13608530348" lat="40.6023917" lon="32.4332437"/>
  <node id="13608530349" lat="40.6025017" lon="32.4330505"/>
  <node id="13608530350" lat="40.6027951" lon="32.4328573"/>
  <node id="13608530342" lat="40.5970100" lon="32.4347310"/>
  <node id="13608530343" lat="40.6011632" lon="32.4349102"/>
  <node id="13608530344" lat="40.6014565" lon="32.4347411"/>
  <node id="13608530345" lat="40.6017133" lon="32.4345721"/>
  <node id="13608530346" lat="40.5986430" lon="32.4373990"/>
  <node id="13608530351" lat="40.6042070" lon="32.4321087"/>
  <node id="13608530352" lat="40.6036019" lon="32.4323502"/>
  <node id="13608530353" lat="40.6052705" lon="32.4315049"/>
  <node id="13608530354" lat="40.6056005" lon="32.4312392"/>
  <node id="13608530355" lat="40.6058755" lon="32.4311668"/>
  <node id="13608530356" lat="40.6062606" lon="32.4312151"/>
  <node id="13608530357" lat="40.6068473" lon="32.4316739"/>
  <node id="13608530358" lat="40.6069940" lon="32.4320121"/>
  <node id="13608530359" lat="40.6071407" lon="32.4330988"/>
  <node id="13608530360" lat="40.6072324" lon="32.4340166"/>
  <node id="13608530361" lat="40.6077457" lon="32.4357554"/>
  <node id="13608530362" lat="40.6078557" lon="32.4360936"/>
  <node id="13608530363" lat="40.6080758" lon="32.4364317"/>
  <node id="13608530364" lat="40.6082224" lon="32.4366249"/>
  <node id="13608530365" lat="40.6084975" lon="32.4368422"/>
  <node id="13608530366" lat="40.6087908" lon="32.4371321"/>
  <node id="13608530367" lat="40.6091470" lon="32.4372630"/>
  <node id="13608530368" lat="40.6114940" lon="32.4372680"/>
  <node id="13608530369" lat="40.6123890" lon="32.4382710"/>
  <node id="13608530370" lat="40.6129400" lon="32.4402360"/>
  <node id="13608530371" lat="40.6136860" lon="32.4395070"/>
  <node id="13608530372" lat="40.6152950" lon="32.4396290"/>
  <node id="13608530373" lat="40.6159410" lon="32.4367456"/>
  <node id="13608530374" lat="40.6158676" lon="32.4365404"/>
  <node id="13608530377" lat="40.6178660" lon="32.4333220"/>
  <node id="13608530375" lat="40.6167680" lon="32.4344980"/>
  <node id="13608530376" lat="40.6191308" lon="32.4345237"/>
  <node id="13608530378" lat="40.6206980" lon="32.4354210"/>
  <node id="13608529101" lat="40.6329425" lon="32.4208259"/>
  <node id="13608529102" lat="40.6305557" lon="32.4252897"/>
  <node id="11896483241" lat="40.6476813" lon="32.4181719"/>
  <node id="13608517300" lat="40.6431356" lon="32.4170923"/>
  <node id="13825069821" lat="40.6424411" lon="32.4173467"/>
  <node id="13608530379" lat="40.6229254" lon="32.4376996"/>
  <node id="13608530380" lat="40.6234386" lon="32.4377841"/>
  <node id="13608530381" lat="40.6236128" lon="32.4381223"/>
  <node id="13608530382" lat="40.6236586" lon="32.4387260"/>
  <node id="13608530383" lat="40.6237850" lon="32.4390490"/>
  <node id="13608530384" lat="40.6241090" lon="32.4396330"/>
  <node id="13608530387" lat="40.6247240" lon="32.4361460"/>
  <node id="13608530385" lat="40.6246040" lon="32.4411250"/>
  <node id="13608530386" lat="40.6249970" lon="32.4411590"/>
  <node id="13825069822" lat="40.6502670" lon="32.4187660"/>
  <node id="13825069823" lat="40.6600990" lon="32.4185940"/>
  <node id="13825069824" lat="40.6611080" lon="32.4288510"/>
  <node id="13825069825" lat="40.6668050" lon="32.4332280"/>
  <node id="13825069827" lat="40.6747470" lon="32.4303530"/>
  <node id="13825069826" lat="40.6694740" lon="32.4341900"/>
  <node id="13825069828" lat="40.6799870" lon="32.4316840"/>
  <node id="13825069829" lat="40.6855850" lon="32.4292370"/>
  <node id="13825069831" lat="40.6847060" lon="32.4382930"/>
  <node id="13825069832" lat="40.6849650" lon="32.4438420"/>
  <node id="13825069833" lat="40.6861050" lon="32.4493650"/>
  <node id="13825069834" lat="40.6840230" lon="32.4523260"/>
  <node id="13825069830" lat="40.6883510" lon="32.4349020"/>
  <node id="13825069845" lat="40.6740290" lon="32.4995200"/>
  <node id="13825069835" lat="40.6850840" lon="32.4597320"/>
  <node id="13825069836" lat="40.6847250" lon="32.4607580"/>
  <node id="13825069837" lat="40.6845950" lon="32.4626130"/>
  <node id="13825069838" lat="40.6835362" lon="32.4635894"/>
  <node id="13825069839" lat="40.6847060" lon="32.4627220"/>
  <node id="13825069840" lat="40.6817440" lon="32.4636810"/>
  <node id="13825069841" lat="40.6777740" lon="32.4731400"/>
  <node id="13825069842" lat="40.6759500" lon="32.4766850"/>
  <node id="13825069843" lat="40.6757960" lon="32.4828060"/>
  <node id="13825069844" lat="40.6754310" lon="32.4840400"/>
  <node id="13825069846" lat="40.6805700" lon="32.5014080"/>
  <node id="13825069847" lat="40.6840850" lon="32.5035110"/>
  <node id="13825069848" lat="40.6875350" lon="32.5038110"/>
  <node id="13825069849" lat="40.6902030" lon="32.5047990"/>
  <node id="13825069850" lat="40.6910900" lon="32.5041200"/>
  <node id="13825069852" lat="40.6972600" lon="32.5045480"/>
  <node id="13825069853" lat="40.6986590" lon="32.4993130"/>
  <node id="13825069851" lat="40.6965650" lon="32.5059000"/>
  <node id="25869410" lat="39.9207759" lon="32.8540497"/>
  <node id="1480085609" lat="39.8633776" lon="33.2940813"/>
  <node id="1480085611" lat="39.8647592" lon="33.3002143"/>
  <node id="1480085612" lat="39.8695687" lon="33.3061473"/>
  <node id="1480085622" lat="39.8884855" lon="33.3036708"/>
  <node id="1480085615" lat="39.8755547" lon="33.3117470"/>
  <node id="1480085618" lat="39.8818982" lon="33.3112803"/>
  <node id="1480085619" lat="39.8836380" lon="33.3070310"/>
  <node id="13479341638" lat="39.9001888" lon="33.3067231"/>
  <node id="1480085627" lat="39.9006440" lon="33.3147460"/>
  <node id="1480085628" lat="39.9050216" lon="33.3220522"/>
  <node id="1480085629" lat="39.9068216" lon="33.3223189"/>
  <node id="1480085630" lat="39.9091124" lon="33.3283985"/>
  <node id="1480085637" lat="39.9138307" lon="33.3314900"/>
  <node id="1480085635" lat="39.9137847" lon="33.3368105"/>
  <node id="7365636883" lat="39.9130281" lon="33.3399867"/>
  <node id="7365636881" lat="39.9175046" lon="33.3420467"/>
  <node id="7365636882" lat="39.9167805" lon="33.3391284"/>
  <node id="7365636880" lat="39.9186237" lon="33.3457374"/>
  <node id="7365636878" lat="39.9175046" lon="33.3556937"/>
  <node id="7365636879" lat="39.9174388" lon="33.3525180"/>
  <node id="7365636877" lat="39.9194795" lon="33.3592986"/>
  <node id="7365636876" lat="39.9221125" lon="33.3639335"/>
  <node id="7365636875" lat="39.9236923" lon="33.3666801"/>
  <node id="7365636871" lat="39.9260619" lon="33.3766364"/>
  <node id="7365636872" lat="39.9251075" lon="33.3743994"/>
  <node id="7365636873" lat="39.9248771" lon="33.3733749"/>
  <node id="7365636874" lat="39.9247455" lon="33.3709716"/>
  <node id="7365636870" lat="39.9352105" lon="33.3791255"/>
  <node id="7365636869" lat="39.9517274" lon="33.3829021"/>
  <node id="7365636868" lat="39.9581752" lon="33.3860778"/>
  <node id="7365636867" lat="39.9633724" lon="33.3896827"/>
  <node id="7365635765" lat="39.9512186" lon="33.4160353"/>
  <node id="7365635766" lat="39.9518489" lon="33.4143505"/>
  <node id="11863009967" lat="39.9525756" lon="33.4138581"/>
  <node id="11863009968" lat="39.9520311" lon="33.4146735"/>
  <node id="11863014469" lat="39.9534918" lon="33.4137706"/>
  <node id="7365635758" lat="39.9509753" lon="33.4209843"/>
  <node id="7365635759" lat="39.9506746" lon="33.4196376"/>
  <node id="7365635760" lat="39.9494653" lon="33.4198561"/>
  <node id="7365635761" lat="39.9489376" lon="33.4189828"/>
  <node id="7365635762" lat="39.9497392" lon="33.4176997"/>
  <node id="7365635764" lat="39.9499515" lon="33.4179633"/>
  <node id="7365635768" lat="39.9585630" lon="33.4089078"/>
  <node id="7365635769" lat="39.9590589" lon="33.4076973"/>
  <node id="7365635772" lat="39.9646658" lon="33.4034793"/>
  <node id="7365635774" lat="39.9642888" lon="33.3997355"/>
  <node id="7365635770" lat="39.9618702" lon="33.4057605"/>
  <node id="7365635767" lat="39.9550823" lon="33.4121915"/>
  <node id="11863014470" lat="39.9558433" lon="33.4119801"/>
  <node id="11863014471" lat="39.9560146" lon="33.4116907"/>
  <node id="11863014472" lat="39.9570771" lon="33.4110619"/>
  <node id="7365635756" lat="39.9547540" lon="33.4275340"/>
  <node id="7365635757" lat="39.9541802" lon="33.4265067"/>
  <node id="7365635755" lat="39.9574805" lon="33.4303920"/>
  <node id="11863009966" lat="39.9604195" lon="33.4343120"/>
  <node id="7365635753" lat="39.9655114" lon="33.4361975"/>
  <node id="7365635754" lat="39.9638389" lon="33.4358896"/>
  <node id="11863009965" lat="39.9669241" lon="33.4361075"/>
  <node id="1480085712" lat="39.9688479" lon="33.3895758"/>
  <node id="11863014473" lat="39.9673058" lon="33.3930061"/>
  <node id="7365635751" lat="39.9722502" lon="33.4328867"/>
  <node id="7365635752" lat="39.9691972" lon="33.4354604"/>
  <node id="7365635747" lat="39.9777745" lon="33.4348183"/>
  <node id="7365635748" lat="39.9777342" lon="33.4329014"/>
  <node id="7365635749" lat="39.9778618" lon="33.4316910"/>
  <node id="7365635750" lat="39.9744892" lon="33.4299373"/>
  <node id="11863009963" lat="39.9774279" lon="33.4303283"/>
  <node id="11863009964" lat="39.9763631" lon="33.4305930"/>
  <node id="7365635745" lat="39.9777244" lon="33.4428651"/>
  <node id="7365635746" lat="39.9772302" lon="33.4417545"/>
  <node id="11863009962" lat="39.9799128" lon="33.4452527"/>
  <node id="7365635742" lat="39.9857257" lon="33.4469582"/>
  <node id="7365635743" lat="39.9825861" lon="33.4469921"/>
  <node id="7365635744" lat="39.9812550" lon="33.4465220"/>
  <node id="11863009961" lat="39.9850454" lon="33.4469681"/>
  <node id="7365635741" lat="39.9876802" lon="33.4460649"/>
  <node id="11862414796" lat="39.9881419" lon="33.4480989"/>
  <node id="7365635736" lat="39.9762757" lon="33.4732803"/>
  <node id="7365635737" lat="39.9767255" lon="33.4699344"/>
  <node id="11862414786" lat="39.9864462" lon="33.4591874"/>
  <node id="11862414787" lat="39.9863567" lon="33.4581208"/>
  <node id="11862414788" lat="39.9864530" lon="33.4576824"/>
  <node id="7365635740" lat="39.9876649" lon="33.4518333"/>
  <node id="11862414790" lat="39.9885179" lon="33.4554376"/>
  <node id="11862414791" lat="39.9889543" lon="33.4542603"/>
  <node id="11862414792" lat="39.9888937" lon="33.4536425"/>
  <node id="11862414793" lat="39.9885340" lon="33.4529541"/>
  <node id="11862414794" lat="39.9874111" lon="33.4506595"/>
  <node id="11862414795" lat="39.9874935" lon="33.4496298"/>
  <node id="7365635739" lat="39.9868927" lon="33.4613278"/>
  <node id="11862414785" lat="39.9869765" lon="33.4607360"/>
  <node id="11862414789" lat="39.9876279" lon="33.4564926"/>
  <node id="7365635738" lat="39.9850209" lon="33.4638473"/>
  <node id="11862414783" lat="39.9824359" lon="33.4658711"/>
  <node id="11862414784" lat="39.9829885" lon="33.4660439"/>
  <node id="11862414775" lat="39.9767799" lon="33.4817372"/>
  <node id="11862414776" lat="39.9768376" lon="33.4811439"/>
  <node id="11862414777" lat="39.9763924" lon="33.4804844"/>
  <node id="11862414778" lat="39.9765597" lon="33.4798946"/>
  <node id="11862414779" lat="39.9762568" lon="33.4794418"/>
  <node id="11862414780" lat="39.9763880" lon="33.4784256"/>
  <node id="11862414781" lat="39.9760927" lon="33.4779377"/>
  <node id="11862414782" lat="39.9756127" lon="33.4764459"/>
  <node id="7365635730" lat="39.9741621" lon="33.4852876"/>
  <node id="7365635733" lat="39.9743238" lon="33.4847845"/>
  <node id="7365635734" lat="39.9752940" lon="33.4837657"/>
  <node id="7365635735" lat="39.9759915" lon="33.4824883"/>
  <node id="11862414774" lat="39.9762538" lon="33.4825294"/>
  <node id="7365635729" lat="39.9768252" lon="33.5017840"/>
  <node id="11862407455" lat="39.9793794" lon="33.4997285"/>
  <node id="11862407405" lat="39.9919547" lon="33.4793069"/>
  <node id="11862407416" lat="39.9925846" lon="33.4815073"/>
  <node id="11862407417" lat="39.9926281" lon="33.4799838"/>
  <node id="11862407418" lat="39.9914747" lon="33.4799627"/>
  <node id="11862407419" lat="39.9910020" lon="33.4800553"/>
  <node id="11862407420" lat="39.9909727" lon="33.4805961"/>
  <node id="11862407421" lat="39.9908137" lon="33.4807389"/>
  <node id="11862407422" lat="39.9905776" lon="33.4805189"/>
  <node id="11862407423" lat="39.9904411" lon="33.4806437"/>
  <node id="11862407424" lat="39.9904373" lon="33.4817047"/>
  <node id="11862407425" lat="39.9901462" lon="33.4825731"/>
  <node id="11862407426" lat="39.9902515" lon="33.4829494"/>
  <node id="11862407427" lat="39.9899739" lon="33.4832201"/>
  <node id="11862407428" lat="39.9901330" lon="33.4834521"/>
  <node id="11862407429" lat="39.9898549" lon="33.4836741"/>
  <node id="11862407430" lat="39.9898916" lon="33.4841009"/>
  <node id="11862407431" lat="39.9896912" lon="33.4844533"/>
  <node id="11862407432" lat="39.9896802" lon="33.4852632"/>
  <node id="11862407433" lat="39.9893196" lon="33.4852922"/>
  <node id="11862407434" lat="39.9894686" lon="33.4855992"/>
  <node id="11862407435" lat="39.9890544" lon="33.4863650"/>
  <node id="11862407436" lat="39.9891618" lon="33.4866225"/>
  <node id="11862407437" lat="39.9889718" lon="33.4866729"/>
  <node id="11862407438" lat="39.9888781" lon="33.4868606"/>
  <node id="11862407439" lat="39.9885983" lon="33.4868204"/>
  <node id="11862407440" lat="39.9885963" lon="33.4870629"/>
  <node id="11862407441" lat="39.9882471" lon="33.4870793"/>
  <node id="11862407442" lat="39.9882520" lon="33.4873787"/>
  <node id="11862407443" lat="39.9878459" lon="33.4880510"/>
  <node id="11862407398" lat="39.9858385" lon="33.4927594"/>
  <node id="11862407450" lat="39.9847185" lon="33.4941079"/>
  <node id="11862407451" lat="39.9839318" lon="33.4944328"/>
  <node id="11862407452" lat="39.9824539" lon="33.4942161"/>
  <node id="11862407453" lat="39.9819406" lon="33.4965769"/>
  <node id="11862407454" lat="39.9812150" lon="33.4965831"/>
  <node id="11862407444" lat="39.9877506" lon="33.4889552"/>
  <node id="11862407445" lat="39.9871269" lon="33.4906315"/>
  <node id="11862407446" lat="39.9873435" lon="33.4890218"/>
  <node id="11862407447" lat="39.9872673" lon="33.4892191"/>
  <node id="11862407448" lat="39.9875186" lon="33.4894152"/>
  <node id="11862407449" lat="39.9871601" lon="33.4897595"/>
  <node id="11862407402" lat="39.9955802" lon="33.4888589"/>
  <node id="11862407403" lat="39.9954766" lon="33.4877701"/>
  <node id="11862407404" lat="39.9958267" lon="33.4886317"/>
  <node id="11862407406" lat="39.9960339" lon="33.4864256"/>
  <node id="11862407407" lat="39.9958381" lon="33.4862296"/>
  <node id="11862407408" lat="39.9953901" lon="33.4863412"/>
  <node id="11862407409" lat="39.9953707" lon="33.4855410"/>
  <node id="11862407410" lat="39.9949766" lon="33.4854811"/>
  <node id="11862407411" lat="39.9948661" lon="33.4852545"/>
  <node id="11862407412" lat="39.9950113" lon="33.4846223"/>
  <node id="11862407413" lat="39.9944933" lon="33.4845401"/>
  <node id="11862407414" lat="39.9937156" lon="33.4834288"/>
  <node id="11862407415" lat="39.9936504" lon="33.4826486"/>
  <node id="11862407394" lat="39.9967971" lon="33.4910624"/>
  <node id="11862407396" lat="39.9995025" lon="33.4927981"/>
  <node id="11862407397" lat="39.9986303" lon="33.4917614"/>
  <node id="11862407399" lat="39.9966114" lon="33.4902158"/>
  <node id="11862407400" lat="39.9962623" lon="33.4901426"/>
  <node id="11862407401" lat="39.9959942" lon="33.4889450"/>
  <node id="11862407392" lat="40.0047397" lon="33.5015420"/>
  <node id="11862407393" lat="40.0028312" lon="33.5006634"/>
  <node id="11862407395" lat="40.0003893" lon="33.4966086"/>
  <node id="7365635721" lat="39.9780186" lon="33.5044768"/>
  <node id="7365635728" lat="39.9768245" lon="33.5028187"/>
  <node id="11862407456" lat="39.9790204" lon="33.5031010"/>
  <node id="11862414773" lat="39.9774810" lon="33.5035591"/>
  <node id="11862407390" lat="40.0183953" lon="33.5083556"/>
  <node id="11862407391" lat="40.0134452" lon="33.5085849"/>
  <node id="11862407388" lat="40.0217924" lon="33.5019504"/>
  <node id="11862407375" lat="40.0255771" lon="33.5084290"/>
  <node id="11862407376" lat="40.0254492" lon="33.5081130"/>
  <node id="11862407377" lat="40.0255417" lon="33.5079102"/>
  <node id="11862407378" lat="40.0251930" lon="33.5074590"/>
  <node id="11862407379" lat="40.0252964" lon="33.5059188"/>
  <node id="11862407380" lat="40.0254860" lon="33.5056289"/>
  <node id="11862407381" lat="40.0253219" lon="33.5054172"/>
  <node id="11862407382" lat="40.0253443" lon="33.5044615"/>
  <node id="11862407383" lat="40.0253313" lon="33.5030635"/>
  <node id="11862407384" lat="40.0255293" lon="33.5043956"/>
  <node id="11862407385" lat="40.0256304" lon="33.5039126"/>
  <node id="11862407386" lat="40.0242076" lon="33.5029782"/>
  <node id="11862407387" lat="40.0233252" lon="33.5022350"/>
  <node id="11862407389" lat="40.0213551" lon="33.5031968"/>
  <node id="11862407374" lat="40.0259348" lon="33.5088129"/>
  <node id="11862405957" lat="40.0285390" lon="33.5136737"/>
  <node id="11862405961" lat="40.0278393" lon="33.5128591"/>
  <node id="11862405962" lat="40.0278172" lon="33.5121959"/>
  <node id="11862405963" lat="40.0272870" lon="33.5124292"/>
  <node id="11862405964" lat="40.0270965" lon="33.5122770"/>
  <node id="11862405965" lat="40.0271624" lon="33.5118640"/>
  <node id="11862405966" lat="40.0268266" lon="33.5115056"/>
  <node id="11862405967" lat="40.0268344" lon="33.5110436"/>
  <node id="11862405968" lat="40.0266552" lon="33.5110159"/>
  <node id="11862407369" lat="40.0266661" lon="33.5103717"/>
  <node id="11862407370" lat="40.0263601" lon="33.5103105"/>
  <node id="11862407371" lat="40.0264604" lon="33.5101093"/>
  <node id="11862407372" lat="40.0262112" lon="33.5099688"/>
  <node id="11862407373" lat="40.0262409" lon="33.5096238"/>
  <node id="11862405949" lat="40.0293230" lon="33.5205834"/>
  <node id="11862405950" lat="40.0290062" lon="33.5202387"/>
  <node id="11862405951" lat="40.0289727" lon="33.5187325"/>
  <node id="11862405952" lat="40.0287776" lon="33.5179544"/>
  <node id="11862405953" lat="40.0289017" lon="33.5173293"/>
  <node id="11862405954" lat="40.0286958" lon="33.5169686"/>
  <node id="11862405955" lat="40.0289993" lon="33.5165178"/>
  <node id="11862405956" lat="40.0287990" lon="33.5162533"/>
  <node id="11862405958" lat="40.0290110" lon="33.5160456"/>
  <node id="11862405959" lat="40.0289830" lon="33.5156507"/>
  <node id="11862405960" lat="40.0286875" lon="33.5154688"/>
  <node id="7365635720" lat="40.0289538" lon="33.5235855"/>
  <node id="11862382779" lat="40.0286761" lon="33.5237377"/>
  <node id="11862382780" lat="40.0282090" lon="33.5243971"/>
  <node id="11862382781" lat="40.0283789" lon="33.5250441"/>
  <node id="11862382782" lat="40.0288224" lon="33.5252906"/>
  <node id="11862382783" lat="40.0294736" lon="33.5270406"/>
  <node id="11862382784" lat="40.0301530" lon="33.5277185"/>
  <node id="11862382785" lat="40.0306154" lon="33.5277924"/>
  <node id="11862382816" lat="40.0288115" lon="33.5230505"/>
  <node id="11862405948" lat="40.0290531" lon="33.5226598"/>
  <node id="11862382786" lat="40.0318138" lon="33.5293822"/>
  <node id="11862382787" lat="40.0336917" lon="33.5313171"/>
  <node id="11862382788" lat="40.0340125" lon="33.5320812"/>
  <node id="11862382789" lat="40.0338332" lon="33.5338313"/>
  <node id="973618770" lat="40.0368339" lon="33.5393278"/>
  <node id="11862382790" lat="40.0379662" lon="33.5398824"/>
  <node id="11862382791" lat="40.0388437" lon="33.5411518"/>
  <node id="11862382792" lat="40.0391173" lon="33.5420761"/>
  <node id="11862382793" lat="40.0394287" lon="33.5418913"/>
  <node id="11862382794" lat="40.0407213" lon="33.5433579"/>
  <node id="11862382795" lat="40.0421177" lon="33.5437646"/>
  <node id="11862382796" lat="40.0441745" lon="33.5431730"/>
  <node id="11862382797" lat="40.0446651" lon="33.5432962"/>
  <node id="11862382798" lat="40.0459860" lon="33.5430744"/>
  <node id="11862382799" lat="40.0465803" lon="33.5444301"/>
  <node id="11862382800" lat="40.0486276" lon="33.5472770"/>
  <node id="11862382801" lat="40.0538539" lon="33.5453174"/>
  <node id="11862382802" lat="40.0593251" lon="33.5451818"/>
  <node id="11862382803" lat="40.0618907" lon="33.5483492"/>
  <node id="11862382804" lat="40.0633150" lon="33.5536609"/>
  <node id="11862382805" lat="40.0662955" lon="33.5536239"/>
  <node id="7365635687" lat="40.0768770" lon="33.5449107"/>
  <node id="7365635688" lat="40.0757737" lon="33.5453297"/>
  <node id="7365635689" lat="40.0743874" lon="33.5476713"/>
  <node id="11862382809" lat="40.0726427" lon="33.5511591"/>
  <node id="11862382810" lat="40.0732840" lon="33.5484601"/>
  <node id="7365618884" lat="40.0809056" lon="33.5452345"/>
  <node id="7365635685" lat="40.0803575" lon="33.5447660"/>
  <node id="7365635686" lat="40.0795581" lon="33.5451211"/>
  <node id="11860859406" lat="40.0825694" lon="33.5457074"/>
  <node id="11860859407" lat="40.0823077" lon="33.5452013"/>
  <node id="11860859408" lat="40.0816761" lon="33.5456578"/>
  <node id="7365618881" lat="40.0835305" lon="33.5530755"/>
  <node id="7365618882" lat="40.0828898" lon="33.5504981"/>
  <node id="7365618883" lat="40.0820678" lon="33.5485743"/>
  <node id="11589069238" lat="40.4632519" lon="32.9899527"/>
  <node id="13894645842" lat="40.4616179" lon="32.9970796"/>
  <node id="13894645843" lat="40.4614606" lon="32.9996362"/>
  <node id="13894645841" lat="40.4700628" lon="32.9835729"/>
  <node id="13894645840" lat="40.4658177" lon="32.9868855"/>
  <node id="13894645837" lat="40.4755698" lon="32.9839681"/>
  <node id="11583826332" lat="40.4814673" lon="32.9798575"/>
  <node id="11583826333" lat="40.4784312" lon="32.9826623"/>
  <node id="13894645835" lat="40.4847287" lon="32.9780515"/>
  <node id="11418392110" lat="40.4872222" lon="32.9814732"/>
  <node id="11583826331" lat="40.4858793" lon="32.9807848"/>
  <node id="13894645834" lat="40.4853862" lon="32.9791254"/>
  <node id="13894645836" lat="40.4869036" lon="32.9813099"/>
  <node id="13894645850" lat="40.4652768" lon="33.0151240"/>
  <node id="11589069258" lat="40.4661171" lon="33.0185345"/>
  <node id="11589069259" lat="40.4701852" lon="33.0290253"/>
  <node id="13894645844" lat="40.4712527" lon="33.0260115"/>
  <node id="11589069263" lat="40.4644620" lon="33.0405772"/>
  <node id="11589881517" lat="40.4640087" lon="33.0455136"/>
  <node id="11589881519" lat="40.4613216" lon="33.0531628"/>
  <node id="13894645846" lat="40.4575641" lon="33.0567070"/>
  <node id="13894645847" lat="40.4569562" lon="33.0595831"/>
  <node id="11589881520" lat="40.4572873" lon="33.0678627"/>
  <node id="13894645849" lat="40.4571948" lon="33.0655491"/>
  <node id="11589881522" lat="40.4633487" lon="33.0779639"/>
  <node id="11589069261" lat="40.4677606" lon="33.0363133"/>
  <node id="11589069262" lat="40.4657406" lon="33.0366489"/>
  <node id="13894645845" lat="40.4661103" lon="33.0366217"/>
  <node id="13894645848" lat="40.4654873" lon="33.0374273"/>
  <node id="11589856738" lat="40.4649260" lon="33.1036000"/>
  <node id="11589856743" lat="40.4697365" lon="33.1073360"/>
  <node id="11589856744" lat="40.4716833" lon="33.1151629"/>
  <node id="11589856746" lat="40.4707291" lon="33.1187522"/>
  <node id="11589646672" lat="40.4678419" lon="33.1343645"/>
  <node id="11589646673" lat="40.4661883" lon="33.1331662"/>
  <node id="11589856748" lat="40.4743476" lon="33.1243861"/>
  <node id="11589856749" lat="40.4757772" lon="33.1305435"/>
  <node id="9175906084" lat="40.4807732" lon="33.1302380"/>
  <node id="11409554341" lat="40.5173263" lon="32.8926960"/>
  <node id="11409554342" lat="40.5161858" lon="32.8944075"/>
  <node id="11409554343" lat="40.5146985" lon="32.8963157"/>
  <node id="13894645781" lat="40.5155266" lon="32.8980356"/>
  <node id="11409554345" lat="40.5171308" lon="32.9041206"/>
  <node id="13894645782" lat="40.5175945" lon="32.9049607"/>
  <node id="11409554346" lat="40.5162189" lon="32.9084362"/>
  <node id="11409554347" lat="40.5158663" lon="32.9101881"/>
  <node id="13894645783" lat="40.5175084" lon="32.9065976"/>
  <node id="13894645784" lat="40.5170268" lon="32.9075145"/>
  <node id="11409554348" lat="40.5168585" lon="32.9142063"/>
  <node id="11409554338" lat="40.5180557" lon="32.8829389"/>
  <node id="11409554339" lat="40.5176725" lon="32.8849066"/>
  <node id="13894645765" lat="40.5198548" lon="32.8808569"/>
  <node id="13894645766" lat="40.5214458" lon="32.8813317"/>
  <node id="13894645767" lat="40.5187139" lon="32.8815023"/>
  <node id="11359598100" lat="40.5278727" lon="32.8844361"/>
  <node id="13894645764" lat="40.5259516" lon="32.8854433"/>
  <node id="11409554340" lat="40.5179444" lon="32.8915739"/>
  <node id="11359743547" lat="40.5338133" lon="32.8834366"/>
  <node id="11359743525" lat="40.5421623" lon="32.8808707"/>
  <node id="11359743530" lat="40.5383725" lon="32.8810897"/>
  <node id="11409554349" lat="40.5177847" lon="32.9156260"/>
  <node id="11409554350" lat="40.5183621" lon="32.9160743"/>
  <node id="11409554351" lat="40.5187720" lon="32.9183789"/>
  <node id="11409554352" lat="40.5188206" lon="32.9206009"/>
  <node id="11409554353" lat="40.5201523" lon="32.9218422"/>
  <node id="13894645785" lat="40.5220881" lon="32.9232541"/>
  <node id="13894645786" lat="40.5227331" lon="32.9238201"/>
  <node id="13894645787" lat="40.5233057" lon="32.9240405"/>
  <node id="11359743523" lat="40.5485347" lon="32.8802411"/>
  <node id="11359743524" lat="40.5452190" lon="32.8813680"/>
  <node id="11359743521" lat="40.5565215" lon="32.8815785"/>
  <node id="11359743522" lat="40.5507332" lon="32.8804668"/>
  <node id="13894645763" lat="40.5523613" lon="32.8806285"/>
  <node id="11359743512" lat="40.5603490" lon="32.8816277"/>
  <node id="11359743505" lat="40.5623602" lon="32.8916648"/>
  <node id="11359743507" lat="40.5624216" lon="32.8909016"/>
  <node id="11359743504" lat="40.5632744" lon="32.8956146"/>
  <node id="11359743503" lat="40.5636853" lon="32.8970342"/>
  <node id="11359743501" lat="40.5659631" lon="32.9007081"/>
  <node id="7364523597" lat="40.5758147" lon="32.8980458"/>
  <node id="13894645762" lat="40.5708756" lon="32.8993766"/>
  <node id="7364523598" lat="40.5784425" lon="32.8994639"/>
  <node id="7364523600" lat="40.5814741" lon="32.9015893"/>
  <node id="11359596332" lat="40.5854745" lon="32.9037255"/>
  <node id="11359596333" lat="40.5864721" lon="32.9044976"/>
  <node id="11359596346" lat="40.5837039" lon="32.9030309"/>
  <node id="13894645761" lat="40.5874181" lon="32.9052406"/>
  <node id="13894645756" lat="40.5882934" lon="32.9101475"/>
  <node id="13894645757" lat="40.5882181" lon="32.9087672"/>
  <node id="13894645758" lat="40.5884977" lon="32.9080877"/>
  <node id="13894645759" lat="40.5886239" lon="32.9070946"/>
  <node id="13894645760" lat="40.5881451" lon="32.9065996"/>
  <node id="13894645723" lat="40.5937718" lon="32.9055200"/>
  <node id="13894645724" lat="40.5939850" lon="32.9063471"/>
  <node id="13894645725" lat="40.5933769" lon="32.9085804"/>
  <node id="13894645726" lat="40.5929553" lon="32.9094655"/>
  <node id="13894645727" lat="40.5926502" lon="32.9112428"/>
  <node id="13894645751" lat="40.5876059" lon="32.9182819"/>
  <node id="13894645752" lat="40.5879486" lon="32.9170428"/>
  <node id="13894645753" lat="40.5876718" lon="32.9165603"/>
  <node id="13894645754" lat="40.5878204" lon="32.9150740"/>
  <node id="13894645755" lat="40.5881536" lon="32.9129718"/>
  <node id="13894645750" lat="40.5877735" lon="32.9193658"/>
  <node id="13894645728" lat="40.5922665" lon="32.9122041"/>
  <node id="13894645729" lat="40.5923757" lon="32.9132030"/>
  <node id="13894645730" lat="40.5935601" lon="32.9130022"/>
  <node id="13894645731" lat="40.5938960" lon="32.9142478"/>
  <node id="13894645732" lat="40.5948958" lon="32.9142713"/>
  <node id="13894645733" lat="40.5951402" lon="32.9139279"/>
  <node id="13894645734" lat="40.5962522" lon="32.9141157"/>
  <node id="13894645740" lat="40.5961707" lon="32.9180693"/>
  <node id="13894645741" lat="40.5945984" lon="32.9183160"/>
  <node id="13894645742" lat="40.5937715" lon="32.9179995"/>
  <node id="13894645743" lat="40.5932827" lon="32.9187130"/>
  <node id="13894645744" lat="40.5924925" lon="32.9193460"/>
  <node id="13894645745" lat="40.5920362" lon="32.9205423"/>
  <node id="13894645746" lat="40.5920647" lon="32.9215454"/>
  <node id="13894645747" lat="40.5910219" lon="32.9216205"/>
  <node id="13894645748" lat="40.5902846" lon="32.9214918"/>
  <node id="13894645749" lat="40.5899988" lon="32.9217921"/>
  <node id="13894644792" lat="40.6740087" lon="32.7678913"/>
  <node id="11884773509" lat="40.6869903" lon="32.7404055"/>
  <node id="7364523668" lat="40.6986142" lon="32.7220530"/>
  <node id="7364523669" lat="40.6992040" lon="32.7210763"/>
  <node id="11884773514" lat="40.7001892" lon="32.7210397"/>
  <node id="11884773510" lat="40.6957828" lon="32.7273337"/>
  <node id="11884773511" lat="40.6974769" lon="32.7252978"/>
  <node id="11884773513" lat="40.6980763" lon="32.7241922"/>
  <node id="7364523665" lat="40.6940128" lon="32.7340006"/>
  <node id="7364523662" lat="40.6894349" lon="32.7395715"/>
  <node id="7364523663" lat="40.6918250" lon="32.7374753"/>
  <node id="13894644788" lat="40.6928640" lon="32.7353252"/>
  <node id="13894644789" lat="40.6909679" lon="32.7382790"/>
  <node id="13894644790" lat="40.6884191" lon="32.7397400"/>
  <node id="7364523667" lat="40.6947283" lon="32.7306065"/>
  <node id="7364523661" lat="40.6862955" lon="32.7419765"/>
  <node id="7364523657" lat="40.6825869" lon="32.7541812"/>
  <node id="7364523658" lat="40.6836462" lon="32.7510335"/>
  <node id="7364523660" lat="40.6846553" lon="32.7490907"/>
  <node id="13894644791" lat="40.6794378" lon="32.7574858"/>
  <node id="7364523656" lat="40.6765871" lon="32.7652944"/>
  <node id="11885984219" lat="40.6667936" lon="32.7785070"/>
  <node id="13894644793" lat="40.6706404" lon="32.7735353"/>
  <node id="13894644794" lat="40.6621702" lon="32.7824039"/>
  <node id="11356866894" lat="40.6627931" lon="32.7924057"/>
  <node id="13894644795" lat="40.6607600" lon="32.7982371"/>
  <node id="13894644796" lat="40.6603000" lon="32.8049732"/>
  <node id="13894644797" lat="40.6604385" lon="32.8124343"/>
  <node id="11356866881" lat="40.6597412" lon="32.8175603"/>
  <node id="13894644799" lat="40.6462482" lon="32.8655718"/>
  <node id="7364523639" lat="40.6436690" lon="32.8715485"/>
  <node id="13894645709" lat="40.6020467" lon="32.8863427"/>
  <node id="13894645710" lat="40.6002860" lon="32.8933127"/>
  <node id="13894645711" lat="40.6003790" lon="32.8958440"/>
  <node id="13894645712" lat="40.6003315" lon="32.8964708"/>
  <node id="13894645713" lat="40.5985105" lon="32.8978483"/>
  <node id="13894645714" lat="40.5989122" lon="32.8975444"/>
  <node id="13894645715" lat="40.5982201" lon="32.8986415"/>
  <node id="13894645706" lat="40.6089716" lon="32.8899406"/>
  <node id="13894645707" lat="40.6082567" lon="32.8891233"/>
  <node id="13894645708" lat="40.6048920" lon="32.8873876"/>
  <node id="13894645704" lat="40.6138682" lon="32.8919777"/>
  <node id="13894645705" lat="40.6104882" lon="32.8906944"/>
  <node id="13894645703" lat="40.6193248" lon="32.8916718"/>
  <node id="13894645716" lat="40.5982078" lon="32.8995856"/>
  <node id="13894645717" lat="40.5985785" lon="32.8998646"/>
  <node id="13894645718" lat="40.5985989" lon="32.9007014"/>
  <node id="13894645719" lat="40.5980327" lon="32.9017689"/>
  <node id="13894645720" lat="40.5972058" lon="32.9023697"/>
  <node id="13894645721" lat="40.5972039" lon="32.9029232"/>
  <node id="13894645722" lat="40.5973437" lon="32.9036381"/>
  <node id="13894645735" lat="40.5967654" lon="32.9143732"/>
  <node id="13894645736" lat="40.5977064" lon="32.9145449"/>
  <node id="13894645737" lat="40.5972909" lon="32.9152905"/>
  <node id="13894645738" lat="40.5972705" lon="32.9163473"/>
  <node id="13894645739" lat="40.5963988" lon="32.9169267"/>
  <node id="11356866830" lat="40.6248277" lon="32.8937582"/>
  <node id="13894645702" lat="40.6291563" lon="32.8989024"/>
  <node id="7364523638" lat="40.6415951" lon="32.8747236"/>
  <node id="13894644800" lat="40.6418226" lon="32.8812666"/>
  <node id="11356866831" lat="40.6390621" lon="32.8989888"/>
  <node id="11356866832" lat="40.6415940" lon="32.8974912"/>
  <node id="7364523636" lat="40.6455336" lon="32.8931245"/>
  <node id="11356866834" lat="40.6452304" lon="32.8952933"/>
  <node id="11356866833" lat="40.6345298" lon="32.8990915"/>
  <node id="13894645701" lat="40.6313181" lon="32.8993958"/>
  <node id="11356866880" lat="40.6587080" lon="32.8236940"/>
  <node id="13894644798" lat="40.6531535" lon="32.8444039"/>
  <node id="11418392112" lat="40.4974505" lon="32.9749166"/>
  <node id="11359743554" lat="40.5225476" lon="32.9303475"/>
  <node id="11359743555" lat="40.5230789" lon="32.9310999"/>
  <node id="1481322305" lat="40.5234570" lon="32.9369504"/>
  <node id="11359743556" lat="40.5239533" lon="32.9347351"/>
  <node id="11406400929" lat="40.5236266" lon="32.9377395"/>
  <node id="13894645788" lat="40.5235645" lon="32.9324291"/>
  <node id="13894645789" lat="40.5238369" lon="32.9335927"/>
  <node id="11359743553" lat="40.5249085" lon="32.9253256"/>
  <node id="7365636217" lat="40.5273571" lon="32.9447020"/>
  <node id="11406400926" lat="40.5267479" lon="32.9432488"/>
  <node id="11406400927" lat="40.5263170" lon="32.9417046"/>
  <node id="11406400928" lat="40.5258503" lon="32.9403375"/>
  <node id="11406400924" lat="40.5293239" lon="32.9456117"/>
  <node id="11406400925" lat="40.5282722" lon="32.9454313"/>
  <node id="13894645790" lat="40.5300010" lon="32.9454973"/>
  <node id="7365636216" lat="40.5350003" lon="32.9441616"/>
  <node id="11406400920" lat="40.5335604" lon="32.9442673"/>
  <node id="11406400921" lat="40.5329919" lon="32.9443730"/>
  <node id="11406400922" lat="40.5324481" lon="32.9445194"/>
  <node id="7365636214" lat="40.5360561" lon="32.9474118"/>
  <node id="7365636215" lat="40.5354267" lon="32.9461537"/>
  <node id="11406400919" lat="40.5368304" lon="32.9482375"/>
  <node id="7365636212" lat="40.5394284" lon="32.9494161"/>
  <node id="13894645791" lat="40.5416930" lon="32.9495759"/>
  <node id="13894645792" lat="40.5420580" lon="32.9505705"/>
  <node id="13894645793" lat="40.5415609" lon="32.9503461"/>
  <node id="13894645794" lat="40.5400225" lon="32.9513654"/>
  <node id="13894645829" lat="40.5258168" lon="32.9710304"/>
  <node id="13894645795" lat="40.5400117" lon="32.9527174"/>
  <node id="13894645796" lat="40.5403787" lon="32.9540254"/>
  <node id="13894645797" lat="40.5405736" lon="32.9556126"/>
  <node id="13894645798" lat="40.5416335" lon="32.9564816"/>
  <node id="13894645799" lat="40.5415072" lon="32.9569001"/>
  <node id="13894645800" lat="40.5415153" lon="32.9579622"/>
  <node id="13894645801" lat="40.5425671" lon="32.9576886"/>
  <node id="13894645802" lat="40.5425915" lon="32.9582036"/>
  <node id="13894645803" lat="40.5423081" lon="32.9596226"/>
  <node id="13894645804" lat="40.5427638" lon="32.9600899"/>
  <node id="13894645805" lat="40.5433188" lon="32.9602027"/>
  <node id="13894645806" lat="40.5429142" lon="32.9608659"/>
  <node id="13894645807" lat="40.5419489" lon="32.9609779"/>
  <node id="13894645808" lat="40.5416899" lon="32.9619026"/>
  <node id="13894645809" lat="40.5423784" lon="32.9624070"/>
  <node id="13894645810" lat="40.5430346" lon="32.9630610"/>
  <node id="13894645828" lat="40.5368014" lon="32.9704762"/>
  <node id="13894645818" lat="40.5429150" lon="32.9665897"/>
  <node id="13894645819" lat="40.5420299" lon="32.9668978"/>
  <node id="13894645820" lat="40.5413255" lon="32.9677153"/>
  <node id="13894645821" lat="40.5402067" lon="32.9668114"/>
  <node id="13894645822" lat="40.5416370" lon="32.9672529"/>
  <node id="13894645823" lat="40.5382645" lon="32.9682214"/>
  <node id="13894645824" lat="40.5373808" lon="32.9683055"/>
  <node id="13894645825" lat="40.5378511" lon="32.9699945"/>
  <node id="13894645826" lat="40.5377614" lon="32.9704397"/>
  <node id="13894645827" lat="40.5375983" lon="32.9697960"/>
  <node id="11418392111" lat="40.4941691" lon="32.9784284"/>
  <node id="11418392113" lat="40.5040697" lon="32.9856949"/>
  <node id="13894645832" lat="40.5061661" lon="32.9874953"/>
  <node id="13894645830" lat="40.5074031" lon="32.9924502"/>
  <node id="13894645831" lat="40.5053548" lon="32.9925392"/>
  <node id="13894645833" lat="40.5092506" lon="32.9918477"/>
  <node id="11406400978" lat="40.5187538" lon="32.9778529"/>
  <node id="13894645811" lat="40.5443806" lon="32.9646893"/>
  <node id="13894645812" lat="40.5450222" lon="32.9647164"/>
  <node id="13894645813" lat="40.5458369" lon="32.9652710"/>
  <node id="13894645814" lat="40.5466751" lon="32.9669286"/>
  <node id="13894645815" lat="40.5464269" lon="32.9683397"/>
  <node id="13894645816" lat="40.5459072" lon="32.9691839"/>
  <node id="13894645817" lat="40.5441184" lon="32.9689559"/>
  <node id="11589853982" lat="40.3466190" lon="33.2366797"/>
  <node id="7365636314" lat="40.3490578" lon="33.2389426"/>
  <node id="7365636315" lat="40.3489219" lon="33.2380991"/>
  <node id="7365636317" lat="40.3501035" lon="33.2376733"/>
  <node id="7365636318" lat="40.3498775" lon="33.2356462"/>
  <node id="7365636319" lat="40.3485924" lon="33.2339154"/>
  <node id="11589756059" lat="40.3505948" lon="33.2393777"/>
  <node id="11589756060" lat="40.3504575" lon="33.2391221"/>
  <node id="11589756061" lat="40.3495482" lon="33.2396102"/>
  <node id="11589853977" lat="40.3494164" lon="33.2369745"/>
  <node id="11589853978" lat="40.3512839" lon="33.2370462"/>
  <node id="11589853979" lat="40.3507239" lon="33.2369323"/>
  <node id="11589853981" lat="40.3491825" lon="33.2352895"/>
  <node id="13914257540" lat="40.3532026" lon="33.2373129"/>
  <node id="13914257541" lat="40.3536565" lon="33.2381620"/>
  <node id="13914257542" lat="40.3525928" lon="33.2396779"/>
  <node id="13914257546" lat="40.3508423" lon="33.2396523"/>
  <node id="13914257547" lat="40.3489894" lon="33.2368760"/>
  <node id="13914257548" lat="40.3512234" lon="33.2379171"/>
  <node id="13914257549" lat="40.3500753" lon="33.2364173"/>
  <node id="13914257550" lat="40.3495405" lon="33.2344790"/>
  <node id="7365636306" lat="40.3581135" lon="33.2381035"/>
  <node id="11589756058" lat="40.3560620" lon="33.2383805"/>
  <node id="13914257525" lat="40.3600796" lon="33.2334887"/>
  <node id="13914257526" lat="40.3596352" lon="33.2342091"/>
  <node id="13914257527" lat="40.3600308" lon="33.2349639"/>
  <node id="13914257528" lat="40.3598425" lon="33.2366332"/>
  <node id="13914257529" lat="40.3577275" lon="33.2377854"/>
  <node id="13914257530" lat="40.3577163" lon="33.2374527"/>
  <node id="13914257531" lat="40.3568995" lon="33.2383925"/>
  <node id="13914257532" lat="40.3562715" lon="33.2380803"/>
  <node id="13914257534" lat="40.3551417" lon="33.2380731"/>
  <node id="13914257535" lat="40.3558991" lon="33.2370938"/>
  <node id="13914257536" lat="40.3556895" lon="33.2361228"/>
  <node id="13914257537" lat="40.3553034" lon="33.2361496"/>
  <node id="13914257538" lat="40.3550689" lon="33.2362759"/>
  <node id="13914257539" lat="40.3547383" lon="33.2367800"/>
  <node id="7365636298" lat="40.3732321" lon="33.2131822"/>
  <node id="11589827814" lat="40.3729343" lon="33.2127422"/>
  <node id="11589827815" lat="40.3729656" lon="33.2135679"/>
  <node id="13914257511" lat="40.3723000" lon="33.2135528"/>
  <node id="7365636293" lat="40.3798838" lon="33.2054367"/>
  <node id="7365636294" lat="40.3785063" lon="33.2064422"/>
  <node id="11589827800" lat="40.3795461" lon="33.2054867"/>
  <node id="11589827802" lat="40.3795550" lon="33.2058543"/>
  <node id="11589827803" lat="40.3791217" lon="33.2058609"/>
  <node id="11589827804" lat="40.3782143" lon="33.2063660"/>
  <node id="11589827805" lat="40.3778841" lon="33.2066279"/>
  <node id="7365636296" lat="40.3757876" lon="33.2107996"/>
  <node id="7365636297" lat="40.3746279" lon="33.2118873"/>
  <node id="11589827806" lat="40.3778266" lon="33.2076349"/>
  <node id="11589827807" lat="40.3767504" lon="33.2080830"/>
  <node id="11589827808" lat="40.3770007" lon="33.2089890"/>
  <node id="11589827812" lat="40.3756031" lon="33.2087945"/>
  <node id="13914257505" lat="40.3780005" lon="33.2076211"/>
  <node id="13914257506" lat="40.3773342" lon="33.2079944"/>
  <node id="13914257507" lat="40.3757450" lon="33.2094545"/>
  <node id="13914257508" lat="40.3756172" lon="33.2099333"/>
  <node id="13914257509" lat="40.3740991" lon="33.2122120"/>
  <node id="13914257510" lat="40.3736642" lon="33.2120543"/>
  <node id="7365636292" lat="40.3822431" lon="33.2057954"/>
  <node id="11589827790" lat="40.3830319" lon="33.2068646"/>
  <node id="11589827792" lat="40.3827815" lon="33.2065906"/>
  <node id="11589827795" lat="40.3817323" lon="33.2054966"/>
  <node id="13914257502" lat="40.3815537" lon="33.2059192"/>
  <node id="13914257503" lat="40.3813067" lon="33.2061315"/>
  <node id="13914257504" lat="40.3809910" lon="33.2055776"/>
  <node id="7365636290" lat="40.3850043" lon="33.2126330"/>
  <node id="7365636291" lat="40.3845260" lon="33.2086427"/>
  <node id="11589827785" lat="40.3849951" lon="33.2122703"/>
  <node id="11589827786" lat="40.3848719" lon="33.2114043"/>
  <node id="11589827787" lat="40.3847449" lon="33.2105196"/>
  <node id="13914257501" lat="40.3843351" lon="33.2090998"/>
  <node id="7365636301" lat="40.3647212" lon="33.2189567"/>
  <node id="11589827825" lat="40.3634887" lon="33.2201378"/>
  <node id="13914257513" lat="40.3660734" lon="33.2185959"/>
  <node id="13914257514" lat="40.3643772" lon="33.2200678"/>
  <node id="7365636302" lat="40.3624465" lon="33.2243142"/>
  <node id="7365636303" lat="40.3623791" lon="33.2248204"/>
  <node id="11589827826" lat="40.3635040" lon="33.2222200"/>
  <node id="13914257515" lat="40.3632945" lon="33.2217563"/>
  <node id="13914257516" lat="40.3608170" lon="33.2260469"/>
  <node id="7365636299" lat="40.3683026" lon="33.2156815"/>
  <node id="7365636300" lat="40.3674850" lon="33.2167261"/>
  <node id="11589827816" lat="40.3719457" lon="33.2139173"/>
  <node id="11589827817" lat="40.3713297" lon="33.2136927"/>
  <node id="11589827819" lat="40.3700598" lon="33.2151063"/>
  <node id="11589827820" lat="40.3700211" lon="33.2153154"/>
  <node id="13914257512" lat="40.3714846" lon="33.2138051"/>
  <node id="7365636304" lat="40.3608777" lon="33.2277223"/>
  <node id="13914257517" lat="40.3613206" lon="33.2271411"/>
  <node id="13914257518" lat="40.3615548" lon="33.2287456"/>
  <node id="13914257519" lat="40.3612679" lon="33.2297141"/>
  <node id="13914257520" lat="40.3611580" lon="33.2308471"/>
  <node id="13914257521" lat="40.3610075" lon="33.2316133"/>
  <node id="13914257522" lat="40.3605793" lon="33.2322993"/>
  <node id="13914257523" lat="40.3608526" lon="33.2328615"/>
  <node id="13914257524" lat="40.3607293" lon="33.2334926"/>
  <node id="7365636289" lat="40.3865487" lon="33.2147771"/>
  <node id="11589827780" lat="40.3861430" lon="33.2146160"/>
  <node id="11589827781" lat="40.3858587" lon="33.2145348"/>
  <node id="11589827782" lat="40.3855707" lon="33.2143274"/>
  <node id="11589827783" lat="40.3852358" lon="33.2141371"/>
  <node id="11589827784" lat="40.3848960" lon="33.2138467"/>
  <node id="1364275704" lat="40.3201213" lon="33.2654239"/>
  <node id="7365636330" lat="40.3325808" lon="33.2527801"/>
  <node id="11589856195" lat="40.3337448" lon="33.2510881"/>
  <node id="11589856198" lat="40.3329640" lon="33.2519288"/>
  <node id="11589856199" lat="40.3321134" lon="33.2528328"/>
  <node id="7365636334" lat="40.3261043" lon="33.2608398"/>
  <node id="7365636335" lat="40.3236773" lon="33.2636486"/>
  <node id="13914257563" lat="40.3267574" lon="33.2602303"/>
  <node id="7365636331" lat="40.3312280" lon="33.2541859"/>
  <node id="7365636332" lat="40.3307595" lon="33.2563024"/>
  <node id="11589856200" lat="40.3319365" lon="33.2529797"/>
  <node id="11589856201" lat="40.3316610" lon="33.2536183"/>
  <node id="11589856203" lat="40.3295557" lon="33.2582786"/>
  <node id="13914257556" lat="40.3305044" lon="33.2563822"/>
  <node id="13914257557" lat="40.3303253" lon="33.2565894"/>
  <node id="13914257558" lat="40.3300183" lon="33.2570452"/>
  <node id="13914257559" lat="40.3293481" lon="33.2589779"/>
  <node id="13914257560" lat="40.3288429" lon="33.2593818"/>
  <node id="13914257561" lat="40.3291453" lon="33.2592219"/>
  <node id="13914257562" lat="40.3292752" lon="33.2591326"/>
  <node id="7365636333" lat="40.3277758" lon="33.2597197"/>
  <node id="13914257566" lat="40.3203046" lon="33.2663395"/>
  <node id="13914257567" lat="40.3207470" lon="33.2668228"/>
  <node id="13914257568" lat="40.3205984" lon="33.2675876"/>
  <node id="13914257569" lat="40.3207381" lon="33.2672454"/>
  <node id="13914257570" lat="40.3207957" lon="33.2670422"/>
  <node id="13914257571" lat="40.3204644" lon="33.2665543"/>
  <node id="13914257572" lat="40.3206323" lon="33.2666671"/>
  <node id="13914257573" lat="40.3207080" lon="33.2667342"/>
  <node id="13914257574" lat="40.3209733" lon="33.2695157"/>
  <node id="1481365077" lat="40.3228112" lon="33.2662264"/>
  <node id="13914257564" lat="40.3213723" lon="33.2661702"/>
  <node id="13914257565" lat="40.3221011" lon="33.2663585"/>
  <node id="13914257575" lat="40.3210944" lon="33.2722074"/>
  <node id="13914257576" lat="40.3212317" lon="33.2722758"/>
  <node id="13914257577" lat="40.3213319" lon="33.2733678"/>
  <node id="13914257578" lat="40.3216669" lon="33.2741022"/>
  <node id="13914257579" lat="40.3215898" lon="33.2747537"/>
  <node id="13914257580" lat="40.3222286" lon="33.2754251"/>
  <node id="13914257581" lat="40.3227826" lon="33.2769334"/>
  <node id="13914257583" lat="40.3228777" lon="33.2778536"/>
  <node id="11843280027" lat="40.3255124" lon="33.2828217"/>
  <node id="11843280034" lat="40.3244768" lon="33.2827735"/>
  <node id="11843280042" lat="40.3261311" lon="33.2848165"/>
  <node id="11843280045" lat="40.3267832" lon="33.2856408"/>
  <node id="13914257582" lat="40.3233735" lon="33.2792565"/>
  <node id="11843280046" lat="40.3276536" lon="33.2859016"/>
  <node id="11843280047" lat="40.3281183" lon="33.2861617"/>
  <node id="11843280055" lat="40.3309584" lon="33.2969199"/>
  <node id="11843280056" lat="40.3301125" lon="33.2956513"/>
  <node id="11843280057" lat="40.3291617" lon="33.2949553"/>
  <node id="11843280058" lat="40.3318567" lon="33.2990427"/>
  <node id="11843280059" lat="40.3330712" lon="33.2999120"/>
  <node id="13914257588" lat="40.3341021" lon="33.3337992"/>
  <node id="13914257592" lat="40.3338734" lon="33.3395394"/>
  <node id="7365636327" lat="40.3386309" lon="33.2436368"/>
  <node id="11589856174" lat="40.3396612" lon="33.2420075"/>
  <node id="11589856176" lat="40.3398415" lon="33.2429086"/>
  <node id="11589856177" lat="40.3389492" lon="33.2436102"/>
  <node id="11589856180" lat="40.3377419" lon="33.2456219"/>
  <node id="11589856186" lat="40.3371801" lon="33.2454830"/>
  <node id="11589856187" lat="40.3369349" lon="33.2458163"/>
  <node id="13914257551" lat="40.3401653" lon="33.2415498"/>
  <node id="13914257555" lat="40.3406122" lon="33.2413776"/>
  <node id="7365636328" lat="40.3348888" lon="33.2488920"/>
  <node id="7365636329" lat="40.3343999" lon="33.2500117"/>
  <node id="11589856188" lat="40.3365490" lon="33.2464462"/>
  <node id="11589856189" lat="40.3366415" lon="33.2465735"/>
  <node id="11589856190" lat="40.3365801" lon="33.2469288"/>
  <node id="11589856191" lat="40.3364901" lon="33.2471367"/>
  <node id="11589856192" lat="40.3360466" lon="33.2477093"/>
  <node id="11589856193" lat="40.3356601" lon="33.2475531"/>
  <node id="11589856194" lat="40.3341610" lon="33.2497073"/>
  <node id="7365636320" lat="40.3445407" lon="33.2438912"/>
  <node id="7365636323" lat="40.3420420" lon="33.2446336"/>
  <node id="7365636324" lat="40.3417390" lon="33.2445847"/>
  <node id="7365636325" lat="40.3419910" lon="33.2430011"/>
  <node id="7365636326" lat="40.3424846" lon="33.2415953"/>
  <node id="11589853983" lat="40.3416854" lon="33.2404629"/>
  <node id="13914257552" lat="40.3407326" lon="33.2413102"/>
  <node id="13914257553" lat="40.3410803" lon="33.2410033"/>
  <node id="13914257554" lat="40.3414116" lon="33.2407287"/>
  <node id="7365636309" lat="40.3515719" lon="33.2419788"/>
  <node id="7365636313" lat="40.3511376" lon="33.2420649"/>
  <node id="13914257543" lat="40.3515912" lon="33.2410524"/>
  <node id="13914257544" lat="40.3509940" lon="33.2410886"/>
  <node id="13914257545" lat="40.3511748" lon="33.2409418"/>
  <node id="7365636308" lat="40.3549160" lon="33.2408934"/>
  <node id="13914257533" lat="40.3544237" lon="33.2403078"/>
  <node id="11843280066" lat="40.3357928" lon="33.3017524"/>
  <node id="11843312576" lat="40.3350101" lon="33.3006249"/>
  <node id="13914257584" lat="40.3375334" lon="33.3050985"/>
  <node id="7365636022" lat="40.3380737" lon="33.3109397"/>
  <node id="7365636023" lat="40.3382032" lon="33.3087014"/>
  <node id="7365636024" lat="40.3380390" lon="33.3070475"/>
  <node id="11843356726" lat="40.3381487" lon="33.3115928"/>
  <node id="11874971597" lat="40.3379724" lon="33.3060017"/>
  <node id="7365636017" lat="40.3398850" lon="33.3146366"/>
  <node id="7365636018" lat="40.3390123" lon="33.3127663"/>
  <node id="7365636021" lat="40.3382877" lon="33.3121057"/>
  <node id="11843471469" lat="40.3393596" lon="33.3131316"/>
  <node id="11843471470" lat="40.3396628" lon="33.3136222"/>
  <node id="11843471471" lat="40.3398359" lon="33.3139949"/>
  <node id="11843471472" lat="40.3399063" lon="33.3143299"/>
  <node id="11843471473" lat="40.3396454" lon="33.3152601"/>
  <node id="11843471474" lat="40.3392709" lon="33.3162442"/>
  <node id="11843471475" lat="40.3391297" lon="33.3167397"/>
  <node id="7365636014" lat="40.3375431" lon="33.3241776"/>
  <node id="7365636015" lat="40.3387214" lon="33.3207954"/>
  <node id="7365636016" lat="40.3385409" lon="33.3190903"/>
  <node id="11843471478" lat="40.3382408" lon="33.3221593"/>
  <node id="11843471479" lat="40.3363955" lon="33.3248618"/>
  <node id="11843471489" lat="40.3356479" lon="33.3300733"/>
  <node id="13914257585" lat="40.3354979" lon="33.3266290"/>
  <node id="13914257586" lat="40.3355807" lon="33.3273959"/>
  <node id="13914257587" lat="40.3362687" lon="33.3285454"/>
  <node id="11843471490" lat="40.3348956" lon="33.3317684"/>
  <node id="13914257589" lat="40.3342287" lon="33.3360980"/>
  <node id="13914257591" lat="40.3400209" lon="33.3369471"/>
  <node id="13914257601" lat="40.3385968" lon="33.3379509"/>
  <node id="13914257602" lat="40.3387089" lon="33.3378606"/>
  <node id="13914257603" lat="40.3388345" lon="33.3370040"/>
  <node id="13914257604" lat="40.3392949" lon="33.3372979"/>
  <node id="13914257605" lat="40.3397988" lon="33.3375114"/>
  <node id="11843471494" lat="40.3346859" lon="33.3384459"/>
  <node id="13914257593" lat="40.3347098" lon="33.3389209"/>
  <node id="13914257594" lat="40.3350984" lon="33.3384877"/>
  <node id="13914257595" lat="40.3357208" lon="33.3388453"/>
  <node id="13914257596" lat="40.3361908" lon="33.3389369"/>
  <node id="13914257597" lat="40.3352931" lon="33.3386826"/>
  <node id="13914257598" lat="40.3368247" lon="33.3386982"/>
  <node id="13914257599" lat="40.3370860" lon="33.3386542"/>
  <node id="13914257600" lat="40.3371135" lon="33.3383206"/>
  <node id="13914257590" lat="40.3417116" lon="33.3381220"/>
  <node id="7365636008" lat="40.3453168" lon="33.3393516"/>
  <node id="7365635998" lat="40.3588488" lon="33.3277363"/>
  <node id="11843471496" lat="40.3575858" lon="33.3306176"/>
  <node id="13919909663" lat="40.3600303" lon="33.3280149"/>
  <node id="13914257607" lat="40.3498133" lon="33.3434190"/>
  <node id="7365636000" lat="40.3589866" lon="33.3321993"/>
  <node id="7365636005" lat="40.3595749" lon="33.3434869"/>
  <node id="13914257610" lat="40.3576971" lon="33.3443869"/>
  <node id="13914257622" lat="40.3771621" lon="33.3182759"/>
  <node id="7365635984" lat="40.3865154" lon="33.3149837"/>
  <node id="7365635985" lat="40.3842080" lon="33.3153383"/>
  <node id="7365635987" lat="40.3800604" lon="33.3181834"/>
  <node id="11843502627" lat="40.3819377" lon="33.3172459"/>
  <node id="11843502631" lat="40.3832979" lon="33.3152888"/>
  <node id="11843502632" lat="40.3840062" lon="33.3162921"/>
  <node id="11843502633" lat="40.3853317" lon="33.3144432"/>
  <node id="13914257623" lat="40.3847248" lon="33.3162661"/>
  <node id="7365635994" lat="40.3667056" lon="33.3248492"/>
  <node id="13914257615" lat="40.3660988" lon="33.3249091"/>
  <node id="7365635995" lat="40.3652940" lon="33.3252892"/>
  <node id="7365635996" lat="40.3635150" lon="33.3271641"/>
  <node id="7365635997" lat="40.3619236" lon="33.3278361"/>
  <node id="11843471498" lat="40.3618964" lon="33.3276127"/>
  <node id="13914257613" lat="40.3623726" lon="33.3278287"/>
  <node id="13914257614" lat="40.3644497" lon="33.3263524"/>
  <node id="13919909664" lat="40.3610533" lon="33.3278370"/>
  <node id="7365635990" lat="40.3717088" lon="33.3218507"/>
  <node id="7365635991" lat="40.3698437" lon="33.3235534"/>
  <node id="7365635992" lat="40.3694359" lon="33.3248835"/>
  <node id="7365635993" lat="40.3689404" lon="33.3238069"/>
  <node id="11843471500" lat="40.3697247" lon="33.3226501"/>
  <node id="11843471501" lat="40.3700339" lon="33.3229025"/>
  <node id="11843471502" lat="40.3708014" lon="33.3228538"/>
  <node id="11843471504" lat="40.3727215" lon="33.3211656"/>
  <node id="13914257616" lat="40.3698358" lon="33.3246072"/>
  <node id="13914257611" lat="40.3612691" lon="33.3371601"/>
  <node id="13914257612" lat="40.3614161" lon="33.3336885"/>
  <node id="7365635988" lat="40.3782453" lon="33.3188088"/>
  <node id="7365635989" lat="40.3753622" lon="33.3209882"/>
  <node id="11843471505" lat="40.3740562" lon="33.3231991"/>
  <node id="11843471506" lat="40.3763885" lon="33.3197473"/>
  <node id="11843502626" lat="40.3798527" lon="33.3189846"/>
  <node id="13914257617" lat="40.3744799" lon="33.3235172"/>
  <node id="13914257618" lat="40.3749167" lon="33.3228857"/>
  <node id="13914257619" lat="40.3752226" lon="33.3218629"/>
  <node id="13914257620" lat="40.3760367" lon="33.3197398"/>
  <node id="13914257621" lat="40.3764363" lon="33.3188883"/>
  <node id="7365636274" lat="40.4258527" lon="33.1839888"/>
  <node id="7365636275" lat="40.4240751" lon="33.1855664"/>
  <node id="11589787146" lat="40.4253028" lon="33.1847001"/>
  <node id="11589787147" lat="40.4246461" lon="33.1853103"/>
  <node id="11589787148" lat="40.4234003" lon="33.1864821"/>
  <node id="7365636267" lat="40.4379464" lon="33.1719227"/>
  <node id="11589125114" lat="40.4388701" lon="33.1715250"/>
  <node id="11589125116" lat="40.4385728" lon="33.1715169"/>
  <node id="11589125117" lat="40.4382831" lon="33.1716241"/>
  <node id="11589125118" lat="40.4375198" lon="33.1724452"/>
  <node id="11589125119" lat="40.4368244" lon="33.1739385"/>
  <node id="7365636271" lat="40.4292708" lon="33.1802016"/>
  <node id="7365636272" lat="40.4289745" lon="33.1800203"/>
  <node id="11589787137" lat="40.4321047" lon="33.1803919"/>
  <node id="11589787138" lat="40.4315596" lon="33.1804169"/>
  <node id="11589787139" lat="40.4304232" lon="33.1801866"/>
  <node id="11589787140" lat="40.4288087" lon="33.1800268"/>
  <node id="11589787141" lat="40.4286029" lon="33.1805705"/>
  <node id="11589787143" lat="40.4280990" lon="33.1806041"/>
  <node id="11589787144" lat="40.4279675" lon="33.1807134"/>
  <node id="7365636273" lat="40.4267904" lon="33.1834854"/>
  <node id="11589787142" lat="40.4278912" lon="33.1817246"/>
  <node id="11589787145" lat="40.4273207" lon="33.1822806"/>
  <node id="7365636268" lat="40.4361291" lon="33.1748945"/>
  <node id="7365636269" lat="40.4347751" lon="33.1776226"/>
  <node id="7365636270" lat="40.4332429" lon="33.1797920"/>
  <node id="11589787135" lat="40.4341920" lon="33.1783307"/>
  <node id="11589787136" lat="40.4330112" lon="33.1799311"/>
  <node id="7365636286" lat="40.3968595" lon="33.2130928"/>
  <node id="7365636287" lat="40.3941084" lon="33.2126777"/>
  <node id="11589787164" lat="40.3993543" lon="33.2123887"/>
  <node id="11589787165" lat="40.3991351" lon="33.2124640"/>
  <node id="11589787166" lat="40.3985395" lon="33.2127611"/>
  <node id="11589787167" lat="40.3976086" lon="33.2128075"/>
  <node id="11589787168" lat="40.3965719" lon="33.2131361"/>
  <node id="11589827769" lat="40.3963159" lon="33.2128004"/>
  <node id="7365636284" lat="40.4039597" lon="33.2134445"/>
  <node id="11589787163" lat="40.3998991" lon="33.2136404"/>
  <node id="11589787159" lat="40.4114708" lon="33.2116946"/>
  <node id="11589787160" lat="40.4097838" lon="33.2131625"/>
  <node id="7365636288" lat="40.3900971" lon="33.2156679"/>
  <node id="11589827770" lat="40.3922548" lon="33.2137255"/>
  <node id="11589827771" lat="40.3906983" lon="33.2138183"/>
  <node id="11589827772" lat="40.3908659" lon="33.2141903"/>
  <node id="11589827773" lat="40.3896665" lon="33.2157267"/>
  <node id="11589827774" lat="40.3890945" lon="33.2158271"/>
  <node id="11589827775" lat="40.3889806" lon="33.2157321"/>
  <node id="11589827776" lat="40.3881283" lon="33.2165150"/>
  <node id="11589827777" lat="40.3877251" lon="33.2164858"/>
  <node id="11589827778" lat="40.3878130" lon="33.2164539"/>
  <node id="11589827779" lat="40.3880313" lon="33.2164611"/>
  <node id="7365636285" lat="40.4004442" lon="33.2137663"/>
  <node id="11589787162" lat="40.4059981" lon="33.2141965"/>
  <node id="7365636283" lat="40.4070072" lon="33.2143910"/>
  <node id="11589787161" lat="40.4080168" lon="33.2137826"/>
  <node id="7365636277" lat="40.4186750" lon="33.1958532"/>
  <node id="7365636278" lat="40.4154528" lon="33.1998441"/>
  <node id="11589787151" lat="40.4193238" lon="33.1956459"/>
  <node id="11589787152" lat="40.4179078" lon="33.1965838"/>
  <node id="11589787153" lat="40.4171861" lon="33.1974166"/>
  <node id="11589787154" lat="40.4168237" lon="33.1976311"/>
  <node id="11589787155" lat="40.4158905" lon="33.1985777"/>
  <node id="7365636276" lat="40.4211235" lon="33.1929700"/>
  <node id="11589787149" lat="40.4219858" lon="33.1897923"/>
  <node id="11589787150" lat="40.4201466" lon="33.1951113"/>
  <node id="7365636279" lat="40.4146009" lon="33.2024062"/>
  <node id="7365636280" lat="40.4145279" lon="33.2063734"/>
  <node id="7365636281" lat="40.4151652" lon="33.2109309"/>
  <node id="7365636282" lat="40.4128364" lon="33.2110883"/>
  <node id="11589787156" lat="40.4143307" lon="33.2086450"/>
  <node id="11589787157" lat="40.4151248" lon="33.2114666"/>
  <node id="11589787158" lat="40.4148460" lon="33.2113264"/>
  <node id="7365636243" lat="40.4643561" lon="33.1353203"/>
  <node id="7365636244" lat="40.4642154" lon="33.1372807"/>
  <node id="7365636259" lat="40.4574936" lon="33.1555511"/>
  <node id="7365636260" lat="40.4537560" lon="33.1607757"/>
  <node id="11589664207" lat="40.4563503" lon="33.1565066"/>
  <node id="11589664208" lat="40.4553122" lon="33.1585383"/>
  <node id="11589664209" lat="40.4547986" lon="33.1594087"/>
  <node id="7365636258" lat="40.4618807" lon="33.1540444"/>
  <node id="11589664204" lat="40.4613455" lon="33.1541962"/>
  <node id="11589664205" lat="40.4606428" lon="33.1544291"/>
  <node id="11589664206" lat="40.4606923" lon="33.1545101"/>
  <node id="7365636257" lat="40.4640320" lon="33.1558923"/>
  <node id="11589125111" lat="40.4447061" lon="33.1672753"/>
  <node id="7365636265" lat="40.4415594" lon="33.1717570"/>
  <node id="7365636266" lat="40.4395230" lon="33.1719768"/>
  <node id="11589125112" lat="40.4425968" lon="33.1695352"/>
  <node id="11589125113" lat="40.4415066" lon="33.1721183"/>
  <node id="11589125115" lat="40.4390673" lon="33.1716614"/>
  <node id="7365636262" lat="40.4510244" lon="33.1646541"/>
  <node id="7365636263" lat="40.4489801" lon="33.1663558"/>
  <node id="7365636264" lat="40.4461694" lon="33.1674482"/>
  <node id="11589125108" lat="40.4508422" lon="33.1649014"/>
  <node id="11589125109" lat="40.4472477" lon="33.1672548"/>
  <node id="11589125110" lat="40.4469955" lon="33.1673340"/>
  <node id="11589664211" lat="40.4520174" lon="33.1624217"/>
  <node id="11589664212" lat="40.4518438" lon="33.1628134"/>
  <node id="11589664213" lat="40.4517374" lon="33.1632129"/>
  <node id="11589664214" lat="40.4516417" lon="33.1642906"/>
  <node id="7365636261" lat="40.4522895" lon="33.1620756"/>
  <node id="11589664210" lat="40.4533247" lon="33.1612898"/>
  <node id="7365636242" lat="40.4682255" lon="33.1366429"/>
  <node id="11589646671" lat="40.4681294" lon="33.1363846"/>
  <node id="11589646674" lat="40.4657537" lon="33.1351713"/>
  <node id="11589646680" lat="40.4678530" lon="33.1402279"/>
  <node id="7365636252" lat="40.4658691" lon="33.1448828"/>
  <node id="7365636253" lat="40.4684379" lon="33.1443317"/>
  <node id="7365636254" lat="40.4696888" lon="33.1468100"/>
  <node id="11589664202" lat="40.4667820" lon="33.1453522"/>
  <node id="7365636240" lat="40.4735205" lon="33.1399697"/>
  <node id="11589646669" lat="40.4727013" lon="33.1412470"/>
  <node id="11589646670" lat="40.4721469" lon="33.1413906"/>
  <node id="7365636255" lat="40.4672224" lon="33.1512631"/>
  <node id="7365636256" lat="40.4664772" lon="33.1537431"/>
  <node id="11589664203" lat="40.4697173" lon="33.1481357"/>
  <node id="7365635979" lat="40.3914753" lon="33.3155637"/>
  <node id="7365635981" lat="40.3897185" lon="33.3147968"/>
  <node id="7365635982" lat="40.3885127" lon="33.3126671"/>
  <node id="7365635983" lat="40.3876778" lon="33.3137573"/>
  <node id="11843502635" lat="40.3871753" lon="33.3137633"/>
  <node id="11843502639" lat="40.3914922" lon="33.3145082"/>
  <node id="13914257624" lat="40.3900338" lon="33.3149196"/>
  <node id="7365635976" lat="40.3993454" lon="33.3154577"/>
  <node id="7365635978" lat="40.3948750" lon="33.3153359"/>
  <node id="13914257625" lat="40.3945923" lon="33.3140215"/>
  <node id="13919909665" lat="40.3978172" lon="33.3145626"/>
  <node id="13919909666" lat="40.3988766" lon="33.3155817"/>
  <node id="13919909667" lat="40.3990257" lon="33.3146580"/>
  <node id="7365635973" lat="40.4018630" lon="33.3172564"/>
  <node id="7365635974" lat="40.4013452" lon="33.3163071"/>
  <node id="11843502644" lat="40.4021077" lon="33.3142813"/>
  <node id="13919909668" lat="40.3997485" lon="33.3149921"/>
  <node id="13919909669" lat="40.4005735" lon="33.3152124"/>
  <node id="13919909670" lat="40.4008749" lon="33.3157290"/>
  <node id="13919909671" lat="40.4005443" lon="33.3167084"/>
  <node id="13919909672" lat="40.4010362" lon="33.3169719"/>
  <node id="13919909673" lat="40.4017898" lon="33.3165181"/>
  <node id="13919909674" lat="40.4019729" lon="33.3154778"/>
  <node id="13919909675" lat="40.4030064" lon="33.3140373"/>
  <node id="13919909676" lat="40.4024187" lon="33.3136732"/>
  <node id="7365635970" lat="40.4083076" lon="33.3140536"/>
  <node id="11843502649" lat="40.4078464" lon="33.3144530"/>
  <node id="11843502652" lat="40.4112439" lon="33.3172614"/>
  <node id="13919909677" lat="40.4107569" lon="33.3154130"/>
  <node id="11843502656" lat="40.4092568" lon="33.3217291"/>
  <node id="11843502657" lat="40.4079678" lon="33.3250349"/>
  <node id="13919909678" lat="40.4104942" lon="33.3187153"/>
  <node id="13919909679" lat="40.4085988" lon="33.3217754"/>
  <node id="13919909680" lat="40.4082377" lon="33.3219316"/>
  <node id="7365635966" lat="40.4074533" lon="33.3287898"/>
  <node id="7365635968" lat="40.4072466" lon="33.3283603"/>
  <node id="11843502658" lat="40.4079240" lon="33.3259738"/>
  <node id="11843502659" lat="40.4077842" lon="33.3273431"/>
  <node id="11843502660" lat="40.4073006" lon="33.3275105"/>
  <node id="13919909681" lat="40.4074840" lon="33.3279688"/>
  <node id="7365635964" lat="40.4054026" lon="33.3328160"/>
  <node id="11843502668" lat="40.4050657" lon="33.3350265"/>
  <node id="13919909682" lat="40.4053979" lon="33.3338388"/>
  <node id="13919909683" lat="40.4057681" lon="33.3337351"/>
  <node id="13919909684" lat="40.4058780" lon="33.3344219"/>
  <node id="11843505372" lat="40.4040503" lon="33.3391888"/>
  <node id="11843505373" lat="40.4033902" lon="33.3397884"/>
  <node id="11843505374" lat="40.4027388" lon="33.3390704"/>
  <node id="11843505375" lat="40.4021709" lon="33.3397848"/>
  <node id="11843505376" lat="40.4017488" lon="33.3409507"/>
  <node id="11843505378" lat="40.4017999" lon="33.3417768"/>
  <node id="11843505387" lat="40.4011208" lon="33.3415920"/>
  <node id="11843505388" lat="40.4017031" lon="33.3433306"/>
  <node id="11843502662" lat="40.4066812" lon="33.3316603"/>
  <node id="7365636007" lat="40.3519779" lon="33.3468944"/>
  <node id="13914257608" lat="40.3533553" lon="33.3456680"/>
  <node id="13914257609" lat="40.3567247" lon="33.3450965"/>
  <node id="13919909662" lat="40.3552086" lon="33.3451207"/>
  <node id="13919949122" lat="40.3571937" lon="33.4284793"/>
  <node id="13919949123" lat="40.3553297" lon="33.4316368"/>
  <node id="13919949124" lat="40.3557372" lon="33.4330138"/>
  <node id="13919949125" lat="40.3552683" lon="33.4338918"/>
  <node id="13919949126" lat="40.3554974" lon="33.4349787"/>
  <node id="13919949127" lat="40.3565260" lon="33.4351347"/>
  <node id="13919949128" lat="40.3558445" lon="33.4355700"/>
  <node id="13919949131" lat="40.3535864" lon="33.4367970"/>
  <node id="13919949132" lat="40.3518531" lon="33.4382082"/>
  <node id="13919949133" lat="40.3505977" lon="33.4383826"/>
  <node id="13919949134" lat="40.3505714" lon="33.4394927"/>
  <node id="13919949135" lat="40.3514585" lon="33.4396510"/>
  <node id="13919949136" lat="40.3507252" lon="33.4418943"/>
  <node id="7365635883" lat="40.3499599" lon="33.4492932"/>
  <node id="7365635884" lat="40.3496325" lon="33.4470324"/>
  <node id="11849716335" lat="40.3506554" lon="33.4440633"/>
  <node id="13919949138" lat="40.3511528" lon="33.4440275"/>
  <node id="13919949139" lat="40.3514117" lon="33.4446299"/>
  <node id="13919949129" lat="40.3556251" lon="33.4371168"/>
  <node id="13919949130" lat="40.3550030" lon="33.4377040"/>
  <node id="7365635930" lat="40.3864094" lon="33.4019355"/>
  <node id="11849716337" lat="40.3865265" lon="33.4098190"/>
  <node id="11849716356" lat="40.3858190" lon="33.4224663"/>
  <node id="11849666160" lat="40.3603784" lon="33.4279696"/>
  <node id="11849716359" lat="40.3658344" lon="33.4334195"/>
  <node id="13919949120" lat="40.3664339" lon="33.4349488"/>
  <node id="13919949121" lat="40.3654649" lon="33.4338981"/>
  <node id="13919949116" lat="40.3718980" lon="33.4364263"/>
  <node id="13919949118" lat="40.3683943" lon="33.4362649"/>
  <node id="13919949119" lat="40.3671067" lon="33.4359900"/>
  <node id="13919949115" lat="40.3730644" lon="33.4377451"/>
  <node id="13919949117" lat="40.3704820" lon="33.4368799"/>
  <node id="13919949105" lat="40.3792620" lon="33.4262296"/>
  <node id="13919949106" lat="40.3777701" lon="33.4280685"/>
  <node id="13919949107" lat="40.3768533" lon="33.4296172"/>
  <node id="11849716358" lat="40.3775189" lon="33.4322427"/>
  <node id="13919949108" lat="40.3785258" lon="33.4324842"/>
  <node id="13919949109" lat="40.3775863" lon="33.4342677"/>
  <node id="13919949110" lat="40.3765933" lon="33.4331293"/>
  <node id="13919949111" lat="40.3752391" lon="33.4348338"/>
  <node id="11849716357" lat="40.3843930" lon="33.4248161"/>
  <node id="13919949104" lat="40.3854259" lon="33.4247542"/>
  <node id="13919949112" lat="40.3752733" lon="33.4366832"/>
  <node id="13919949113" lat="40.3747793" lon="33.4385267"/>
  <node id="13919949114" lat="40.3741596" lon="33.4380553"/>
  <node id="7365635842" lat="40.3194579" lon="33.4937839"/>
  <node id="7365635838" lat="40.3196589" lon="33.5006656"/>
  <node id="7365635839" lat="40.3201543" lon="33.4992111"/>
  <node id="7365635840" lat="40.3203775" lon="33.4955476"/>
  <node id="7365635841" lat="40.3195479" lon="33.4956516"/>
  <node id="7365635848" lat="40.3229287" lon="33.4878342"/>
  <node id="7365635849" lat="40.3319664" lon="33.4938460"/>
  <node id="7365635831" lat="40.3200847" lon="33.5078192"/>
  <node id="7365635832" lat="40.3203055" lon="33.5073099"/>
  <node id="7365635833" lat="40.3207150" lon="33.5065656"/>
  <node id="7365635834" lat="40.3210690" lon="33.5062055"/>
  <node id="7365635835" lat="40.3215291" lon="33.5031966"/>
  <node id="7365635837" lat="40.3214537" lon="33.5021717"/>
  <node id="7365635830" lat="40.3225667" lon="33.5116490"/>
  <node id="11851286742" lat="40.3238326" lon="33.5136345"/>
  <node id="11851400948" lat="40.3236331" lon="33.5146269"/>
  <node id="11851286743" lat="40.3230443" lon="33.5175565"/>
  <node id="11851286744" lat="40.3252127" lon="33.5181595"/>
  <node id="11851286745" lat="40.3263215" lon="33.5182067"/>
  <node id="11851286746" lat="40.3260184" lon="33.5198725"/>
  <node id="11851286747" lat="40.3255402" lon="33.5209084"/>
  <node id="11851286748" lat="40.3248697" lon="33.5216019"/>
  <node id="7365635820" lat="40.3271325" lon="33.5276597"/>
  <node id="7365635821" lat="40.3264238" lon="33.5266202"/>
  <node id="7365635823" lat="40.3251043" lon="33.5254791"/>
  <node id="11851286749" lat="40.3247330" lon="33.5224310"/>
  <node id="11851286750" lat="40.3249092" lon="33.5231910"/>
  <node id="7365635818" lat="40.3294028" lon="33.5338598"/>
  <node id="7365635819" lat="40.3288428" lon="33.5301780"/>
  <node id="11851286751" lat="40.3293349" lon="33.5289693"/>
  <node id="11851286752" lat="40.3292142" lon="33.5314994"/>
  <node id="11851286753" lat="40.3292195" lon="33.5330485"/>
  <node id="11851286754" lat="40.3292324" lon="33.5344603"/>
  <node id="7365635817" lat="40.3309754" lon="33.5359189"/>
  <node id="11851286755" lat="40.3300119" lon="33.5354141"/>
  <node id="11851286756" lat="40.3329279" lon="33.5383761"/>
  <node id="11851286757" lat="40.3332879" lon="33.5398517"/>
  <node id="11850156951" lat="40.3471057" lon="33.4516430"/>
  <node id="11850156952" lat="40.3467219" lon="33.4511500"/>
  <node id="11850156954" lat="40.3449023" lon="33.4513586"/>
  <node id="13919949137" lat="40.3438767" lon="33.4523428"/>
  <node id="7365635872" lat="40.3411330" lon="33.4619996"/>
  <node id="7365635873" lat="40.3421628" lon="33.4606795"/>
  <node id="7365635874" lat="40.3425279" lon="33.4597584"/>
  <node id="11850156953" lat="40.3427965" lon="33.4584425"/>
  <node id="7365635871" lat="40.3398159" lon="33.4670981"/>
  <node id="11850156955" lat="40.3405508" lon="33.4655294"/>
  <node id="13919949141" lat="40.3389779" lon="33.4656225"/>
  <node id="7365635870" lat="40.3393926" lon="33.4697880"/>
  <node id="11850156958" lat="40.3396673" lon="33.4744270"/>
  <node id="13919949142" lat="40.3392517" lon="33.4714583"/>
  <node id="7365635880" lat="40.3494075" lon="33.4496023"/>
  <node id="11850156950" lat="40.3484820" lon="33.4513726"/>
  <node id="13919949140" lat="40.3475448" lon="33.4523454"/>
  <node id="7365635868" lat="40.3403856" lon="33.4814670"/>
  <node id="7365635869" lat="40.3388633" lon="33.4758378"/>
  <node id="13919949143" lat="40.3395993" lon="33.4796626"/>
  <node id="7365635859" lat="40.3432764" lon="33.4874255"/>
  <node id="11851194461" lat="40.3424174" lon="33.4879795"/>
  <node id="13919949144" lat="40.3408892" lon="33.4826348"/>
  <node id="13919949145" lat="40.3414787" lon="33.4843031"/>
  <node id="13919949146" lat="40.3426195" lon="33.4854291"/>
  <node id="1346560513" lat="40.3390939" lon="33.4913535"/>
  <node id="7365635858" lat="40.3369710" lon="33.4932336"/>
  <node id="11851194462" lat="40.3425491" lon="33.4896841"/>
  <node id="11851194463" lat="40.3428383" lon="33.4890775"/>
  <node id="7365635816" lat="40.3384070" lon="33.5444623"/>
  <node id="7365635808" lat="40.3469493" lon="33.5524525"/>
  <node id="7365635809" lat="40.3444867" lon="33.5511712"/>
  <node id="7365635810" lat="40.3433194" lon="33.5519557"/>
  <node id="7365635811" lat="40.3409111" lon="33.5488055"/>
  <node id="7365635807" lat="40.3480458" lon="33.5523182"/>
  <node id="11851286758" lat="40.3492961" lon="33.5523284"/>
  <node id="11851286759" lat="40.3495112" lon="33.5528006"/>
  <node id="7365635953" lat="40.3972259" lon="33.3511865"/>
  <node id="11846409406" lat="40.3986316" lon="33.3497912"/>
  <node id="7365635947" lat="40.3947295" lon="33.3568508"/>
  <node id="7365635948" lat="40.3955578" lon="33.3562402"/>
  <node id="7365635949" lat="40.3963860" lon="33.3554808"/>
  <node id="7365635950" lat="40.3973018" lon="33.3563949"/>
  <node id="7365635952" lat="40.3981007" lon="33.3537383"/>
  <node id="11846409408" lat="40.3984518" lon="33.3514435"/>
  <node id="11846409409" lat="40.3969254" lon="33.3513390"/>
  <node id="11846409410" lat="40.3973867" lon="33.3540863"/>
  <node id="11846409411" lat="40.3980703" lon="33.3554849"/>
  <node id="11846409414" lat="40.3958077" lon="33.3564971"/>
  <node id="11846409415" lat="40.3950180" lon="33.3572587"/>
  <node id="13919909685" lat="40.3975879" lon="33.3527979"/>
  <node id="7365635943" lat="40.3909850" lon="33.3613949"/>
  <node id="11846409423" lat="40.3908710" lon="33.3625936"/>
  <node id="11846409424" lat="40.3906070" lon="33.3644227"/>
  <node id="11849815263" lat="40.3923885" lon="33.3667894"/>
  <node id="13919909686" lat="40.3909693" lon="33.3646403"/>
  <node id="7365635945" lat="40.3937781" lon="33.3593609"/>
  <node id="7365635946" lat="40.3935115" lon="33.3586742"/>
  <node id="11846409422" lat="40.3932855" lon="33.3611811"/>
  <node id="7365635938" lat="40.3952259" lon="33.3682528"/>
  <node id="11846409427" lat="40.3950142" lon="33.3666067"/>
  <node id="11846409428" lat="40.3950951" lon="33.3696177"/>
  <node id="11846409429" lat="40.3940797" lon="33.3695517"/>
  <node id="13919909687" lat="40.3932817" lon="33.3665258"/>
  <node id="13919909688" lat="40.3938589" lon="33.3654382"/>
  <node id="13919909689" lat="40.3942391" lon="33.3650253"/>
  <node id="7365635954" lat="40.4003277" lon="33.3465493"/>
  <node id="11843505395" lat="40.4010922" lon="33.3456172"/>
  <node id="11846409400" lat="40.4009860" lon="33.3494352"/>
  <node id="7365635934" lat="40.3891685" lon="33.3772760"/>
  <node id="7365635936" lat="40.3912613" lon="33.3760777"/>
  <node id="7365635937" lat="40.3912218" lon="33.3750985"/>
  <node id="7365635932" lat="40.3920301" lon="33.3836755"/>
  <node id="7365635933" lat="40.3891476" lon="33.3795680"/>
  <node id="11846409430" lat="40.3890052" lon="33.3780938"/>
  <node id="11846409432" lat="40.3894998" lon="33.3789811"/>
  <node id="11846409433" lat="40.3897041" lon="33.3803874"/>
  <node id="11846409434" lat="40.3905644" lon="33.3812272"/>
  <node id="11846409435" lat="40.3917986" lon="33.3826983"/>
  <node id="7365635931" lat="40.3921783" lon="33.3859460"/>
  <node id="11846409437" lat="40.3930265" lon="33.3846698"/>
  <node id="11846409438" lat="40.3926988" lon="33.3866375"/>
  <node id="11846409439" lat="40.3915917" lon="33.3881530"/>
  <node id="13919909690" lat="40.3931811" lon="33.3939197"/>
  <node id="13919909691" lat="40.3895887" lon="33.3983836"/>
  <node id="13919909695" lat="40.3865986" lon="33.4101034"/>
  <node id="13919909692" lat="40.3867827" lon="33.4110858"/>
  <node id="13919909693" lat="40.3868716" lon="33.4107233"/>
  <node id="13919909694" lat="40.3868485" lon="33.4104252"/>
  <node id="13919909696" lat="40.3870321" lon="33.4124833"/>
  <node id="11849716338" lat="40.3919532" lon="33.4193814"/>
  <node id="13919909697" lat="40.3915147" lon="33.4180456"/>
  <node id="13825069858" lat="40.7077760" lon="32.4927260"/>
  <node id="13825069854" lat="40.7016520" lon="32.4981110"/>
  <node id="13825069855" lat="40.7022350" lon="32.4958540"/>
  <node id="13825069856" lat="40.7041870" lon="32.4940080"/>
  <node id="13825069857" lat="40.7064970" lon="32.4932360"/>
  <node id="13825069859" lat="40.7083470" lon="32.4962820"/>
  <node id="13825069860" lat="40.7088890" lon="32.5000840"/>
  <node id="13825069861" lat="40.7296650" lon="32.5136090"/>
  <node id="13825069862" lat="40.7359960" lon="32.5277310"/>
  <node id="13825069863" lat="40.7365670" lon="32.5438500"/>
  <node id="13825051251" lat="40.7394031" lon="32.5561815"/>
  <node id="7364523722" lat="40.7394134" lon="32.5698801"/>
  <node id="11887635199" lat="40.7382061" lon="32.5788359"/>
  <node id="11887635201" lat="40.7418430" lon="32.5682190"/>
  <node id="13825069864" lat="40.7415350" lon="32.5654510"/>
  <node id="13894644782" lat="40.7439939" lon="32.5836638"/>
  <node id="13894644783" lat="40.7409537" lon="32.5818399"/>
  <node id="7364523714" lat="40.7468307" lon="32.5905576"/>
  <node id="11887554852" lat="40.7448482" lon="32.5897861"/>
  <node id="13894644781" lat="40.7429534" lon="32.5897149"/>
  <node id="151018158" lat="40.7486008" lon="32.5946679"/>
  <node id="7364523712" lat="40.7485870" lon="32.5922356"/>
  <node id="11887554850" lat="40.7488353" lon="32.5932566"/>
  <node id="11887554851" lat="40.7477429" lon="32.5912910"/>
  <node id="1481322349" lat="40.7453986" lon="32.6018186"/>
  <node id="11887554845" lat="40.7453658" lon="32.6033746"/>
  <node id="7364523711" lat="40.7448639" lon="32.6058278"/>
  <node id="13894644784" lat="40.7451074" lon="32.6093842"/>
  <node id="7364523708" lat="40.7428475" lon="32.6163608"/>
  <node id="7364523709" lat="40.7431106" lon="32.6118995"/>
  <node id="11887554842" lat="40.7419611" lon="32.6141712"/>
  <node id="11887554843" lat="40.7423503" lon="32.6153020"/>
  <node id="11887554844" lat="40.7421720" lon="32.6139365"/>
  <node id="7364523706" lat="40.7466067" lon="32.6222705"/>
  <node id="7364523707" lat="40.7451112" lon="32.6197814"/>
  <node id="7364523705" lat="40.7494028" lon="32.6227855"/>
  <node id="7364523704" lat="40.7489629" lon="32.6605289"/>
  <node id="11886142866" lat="40.7500889" lon="32.6628642"/>
  <node id="11886142867" lat="40.7508508" lon="32.6629056"/>
  <node id="11886142868" lat="40.7492375" lon="32.6608895"/>
  <node id="11886155569" lat="40.7493155" lon="32.6613081"/>
  <node id="7364523672" lat="40.7062518" lon="32.7143486"/>
  <node id="7364523673" lat="40.7071265" lon="32.7129184"/>
  <node id="7364523674" lat="40.7102453" lon="32.7102378"/>
  <node id="7364523675" lat="40.7111918" lon="32.7110471"/>
  <node id="7364523676" lat="40.7127538" lon="32.7125322"/>
  <node id="11886036015" lat="40.7095928" lon="32.7113949"/>
  <node id="11886036016" lat="40.7121449" lon="32.7118287"/>
  <node id="11886036017" lat="40.7136049" lon="32.7132686"/>
  <node id="13894644787" lat="40.7084664" lon="32.7116846"/>
  <node id="7364523677" lat="40.7153145" lon="32.7135644"/>
  <node id="11886036018" lat="40.7147063" lon="32.7133866"/>
  <node id="11886036019" lat="40.7185765" lon="32.7113769"/>
  <node id="11886036020" lat="40.7199076" lon="32.7126867"/>
  <node id="11886036021" lat="40.7222881" lon="32.7137171"/>
  <node id="11886036023" lat="40.7261772" lon="32.7129976"/>
  <node id="7364523701" lat="40.7532498" lon="32.6644723"/>
  <node id="7364523702" lat="40.7528129" lon="32.6640432"/>
  <node id="7364523703" lat="40.7514995" lon="32.6636569"/>
  <node id="13894644785" lat="40.7534032" lon="32.6848594"/>
  <node id="11886036024" lat="40.7326429" lon="32.7101551"/>
  <node id="11886036025" lat="40.7367072" lon="32.7060555"/>
  <node id="13894644786" lat="40.7482556" lon="32.6959503"/>
  <node id="11886036026" lat="40.7410233" lon="32.7044451"/>
  <node id="7364523699" lat="40.7547507" lon="32.6691555"/>
  <node id="7364523700" lat="40.7541405" lon="32.6674133"/>
  <node id="11886142845" lat="40.7545535" lon="32.6681962"/>
  <node id="7364523697" lat="40.7562828" lon="32.6716184"/>
  <node id="7364523670" lat="40.7015625" lon="32.7217798"/>
  <node id="7364523671" lat="40.7054238" lon="32.7168915"/>
  <node id="11886014330" lat="40.7018120" lon="32.7200067"/>
  <node id="11886036013" lat="40.7023184" lon="32.7191541"/>
  <node id="11886036014" lat="40.7045249" lon="32.7181558"/>
  <node id="11886036022" lat="40.7239941" lon="32.7161905"/>
  <node id="151008677" lat="38.6757357" lon="33.5551667"/>
  <node id="151008433" lat="38.6908184" lon="33.6169356"/>
  <node id="151008312" lat="38.6947093" lon="33.6238785"/>
  <node id="151008417" lat="38.6887577" lon="33.6436035"/>
  <node id="151008412" lat="38.6918154" lon="33.6518673"/>
  <node id="151008410" lat="38.6923719" lon="33.6532413"/>
  <node id="1480173173" lat="38.6955439" lon="33.6539990"/>
  <node id="7363111978" lat="38.6986403" lon="33.6534404"/>
  <node id="7363111977" lat="38.7032622" lon="33.6541270"/>
  <node id="7363111975" lat="38.7078168" lon="33.6631393"/>
  <node id="7363111976" lat="38.7052716" lon="33.6599635"/>
  <node id="7363111971" lat="38.7083527" lon="33.6706924"/>
  <node id="7363111972" lat="38.7075489" lon="33.6696624"/>
  <node id="7363111973" lat="38.7070801" lon="33.6682891"/>
  <node id="7363111974" lat="38.7082187" lon="33.6662292"/>
  <node id="7363111970" lat="38.7110987" lon="33.6703490"/>
  <node id="7363111968" lat="38.7137106" lon="33.6772155"/>
  <node id="7363111969" lat="38.7118354" lon="33.6734389"/>
  <node id="7363111967" lat="38.7146482" lon="33.6799621"/>
  <node id="7363111966" lat="38.7165234" lon="33.6827945"/>
  <node id="7363111964" lat="38.7190682" lon="33.6891460"/>
  <node id="7363111965" lat="38.7167243" lon="33.6862277"/>
  <node id="7363111963" lat="38.7202736" lon="33.6929225"/>
  <node id="7363111962" lat="38.7222825" lon="33.6966991"/>
  <node id="7363111961" lat="38.7224834" lon="33.7016772"/>
  <node id="7363111959" lat="38.7321925" lon="33.7106895"/>
  <node id="7363111960" lat="38.7295143" lon="33.7075996"/>
  <node id="7363111957" lat="38.7349376" lon="33.7143802"/>
  <node id="7363111958" lat="38.7313221" lon="33.7117194"/>
  <node id="7363111956" lat="38.7359419" lon="33.7168693"/>
  <node id="7363111950" lat="38.7373478" lon="33.7237357"/>
  <node id="7363111951" lat="38.7376826" lon="33.7216758"/>
  <node id="7363111952" lat="38.7400927" lon="33.7210750"/>
  <node id="7363111953" lat="38.7395571" lon="33.7205600"/>
  <node id="7363111954" lat="38.7385529" lon="33.7190150"/>
  <node id="7363111955" lat="38.7373478" lon="33.7189292"/>
  <node id="7363111946" lat="38.7413647" lon="33.7293147"/>
  <node id="7363111947" lat="38.7403605" lon="33.7275981"/>
  <node id="7363111948" lat="38.7382182" lon="33.7267398"/>
  <node id="7363111949" lat="38.7371470" lon="33.7251948"/>
  <node id="7363111944" lat="38.7404944" lon="33.7345504"/>
  <node id="7363111945" lat="38.7408961" lon="33.7315463"/>
  <node id="7363111940" lat="38.7455822" lon="33.7323188"/>
  <node id="7363111941" lat="38.7443772" lon="33.7318896"/>
  <node id="7363111942" lat="38.7437747" lon="33.7335204"/>
  <node id="7363111943" lat="38.7426367" lon="33.7348937"/>
  <node id="7363111939" lat="38.7495986" lon="33.7374686"/>
  <node id="7363111935" lat="38.7535479" lon="33.7383269"/>
  <node id="7363111936" lat="38.7530124" lon="33.7392711"/>
  <node id="7363111937" lat="38.7514059" lon="33.7397861"/>
  <node id="7363111938" lat="38.7499333" lon="33.7397002"/>
  <node id="7363111931" lat="38.7601741" lon="33.7435626"/>
  <node id="7363111932" lat="38.7591702" lon="33.7397861"/>
  <node id="7363111933" lat="38.7571622" lon="33.7395286"/>
  <node id="7363111934" lat="38.7552881" lon="33.7379836"/>
  <node id="7363111929" lat="38.7609103" lon="33.7467383"/>
  <node id="7363111930" lat="38.7609772" lon="33.7458800"/>
  <node id="7363111922" lat="38.7677366" lon="33.7481116"/>
  <node id="7363111923" lat="38.7656620" lon="33.7466525"/>
  <node id="7363111924" lat="38.7641228" lon="33.7477683"/>
  <node id="7363111925" lat="38.7660636" lon="33.7487125"/>
  <node id="7363111928" lat="38.7623158" lon="33.7492274"/>
  <node id="7363111919" lat="38.7694096" lon="33.7509441"/>
  <node id="7363111920" lat="38.7700119" lon="33.7491416"/>
  <node id="7363111921" lat="38.7690750" lon="33.7491416"/>
  <node id="7363111926" lat="38.7663312" lon="33.7514590"/>
  <node id="7363111927" lat="38.7640558" lon="33.7517165"/>
  <node id="7363111916" lat="38.7740269" lon="33.7542914"/>
  <node id="7363111917" lat="38.7714841" lon="33.7542914"/>
  <node id="7363111918" lat="38.7707480" lon="33.7528323"/>
  <node id="7363111913" lat="38.7756329" lon="33.7549781"/>
  <node id="7363111914" lat="38.7772388" lon="33.7537765"/>
  <node id="7363111915" lat="38.7760344" lon="33.7525748"/>
  <node id="7363111908" lat="38.7801160" lon="33.7627029"/>
  <node id="7363111909" lat="38.7795807" lon="33.7605571"/>
  <node id="7363111911" lat="38.7794469" lon="33.7591838"/>
  <node id="7363111912" lat="38.7776403" lon="33.7576388"/>
  <node id="7363111903" lat="38.7855355" lon="33.7636470"/>
  <node id="7363111904" lat="38.7845988" lon="33.7632178"/>
  <node id="7363111905" lat="38.7833945" lon="33.7615871"/>
  <node id="7363111906" lat="38.7814542" lon="33.7629603"/>
  <node id="7363111907" lat="38.7811865" lon="33.7615871"/>
  <node id="7363111910" lat="38.7809858" lon="33.7598704"/>
  <node id="7363111902" lat="38.7874757" lon="33.7650203"/>
  <node id="7363111894" lat="38.7926270" lon="33.7705993"/>
  <node id="7363111895" lat="38.7911553" lon="33.7684535"/>
  <node id="7363111896" lat="38.7898842" lon="33.7686252"/>
  <node id="7363111897" lat="38.7905532" lon="33.7705993"/>
  <node id="7363111898" lat="38.7887468" lon="33.7703418"/>
  <node id="7363111899" lat="38.7876095" lon="33.7694835"/>
  <node id="7363111900" lat="38.7877433" lon="33.7675094"/>
  <node id="7363111901" lat="38.7886799" lon="33.7668227"/>
  <node id="7363111891" lat="38.7929615" lon="33.7766933"/>
  <node id="7363111892" lat="38.7930953" lon="33.7743758"/>
  <node id="7363111893" lat="38.7914897" lon="33.7721442"/>
  <node id="7363111887" lat="38.7997513" lon="33.7769293"/>
  <node id="7363111889" lat="38.7955036" lon="33.7760066"/>
  <node id="7363111890" lat="38.7936974" lon="33.7777232"/>
  <node id="7363111888" lat="38.7980289" lon="33.7787747"/>
  <node id="7363083382" lat="38.8056877" lon="33.7681102"/>
  <node id="7363083383" lat="38.8035473" lon="33.7702345"/>
  <node id="9069277084" lat="38.8030623" lon="33.7695050"/>
  <node id="9069277085" lat="38.8023600" lon="33.7705135"/>
  <node id="7363083384" lat="38.8013734" lon="33.7718009"/>
  <node id="7363111885" lat="38.8017413" lon="33.7731313"/>
  <node id="7363111886" lat="38.8014905" lon="33.7751698"/>
  <node id="9069277086" lat="38.8027780" lon="33.7711572"/>
  <node id="9069277087" lat="38.8017412" lon="33.7713289"/>
  <node id="7363083379" lat="38.8115399" lon="33.7657927"/>
  <node id="7363083380" lat="38.8096840" lon="33.7655567"/>
  <node id="7363083381" lat="38.8078280" lon="33.7686680"/>
  <node id="7363112006" lat="38.9296372" lon="33.7378141"/>
  <node id="7363112007" lat="38.9265979" lon="33.7378120"/>
  <node id="7363112009" lat="38.9240605" lon="33.7401294"/>
  <node id="7363112010" lat="38.9246615" lon="33.7417602"/>
  <node id="7363112011" lat="38.9236599" lon="33.7421464"/>
  <node id="7363112012" lat="38.9222242" lon="33.7423181"/>
  <node id="7363112013" lat="38.9214563" lon="33.7428760"/>
  <node id="7363112014" lat="38.9208887" lon="33.7446785"/>
  <node id="7363112015" lat="38.9204546" lon="33.7464380"/>
  <node id="7363112016" lat="38.9197201" lon="33.7468671"/>
  <node id="7363112017" lat="38.9197868" lon="33.7481117"/>
  <node id="7363112018" lat="38.9209888" lon="33.7503862"/>
  <node id="7361782968" lat="38.9297028" lon="33.7394428"/>
  <node id="7363112008" lat="38.9254294" lon="33.7392711"/>
  <node id="7363112019" lat="38.9223244" lon="33.7521028"/>
  <node id="7363112020" lat="38.9213895" lon="33.7532615"/>
  <node id="7363112021" lat="38.9227918" lon="33.7542486"/>
  <node id="7363112022" lat="38.9229921" lon="33.7572956"/>
  <node id="7363112004" lat="38.9199538" lon="33.7635612"/>
  <node id="7363112005" lat="38.9222910" lon="33.7614154"/>
  <node id="7363112023" lat="38.9232592" lon="33.7597417"/>
  <node id="1401082448" lat="38.9332414" lon="33.7412667"/>
  <node id="7361839564" lat="38.9327157" lon="33.7412451"/>
  <node id="9982172783" lat="38.9334751" lon="33.7412989"/>
  <node id="9982172781" lat="38.9372556" lon="33.7466955"/>
  <node id="9982172782" lat="38.9364461" lon="33.7460410"/>
  <node id="9982172778" lat="38.9425880" lon="33.7441957"/>
  <node id="9982172779" lat="38.9410192" lon="33.7459767"/>
  <node id="9982172780" lat="38.9398092" lon="33.7472534"/>
  <node id="9982172770" lat="38.9569810" lon="33.7370717"/>
  <node id="9982172771" lat="38.9550455" lon="33.7363315"/>
  <node id="9982172772" lat="38.9524423" lon="33.7364817"/>
  <node id="7361839587" lat="38.9674298" lon="33.7247121"/>
  <node id="9982172730" lat="38.9667625" lon="33.7241328"/>
  <node id="9982172731" lat="38.9663162" lon="33.7243473"/>
  <node id="9982172732" lat="38.9655185" lon="33.7242334"/>
  <node id="9982172736" lat="38.9641306" lon="33.7266862"/>
  <node id="9982172740" lat="38.9627958" lon="33.7270510"/>
  <node id="9982172741" lat="38.9623454" lon="33.7280381"/>
  <node id="9982172742" lat="38.9627041" lon="33.7285101"/>
  <node id="9982172743" lat="38.9608104" lon="33.7289715"/>
  <node id="9982172744" lat="38.9610439" lon="33.7294328"/>
  <node id="9982172745" lat="38.9612525" lon="33.7297654"/>
  <node id="9982172746" lat="38.9588415" lon="33.7302267"/>
  <node id="9982172747" lat="38.9588582" lon="33.7306237"/>
  <node id="9982172748" lat="38.9588916" lon="33.7312245"/>
  <node id="9982172749" lat="38.9588832" lon="33.7317502"/>
  <node id="9982172750" lat="38.9590417" lon="33.7315893"/>
  <node id="9982172751" lat="38.9596090" lon="33.7314606"/>
  <node id="9982172752" lat="38.9604683" lon="33.7318575"/>
  <node id="9982172753" lat="38.9604516" lon="33.7321150"/>
  <node id="9982172754" lat="38.9602764" lon="33.7322867"/>
  <node id="9982172755" lat="38.9599761" lon="33.7324583"/>
  <node id="9982172756" lat="38.9611190" lon="33.7331128"/>
  <node id="9982172757" lat="38.9615528" lon="33.7335205"/>
  <node id="9982172758" lat="38.9618031" lon="33.7338853"/>
  <node id="9982172759" lat="38.9625623" lon="33.7344432"/>
  <node id="9982172760" lat="38.9627458" lon="33.7341106"/>
  <node id="9982172761" lat="38.9628793" lon="33.7349582"/>
  <node id="9982172762" lat="38.9623036" lon="33.7357736"/>
  <node id="9982172763" lat="38.9623537" lon="33.7360740"/>
  <node id="9982172764" lat="38.9619533" lon="33.7362242"/>
  <node id="9982170921" lat="38.9677676" lon="33.7249482"/>
  <node id="9982170922" lat="38.9678511" lon="33.7258494"/>
  <node id="9982170923" lat="38.9696195" lon="33.7276572"/>
  <node id="9982170924" lat="38.9698155" lon="33.7277645"/>
  <node id="9982170925" lat="38.9701366" lon="33.7278020"/>
  <node id="9982170926" lat="38.9701742" lon="33.7281561"/>
  <node id="9982170927" lat="38.9699072" lon="33.7283224"/>
  <node id="9982170928" lat="38.9699031" lon="33.7284511"/>
  <node id="9982170929" lat="38.9700365" lon="33.7285745"/>
  <node id="9982170930" lat="38.9699072" lon="33.7286603"/>
  <node id="9982170931" lat="38.9699698" lon="33.7292021"/>
  <node id="9982170932" lat="38.9696695" lon="33.7292451"/>
  <node id="9982170933" lat="38.9696945" lon="33.7298459"/>
  <node id="9982170934" lat="38.9703410" lon="33.7297708"/>
  <node id="9982170935" lat="38.9703702" lon="33.7303019"/>
  <node id="9982170936" lat="38.9706788" lon="33.7303394"/>
  <node id="9982170937" lat="38.9706496" lon="33.7305164"/>
  <node id="9982172733" lat="38.9653986" lon="33.7252378"/>
  <node id="9982172734" lat="38.9644893" lon="33.7257206"/>
  <node id="9982172735" lat="38.9644893" lon="33.7260854"/>
  <node id="9982172737" lat="38.9645811" lon="33.7279737"/>
  <node id="9982172738" lat="38.9650232" lon="33.7290680"/>
  <node id="9982172739" lat="38.9649064" lon="33.7291968"/>
  <node id="9982172773" lat="38.9505317" lon="33.7380052"/>
  <node id="9982172774" lat="38.9500728" lon="33.7382519"/>
  <node id="9982172775" lat="38.9487628" lon="33.7389171"/>
  <node id="9982172776" lat="38.9476363" lon="33.7408590"/>
  <node id="9982172777" lat="38.9460259" lon="33.7423503"/>
  <node id="9982172765" lat="38.9624204" lon="33.7384665"/>
  <node id="9982172766" lat="38.9628459" lon="33.7387884"/>
  <node id="9982172767" lat="38.9625039" lon="33.7389064"/>
  <node id="9982172768" lat="38.9606518" lon="33.7390888"/>
  <node id="9982172769" lat="38.9594255" lon="33.7398398"/>
  <node id="9982170963" lat="38.9804709" lon="33.7244707"/>
  <node id="9982170964" lat="38.9809588" lon="33.7232476"/>
  <node id="9982170965" lat="38.9829437" lon="33.7231457"/>
  <node id="9982170939" lat="38.9733772" lon="33.7303662"/>
  <node id="9982170940" lat="38.9737609" lon="33.7297010"/>
  <node id="9982170941" lat="38.9740570" lon="33.7290037"/>
  <node id="9982170942" lat="38.9741112" lon="33.7295562"/>
  <node id="9982170943" lat="38.9742113" lon="33.7304467"/>
  <node id="9982170944" lat="38.9741696" lon="33.7307471"/>
  <node id="9982170938" lat="38.9728726" lon="33.7314445"/>
  <node id="9982170945" lat="38.9739027" lon="33.7316537"/>
  <node id="9982170946" lat="38.9739736" lon="33.7317020"/>
  <node id="9982170947" lat="38.9740778" lon="33.7316430"/>
  <node id="9982170948" lat="38.9789571" lon="33.7286496"/>
  <node id="9982170949" lat="38.9797870" lon="33.7261069"/>
  <node id="9982170950" lat="38.9801956" lon="33.7253183"/>
  <node id="9982170951" lat="38.9801581" lon="33.7257045"/>
  <node id="9982170952" lat="38.9803124" lon="33.7260908"/>
  <node id="9982170953" lat="38.9799496" lon="33.7261552"/>
  <node id="9982170954" lat="38.9790071" lon="33.7294811"/>
  <node id="9982170955" lat="38.9792157" lon="33.7297064"/>
  <node id="9982170956" lat="38.9797911" lon="33.7305593"/>
  <node id="9982170957" lat="38.9809046" lon="33.7293523"/>
  <node id="9982170958" lat="38.9812507" lon="33.7289232"/>
  <node id="9982170959" lat="38.9812757" lon="33.7281507"/>
  <node id="9982170960" lat="38.9805793" lon="33.7255329"/>
  <node id="9982170961" lat="38.9806460" lon="33.7254149"/>
  <node id="9982170962" lat="38.9804542" lon="33.7250984"/>
  <node id="9982170967" lat="38.9839695" lon="33.7262732"/>
  <node id="9982170966" lat="38.9848743" lon="33.7240416"/>
  <node id="7361839608" lat="38.9877765" lon="33.7277108"/>
  <node id="7361839609" lat="38.9878724" lon="33.7289124"/>
  <node id="7361839610" lat="38.9878683" lon="33.7305485"/>
  <node id="9982170968" lat="38.9877932" lon="33.7284726"/>
  <node id="9982170969" lat="38.9878640" lon="33.7296259"/>
  <node id="9982170970" lat="38.9849285" lon="33.7261337"/>
  <node id="9982170971" lat="38.9850078" lon="33.7263858"/>
  <node id="9982170972" lat="38.9851954" lon="33.7259620"/>
  <node id="9982170973" lat="38.9854206" lon="33.7259620"/>
  <node id="9982170974" lat="38.9856207" lon="33.7259889"/>
  <node id="9982170975" lat="38.9860335" lon="33.7261015"/>
  <node id="9982170976" lat="38.9858501" lon="33.7264502"/>
  <node id="9982170977" lat="38.9860544" lon="33.7268203"/>
  <node id="9982170978" lat="38.9859585" lon="33.7271261"/>
  <node id="9982170979" lat="38.9861711" lon="33.7272817"/>
  <node id="9982170980" lat="38.9869509" lon="33.7276089"/>
  <node id="13945167685" lat="38.9878244" lon="33.7308671"/>
  <node id="13945167814" lat="38.9888606" lon="33.7312996"/>
  <node id="13945167815" lat="38.9888439" lon="33.7311602"/>
  <node id="13945167796" lat="38.9903866" lon="33.7365889"/>
  <node id="13945167797" lat="38.9901281" lon="33.7366104"/>
  <node id="13945167798" lat="38.9901365" lon="33.7364817"/>
  <node id="13945167799" lat="38.9897445" lon="33.7363315"/>
  <node id="13945167800" lat="38.9898196" lon="33.7358594"/>
  <node id="13945167801" lat="38.9893943" lon="33.7355697"/>
  <node id="13945167802" lat="38.9890524" lon="33.7351942"/>
  <node id="13945167803" lat="38.9889773" lon="33.7350869"/>
  <node id="13945167804" lat="38.9889190" lon="33.7349689"/>
  <node id="13945167805" lat="38.9894693" lon="33.7341750"/>
  <node id="13945167806" lat="38.9897279" lon="33.7335634"/>
  <node id="13945167807" lat="38.9900698" lon="33.7326944"/>
  <node id="13945167808" lat="38.9903366" lon="33.7323511"/>
  <node id="13945167809" lat="38.9905534" lon="33.7318683"/>
  <node id="13945167810" lat="38.9902866" lon="33.7316215"/>
  <node id="13945167811" lat="38.9899113" lon="33.7319434"/>
  <node id="13945167812" lat="38.9894443" lon="33.7318253"/>
  <node id="13945167813" lat="38.9890941" lon="33.7313855"/>
  <node id="13945167791" lat="38.9925839" lon="33.7373614"/>
  <node id="13945167792" lat="38.9919877" lon="33.7367660"/>
  <node id="13945167793" lat="38.9912039" lon="33.7367928"/>
  <node id="13945167794" lat="38.9911997" lon="33.7366426"/>
  <node id="13945167795" lat="38.9911371" lon="33.7367713"/>
  <node id="13945167785" lat="38.9895944" lon="33.7443405"/>
  <node id="13945167786" lat="38.9905534" lon="33.7440026"/>
  <node id="13945167773" lat="38.9869759" lon="33.7498820"/>
  <node id="13945167774" lat="38.9878932" lon="33.7500322"/>
  <node id="13945167775" lat="38.9884103" lon="33.7501448"/>
  <node id="13945167776" lat="38.9883394" lon="33.7493885"/>
  <node id="13945167777" lat="38.9883435" lon="33.7490666"/>
  <node id="13945167778" lat="38.9879850" lon="33.7485892"/>
  <node id="13945167779" lat="38.9879391" lon="33.7484336"/>
  <node id="13945167780" lat="38.9890190" lon="33.7468672"/>
  <node id="13945167781" lat="38.9891775" lon="33.7470120"/>
  <node id="13945167782" lat="38.9890899" lon="33.7467867"/>
  <node id="13945167783" lat="38.9894276" lon="33.7462771"/>
  <node id="13945167784" lat="38.9892859" lon="33.7450594"/>
  <node id="13945167787" lat="38.9909537" lon="33.7436700"/>
  <node id="13945167788" lat="38.9913665" lon="33.7423825"/>
  <node id="13945167789" lat="38.9915624" lon="33.7400329"/>
  <node id="13945167790" lat="38.9920711" lon="33.7383270"/>
  <node id="13945167759" lat="38.9877181" lon="33.7575746"/>
  <node id="13945167760" lat="38.9876097" lon="33.7572849"/>
  <node id="13945167761" lat="38.9869592" lon="33.7563622"/>
  <node id="13945167762" lat="38.9865089" lon="33.7558311"/>
  <node id="13945167763" lat="38.9864297" lon="33.7559491"/>
  <node id="13945167764" lat="38.9863421" lon="33.7557667"/>
  <node id="13945167765" lat="38.9862212" lon="33.7557346"/>
  <node id="13945167766" lat="38.9861253" lon="33.7557775"/>
  <node id="13945167767" lat="38.9861920" lon="33.7547690"/>
  <node id="13945167768" lat="38.9861670" lon="33.7546992"/>
  <node id="13945167769" lat="38.9862003" lon="33.7535244"/>
  <node id="13945167770" lat="38.9862337" lon="33.7534279"/>
  <node id="13945167771" lat="38.9863463" lon="33.7524462"/>
  <node id="13945167772" lat="38.9865006" lon="33.7520331"/>
  <node id="7361839631" lat="38.9880975" lon="33.7593287"/>
  <node id="13945167438" lat="38.9879599" lon="33.7630838"/>
  <node id="13945167757" lat="38.9878265" lon="33.7580359"/>
  <node id="13945167758" lat="38.9877890" lon="33.7578267"/>
  <node id="7363083378" lat="38.8160375" lon="33.7669086"/>
  <node id="7363083376" lat="38.8234603" lon="33.7688827"/>
  <node id="7363083377" lat="38.8215211" lon="33.7670802"/>
  <node id="7363083373" lat="38.8266700" lon="33.7765216"/>
  <node id="7363083374" lat="38.8242628" lon="33.7752341"/>
  <node id="7363083375" lat="38.8231929" lon="33.7728309"/>
  <node id="7363083367" lat="38.8306150" lon="33.7829589"/>
  <node id="7363083368" lat="38.8288097" lon="33.7821864"/>
  <node id="7363083369" lat="38.8278067" lon="33.7810706"/>
  <node id="7363083370" lat="38.8284754" lon="33.7799548"/>
  <node id="7363083371" lat="38.8270043" lon="33.7785815"/>
  <node id="7363083372" lat="38.8275392" lon="33.7772941"/>
  <node id="7363083366" lat="38.8308156" lon="33.7839030"/>
  <node id="7363083360" lat="38.8385043" lon="33.7776374"/>
  <node id="7363083361" lat="38.8385043" lon="33.7790965"/>
  <node id="7363083362" lat="38.8373678" lon="33.7798690"/>
  <node id="7363083363" lat="38.8358969" lon="33.7817573"/>
  <node id="7363083364" lat="38.8351615" lon="33.7853622"/>
  <node id="7363083365" lat="38.8334900" lon="33.7850188"/>
  <node id="7363083357" lat="38.8457243" lon="33.7827014"/>
  <node id="7363083358" lat="38.8435851" lon="33.7809848"/>
  <node id="7363083359" lat="38.8409779" lon="33.7778949"/>
  <node id="7363083356" lat="38.8477297" lon="33.7826156"/>
  <node id="7363083351" lat="38.8522082" lon="33.7900828"/>
  <node id="7363083352" lat="38.8529435" lon="33.7882804"/>
  <node id="7363083353" lat="38.8512725" lon="33.7880229"/>
  <node id="7363083354" lat="38.8514730" lon="33.7845897"/>
  <node id="7363083355" lat="38.8496682" lon="33.7855338"/>
  <node id="7363083349" lat="38.8568870" lon="33.7961768"/>
  <node id="7363083350" lat="38.8549487" lon="33.7932586"/>
  <node id="7363083348" lat="38.8576223" lon="33.7986659"/>
  <node id="7363083346" lat="38.8703870" lon="33.7990092"/>
  <node id="7363083347" lat="38.8677139" lon="33.7989234"/>
  <node id="7363083344" lat="38.8760000" lon="33.8006400"/>
  <node id="7363083345" lat="38.8736613" lon="33.7995242"/>
  <node id="7363111984" lat="38.8856882" lon="33.7959193"/>
  <node id="1401082423" lat="38.8820402" lon="33.8029343"/>
  <node id="7363111979" lat="38.8828153" lon="33.8030433"/>
  <node id="7363111980" lat="38.8842852" lon="33.8022708"/>
  <node id="7363111981" lat="38.8852874" lon="33.8005542"/>
  <node id="7363111985" lat="38.8867572" lon="33.7957477"/>
  <node id="7363111986" lat="38.8884942" lon="33.7951469"/>
  <node id="7363111987" lat="38.8896300" lon="33.7928294"/>
  <node id="7363111988" lat="38.8915673" lon="33.7908553"/>
  <node id="7363111982" lat="38.8860891" lon="33.7995242"/>
  <node id="7363111983" lat="38.8858887" lon="33.7981509"/>
  <node id="7363111989" lat="38.8939055" lon="33.7886237"/>
  <node id="7363111990" lat="38.8964439" lon="33.7875938"/>
  <node id="7363111991" lat="38.8999175" lon="33.7856196"/>
  <node id="7363111992" lat="38.9043928" lon="33.7866496"/>
  <node id="7363112000" lat="38.9143442" lon="33.7703418"/>
  <node id="7363112001" lat="38.9158802" lon="33.7695693"/>
  <node id="7363112002" lat="38.9178837" lon="33.7679385"/>
  <node id="7363112003" lat="38.9184179" lon="33.7650203"/>
  <node id="7363111998" lat="38.9140103" lon="33.7758350"/>
  <node id="7363111999" lat="38.9145446" lon="33.7735175"/>
  <node id="7363111995" lat="38.9109382" lon="33.7834739"/>
  <node id="7363111993" lat="38.9077323" lon="33.7871646"/>
  <node id="7363111994" lat="38.9100699" lon="33.7863921"/>
  <node id="7363111996" lat="38.9120735" lon="33.7799548"/>
  <node id="7363111997" lat="38.9126746" lon="33.7786674"/>
  <node id="13945167533" lat="38.9604600" lon="33.7943315"/>
  <node id="13945167534" lat="38.9604892" lon="33.7938273"/>
  <node id="13945167535" lat="38.9616237" lon="33.7938970"/>
  <node id="13945167536" lat="38.9616654" lon="33.7938541"/>
  <node id="13945167537" lat="38.9629877" lon="33.7941760"/>
  <node id="13945167538" lat="38.9631504" lon="33.7940955"/>
  <node id="13945167539" lat="38.9632255" lon="33.7941277"/>
  <node id="13945167522" lat="38.9643892" lon="33.8020241"/>
  <node id="13945167523" lat="38.9639179" lon="33.8019437"/>
  <node id="13945167524" lat="38.9639512" lon="33.8012677"/>
  <node id="13945167525" lat="38.9635758" lon="33.8009244"/>
  <node id="13945167526" lat="38.9636968" lon="33.8001144"/>
  <node id="13945167527" lat="38.9632880" lon="33.8000554"/>
  <node id="13945167528" lat="38.9623162" lon="33.7996209"/>
  <node id="13945167529" lat="38.9625998" lon="33.7989503"/>
  <node id="13945167530" lat="38.9618532" lon="33.7985319"/>
  <node id="13945167531" lat="38.9619157" lon="33.7978935"/>
  <node id="13945167532" lat="38.9606644" lon="33.7969279"/>
  <node id="13945167540" lat="38.9661076" lon="33.7936073"/>
  <node id="13945167541" lat="38.9659721" lon="33.7927866"/>
  <node id="13945167542" lat="38.9708039" lon="33.7924057"/>
  <node id="13945167520" lat="38.9652526" lon="33.8030165"/>
  <node id="13945167521" lat="38.9648271" lon="33.8015199"/>
  <node id="13945167509" lat="38.9705579" lon="33.8083595"/>
  <node id="13945167510" lat="38.9703619" lon="33.8075709"/>
  <node id="13945167511" lat="38.9698238" lon="33.8071042"/>
  <node id="13945167512" lat="38.9690606" lon="33.8061494"/>
  <node id="13945167513" lat="38.9688479" lon="33.8063371"/>
  <node id="13945167514" lat="38.9685142" lon="33.8059133"/>
  <node id="13945167515" lat="38.9672588" lon="33.8064444"/>
  <node id="13945167516" lat="38.9668459" lon="33.8062459"/>
  <node id="13945167517" lat="38.9665372" lon="33.8051248"/>
  <node id="13945167518" lat="38.9667166" lon="33.8048887"/>
  <node id="13945167519" lat="38.9660534" lon="33.8037676"/>
  <node id="13945167544" lat="38.9773683" lon="33.7888652"/>
  <node id="13945154984" lat="38.9825517" lon="33.7835920"/>
  <node id="13945154985" lat="38.9827143" lon="33.7835169"/>
  <node id="13945154986" lat="38.9828478" lon="33.7834954"/>
  <node id="13945154987" lat="38.9830104" lon="33.7833720"/>
  <node id="13945154988" lat="38.9830771" lon="33.7832701"/>
  <node id="13945154989" lat="38.9832606" lon="33.7832326"/>
  <node id="13945154990" lat="38.9834357" lon="33.7832111"/>
  <node id="13945154991" lat="38.9836275" lon="33.7831092"/>
  <node id="13945154992" lat="38.9838652" lon="33.7831253"/>
  <node id="13945154993" lat="38.9840862" lon="33.7830502"/>
  <node id="7361839643" lat="38.9793460" lon="33.7861656"/>
  <node id="13945154982" lat="38.9816218" lon="33.7843966"/>
  <node id="13945154983" lat="38.9818261" lon="33.7840533"/>
  <node id="13945167545" lat="38.9782607" lon="33.7890422"/>
  <node id="13945167546" lat="38.9785901" lon="33.7888277"/>
  <node id="13945167547" lat="38.9790530" lon="33.7880713"/>
  <node id="13945167548" lat="38.9790655" lon="33.7879479"/>
  <node id="13945167549" lat="38.9792532" lon="33.7879479"/>
  <node id="13945167550" lat="38.9793449" lon="33.7874436"/>
  <node id="13945167427" lat="38.9875597" lon="33.7770206"/>
  <node id="13945167428" lat="38.9877598" lon="33.7758779"/>
  <node id="13945167429" lat="38.9883060" lon="33.7752020"/>
  <node id="13945167430" lat="38.9881601" lon="33.7739146"/>
  <node id="13945167431" lat="38.9881351" lon="33.7736571"/>
  <node id="13945167432" lat="38.9881226" lon="33.7731636"/>
  <node id="13945167433" lat="38.9881559" lon="33.7729490"/>
  <node id="13945167434" lat="38.9882560" lon="33.7725574"/>
  <node id="13945167435" lat="38.9882935" lon="33.7723052"/>
  <node id="13945167436" lat="38.9882852" lon="33.7721229"/>
  <node id="13945167437" lat="38.9881559" lon="33.7718117"/>
  <node id="13945154994" lat="38.9842614" lon="33.7830448"/>
  <node id="13945154995" lat="38.9844240" lon="33.7829751"/>
  <node id="13945154996" lat="38.9847201" lon="33.7827122"/>
  <node id="13945154997" lat="38.9847701" lon="33.7825084"/>
  <node id="13945154998" lat="38.9847826" lon="33.7824011"/>
  <node id="13945154999" lat="38.9848160" lon="33.7822509"/>
  <node id="13945155000" lat="38.9849160" lon="33.7820792"/>
  <node id="13945167401" lat="38.9850328" lon="33.7819773"/>
  <node id="13945167402" lat="38.9850661" lon="33.7816018"/>
  <node id="13945167403" lat="38.9849994" lon="33.7815213"/>
  <node id="13945167404" lat="38.9853247" lon="33.7814033"/>
  <node id="13945167405" lat="38.9855123" lon="33.7813765"/>
  <node id="13945167406" lat="38.9856082" lon="33.7813818"/>
  <node id="13945167407" lat="38.9856624" lon="33.7814087"/>
  <node id="13945167408" lat="38.9858042" lon="33.7814516"/>
  <node id="13945167409" lat="38.9861628" lon="33.7814087"/>
  <node id="13945167410" lat="38.9861378" lon="33.7812585"/>
  <node id="13945167411" lat="38.9861003" lon="33.7810010"/>
  <node id="13945167412" lat="38.9860961" lon="33.7807059"/>
  <node id="13945167413" lat="38.9861711" lon="33.7805825"/>
  <node id="13945167414" lat="38.9862879" lon="33.7804806"/>
  <node id="13945167415" lat="38.9864088" lon="33.7803572"/>
  <node id="13945167416" lat="38.9864964" lon="33.7802285"/>
  <node id="13945167417" lat="38.9865464" lon="33.7801212"/>
  <node id="13945167418" lat="38.9866006" lon="33.7800193"/>
  <node id="13945167419" lat="38.9866465" lon="33.7799174"/>
  <node id="13945167420" lat="38.9867215" lon="33.7798262"/>
  <node id="13945167421" lat="38.9867883" lon="33.7797189"/>
  <node id="13945167422" lat="38.9868425" lon="33.7795097"/>
  <node id="13945167423" lat="38.9870551" lon="33.7794506"/>
  <node id="13945167424" lat="38.9868425" lon="33.7776482"/>
  <node id="13945167425" lat="38.9868967" lon="33.7775034"/>
  <node id="13945167426" lat="38.9873470" lon="33.7776643"/>
  <node id="13945167543" lat="38.9757418" lon="33.7908393"/>
  <node id="13945167506" lat="38.9726724" lon="33.8080913"/>
  <node id="13945167507" lat="38.9722637" lon="33.8078713"/>
  <node id="13945167508" lat="38.9721844" lon="33.8081932"/>
  <node id="13945167505" lat="38.9776310" lon="33.8146681"/>
  <node id="13945167493" lat="38.9906201" lon="33.8165349"/>
  <node id="13945167495" lat="38.9882685" lon="33.8160467"/>
  <node id="13945167496" lat="38.9877223" lon="33.8163847"/>
  <node id="13945167497" lat="38.9872303" lon="33.8164759"/>
  <node id="13945167503" lat="38.9821639" lon="33.8179886"/>
  <node id="13945167504" lat="38.9817969" lon="33.8166261"/>
  <node id="13945167494" lat="38.9905492" lon="33.8168246"/>
  <node id="13945167498" lat="38.9857917" lon="33.8169855"/>
  <node id="13945167499" lat="38.9854122" lon="33.8194156"/>
  <node id="13945167500" lat="38.9849244" lon="33.8191795"/>
  <node id="13945167501" lat="38.9847659" lon="33.8193566"/>
  <node id="13945167502" lat="38.9842238" lon="33.8192975"/>
  <node id="13945167481" lat="38.9957109" lon="33.8199091"/>
  <node id="13945167482" lat="38.9956067" lon="33.8196731"/>
  <node id="13945167483" lat="38.9950647" lon="33.8194638"/>
  <node id="13945167484" lat="38.9947186" lon="33.8186914"/>
  <node id="13945167485" lat="38.9943225" lon="33.8183588"/>
  <node id="13945167486" lat="38.9936805" lon="33.8169801"/>
  <node id="13945167487" lat="38.9935179" lon="33.8173610"/>
  <node id="13945167488" lat="38.9931551" lon="33.8178116"/>
  <node id="13945167489" lat="38.9931343" lon="33.8176990"/>
  <node id="13945167490" lat="38.9925964" lon="33.8176024"/>
  <node id="13945167491" lat="38.9920169" lon="33.8170230"/>
  <node id="13945167492" lat="38.9915332" lon="33.8170499"/>
  <node id="13945167472" lat="39.0032776" lon="33.8227951"/>
  <node id="13945167473" lat="39.0029316" lon="33.8225752"/>
  <node id="13945167474" lat="39.0020019" lon="33.8218939"/>
  <node id="13945167475" lat="39.0013933" lon="33.8215774"/>
  <node id="13945167476" lat="39.0013015" lon="33.8220924"/>
  <node id="13945167477" lat="39.0006929" lon="33.8217330"/>
  <node id="13945167478" lat="39.0000425" lon="33.8215828"/>
  <node id="13945167479" lat="38.9997841" lon="33.8215506"/>
  <node id="13945167480" lat="38.9979997" lon="33.8210410"/>
  <node id="13945167457" lat="39.0077963" lon="33.8291895"/>
  <node id="13945167458" lat="39.0074879" lon="33.8291413"/>
  <node id="13945167463" lat="39.0043406" lon="33.8296562"/>
  <node id="13945167464" lat="39.0045115" lon="33.8292754"/>
  <node id="13945167465" lat="39.0039529" lon="33.8287604"/>
  <node id="13945167466" lat="39.0044615" lon="33.8276821"/>
  <node id="13945167467" lat="39.0052994" lon="33.8265020"/>
  <node id="13945167468" lat="39.0043573" lon="33.8256276"/>
  <node id="13945167469" lat="39.0048158" lon="33.8250321"/>
  <node id="13945167470" lat="39.0045865" lon="33.8242060"/>
  <node id="13945167471" lat="39.0046157" lon="33.8232779"/>
  <node id="13945167454" lat="39.0101557" lon="33.8300478"/>
  <node id="13945167455" lat="39.0099973" lon="33.8304180"/>
  <node id="13945167456" lat="39.0090302" lon="33.8298333"/>
  <node id="13945167459" lat="39.0075129" lon="33.8322473"/>
  <node id="13945167460" lat="39.0058955" lon="33.8314319"/>
  <node id="13945167461" lat="39.0059580" lon="33.8307345"/>
  <node id="13945167462" lat="39.0054161" lon="33.8303536"/>
  <node id="7361839681" lat="39.0161078" lon="33.8345325"/>
  <node id="13945167439" lat="39.0155743" lon="33.8350850"/>
  <node id="13945167440" lat="39.0147532" lon="33.8358897"/>
  <node id="13945167444" lat="39.0124274" lon="33.8352781"/>
  <node id="13945167445" lat="39.0125983" lon="33.8359809"/>
  <node id="13945167446" lat="39.0122690" lon="33.8348114"/>
  <node id="13945167447" lat="39.0119438" lon="33.8345754"/>
  <node id="13945167448" lat="39.0114812" lon="33.8343179"/>
  <node id="13945167449" lat="39.0117104" lon="33.8336313"/>
  <node id="13945167450" lat="39.0119480" lon="33.8328105"/>
  <node id="13945167451" lat="39.0116812" lon="33.8324994"/>
  <node id="13945167452" lat="39.0107059" lon="33.8319093"/>
  <node id="13945167453" lat="39.0109893" lon="33.8308471"/>
  <node id="13945167645" lat="39.0165996" lon="33.8362276"/>
  <node id="13945167441" lat="39.0139821" lon="33.8364154"/>
  <node id="13945167442" lat="39.0134194" lon="33.8367748"/>
  <node id="13945167443" lat="39.0126691" lon="33.8371557"/>
  <node id="13945167639" lat="39.0167830" lon="33.8405406"/>
  <node id="13945167640" lat="39.0164912" lon="33.8404119"/>
  <node id="13945167641" lat="39.0160328" lon="33.8402402"/>
  <node id="13945167642" lat="39.0164912" lon="33.8393175"/>
  <node id="13945167643" lat="39.0167997" lon="33.8378477"/>
  <node id="13945167644" lat="39.0158827" lon="33.8373864"/>
  <node id="13945167646" lat="39.0169247" lon="33.8351869"/>
  <node id="13945167634" lat="39.0211259" lon="33.8424611"/>
  <node id="13945167635" lat="39.0194504" lon="33.8411629"/>
  <node id="13945167636" lat="39.0188253" lon="33.8424826"/>
  <node id="13945167637" lat="39.0179333" lon="33.8420319"/>
  <node id="13945167638" lat="39.0180084" lon="33.8407552"/>
  <node id="151016876" lat="39.1203209" lon="33.7075812"/>
  <node id="151016887" lat="39.0764487" lon="33.7579396"/>
  <node id="151016870" lat="39.0874943" lon="33.7516555"/>
  <node id="151016865" lat="39.0908283" lon="33.7502746"/>
  <node id="11880558076" lat="39.0922424" lon="33.7496566"/>
  <node id="151016857" lat="39.1015468" lon="33.7455901"/>
  <node id="151016854" lat="39.1096008" lon="33.7323853"/>
  <node id="151016860" lat="39.1054469" lon="33.7400317"/>
  <node id="151016902" lat="39.1586110" lon="33.6561373"/>
  <node id="151016832" lat="39.1905514" lon="33.5919415"/>
  <node id="151016891" lat="39.1866603" lon="33.5991516"/>
  <node id="151016851" lat="39.2083192" lon="33.5584567"/>
  <node id="1492244895" lat="39.1431606" lon="33.6816376"/>
  <node id="7574247598" lat="39.1347283" lon="33.6912169"/>
  <node id="151016873" lat="39.0692109" lon="33.7756953"/>
  <node id="13945167945" lat="39.0731502" lon="33.7660316"/>
  <node id="13945167944" lat="39.0655279" lon="33.7935435"/>
  <node id="151016875" lat="39.0637404" lon="33.8022057"/>
  <node id="13945167619" lat="39.0296441" lon="33.8492203"/>
  <node id="13945167626" lat="39.0284856" lon="33.8490701"/>
  <node id="13945167627" lat="39.0279105" lon="33.8480401"/>
  <node id="13945167628" lat="39.0276355" lon="33.8475680"/>
  <node id="13945167629" lat="39.0271188" lon="33.8464308"/>
  <node id="13945167630" lat="39.0267854" lon="33.8456690"/>
  <node id="13945167631" lat="39.0265937" lon="33.8454974"/>
  <node id="13945167632" lat="39.0250267" lon="33.8437378"/>
  <node id="13945167633" lat="39.0245433" lon="33.8448322"/>
  <node id="13945167614" lat="39.0276522" lon="33.8556254"/>
  <node id="13945167615" lat="39.0278022" lon="33.8557327"/>
  <node id="13945167616" lat="39.0297775" lon="33.8518166"/>
  <node id="13945167617" lat="39.0299525" lon="33.8521063"/>
  <node id="13945167620" lat="39.0289857" lon="33.8501322"/>
  <node id="13945167621" lat="39.0291441" lon="33.8505185"/>
  <node id="13945167622" lat="39.0278022" lon="33.8521385"/>
  <node id="13945167623" lat="39.0278105" lon="33.8523853"/>
  <node id="13945167624" lat="39.0275105" lon="33.8519347"/>
  <node id="13945167625" lat="39.0277439" lon="33.8501322"/>
  <node id="13945167618" lat="39.0310109" lon="33.8507438"/>
  <node id="13945167604" lat="39.0288357" lon="33.8622558"/>
  <node id="13945167605" lat="39.0291774" lon="33.8614082"/>
  <node id="13945167606" lat="39.0275272" lon="33.8606787"/>
  <node id="13945167607" lat="39.0275522" lon="33.8605177"/>
  <node id="13945167608" lat="39.0277188" lon="33.8599813"/>
  <node id="13945167609" lat="39.0277772" lon="33.8596487"/>
  <node id="13945167610" lat="39.0278439" lon="33.8592410"/>
  <node id="13945167611" lat="39.0279355" lon="33.8586938"/>
  <node id="13945167612" lat="39.0281022" lon="33.8581788"/>
  <node id="13945167613" lat="39.0270187" lon="33.8576853"/>
  <node id="13945167588" lat="39.0288023" lon="33.8686073"/>
  <node id="13945167589" lat="39.0285273" lon="33.8678992"/>
  <node id="13945167590" lat="39.0282523" lon="33.8677704"/>
  <node id="13945167591" lat="39.0285856" lon="33.8676631"/>
  <node id="13945167592" lat="39.0290357" lon="33.8672662"/>
  <node id="13945167593" lat="39.0291857" lon="33.8675344"/>
  <node id="13945167600" lat="39.0295108" lon="33.8641763"/>
  <node id="13945167601" lat="39.0299525" lon="33.8638973"/>
  <node id="13945167602" lat="39.0298108" lon="33.8636827"/>
  <node id="13945167603" lat="39.0286106" lon="33.8630712"/>
  <node id="13945167585" lat="39.0310026" lon="33.8688755"/>
  <node id="13945167586" lat="39.0307859" lon="33.8686395"/>
  <node id="13945167587" lat="39.0304109" lon="33.8685965"/>
  <node id="13945167594" lat="39.0306026" lon="33.8666332"/>
  <node id="13945167595" lat="39.0310359" lon="33.8661075"/>
  <node id="13945167596" lat="39.0313776" lon="33.8661504"/>
  <node id="13945167597" lat="39.0311360" lon="33.8659465"/>
  <node id="13945167598" lat="39.0312776" lon="33.8657534"/>
  <node id="13945167599" lat="39.0310776" lon="33.8652921"/>
  <node id="13945167952" lat="39.0678470" lon="33.8234710"/>
  <node id="151016906" lat="39.0675689" lon="33.8383274"/>
  <node id="151016904" lat="39.0507061" lon="33.8684813"/>
  <node id="151016909" lat="39.0624843" lon="33.8641585"/>
  <node id="151016901" lat="39.0680724" lon="33.8467177"/>
  <node id="13945167580" lat="39.0360363" lon="33.8707638"/>
  <node id="13945167581" lat="39.0364113" lon="33.8719118"/>
  <node id="13945167582" lat="39.0335612" lon="33.8699162"/>
  <node id="13945167583" lat="39.0320027" lon="33.8698196"/>
  <node id="13945167584" lat="39.0311360" lon="33.8690579"/>
  <node id="13945167579" lat="39.0392197" lon="33.8697338"/>
  <node id="151008081" lat="39.0445459" lon="33.8732462"/>
  <node id="11860859393" lat="40.0644821" lon="33.5671530"/>
  <node id="11862382806" lat="40.0681252" lon="33.5546345"/>
  <node id="11862382807" lat="40.0705962" lon="33.5582208"/>
  <node id="11862382808" lat="40.0716996" lon="33.5592684"/>
  <node id="11860859390" lat="40.0644996" lon="33.5739467"/>
  <node id="11860859391" lat="40.0653974" lon="33.5710191"/>
  <node id="11860859392" lat="40.0651187" lon="33.5702393"/>
  <node id="11860859387" lat="40.0648254" lon="33.5783872"/>
  <node id="11860859388" lat="40.0640950" lon="33.5779529"/>
  <node id="11860859389" lat="40.0648516" lon="33.5764215"/>
  <node id="11860859394" lat="40.0657549" lon="33.5678277"/>
  <node id="11860859395" lat="40.0692262" lon="33.5693798"/>
  <node id="11860859396" lat="40.0698644" lon="33.5701419"/>
  <node id="11860859397" lat="40.0705803" lon="33.5702836"/>
  <node id="11860859398" lat="40.0715770" lon="33.5710683"/>
  <node id="11860859399" lat="40.0718276" lon="33.5709229"/>
  <node id="11860859400" lat="40.0716189" lon="33.5704538"/>
  <node id="7365618874" lat="40.0700668" lon="33.5750528"/>
  <node id="11860859383" lat="40.0699371" lon="33.5744886"/>
  <node id="11860859384" lat="40.0693829" lon="33.5749632"/>
  <node id="11860859385" lat="40.0682268" lon="33.5785555"/>
  <node id="11860859386" lat="40.0672738" lon="33.5786909"/>
  <node id="11860859379" lat="40.0703404" lon="33.5878724"/>
  <node id="11860859403" lat="40.0723509" lon="33.5655253"/>
  <node id="11860859404" lat="40.0753457" lon="33.5630910"/>
  <node id="7365618875" lat="40.0786566" lon="33.5592392"/>
  <node id="7365618879" lat="40.0824279" lon="33.5565433"/>
  <node id="7365618880" lat="40.0831195" lon="33.5548269"/>
  <node id="11860859405" lat="40.0811791" lon="33.5591929"/>
  <node id="11860859401" lat="40.0726026" lon="33.5693986"/>
  <node id="11860859402" lat="40.0729340" lon="33.5680920"/>
  <node id="11860859382" lat="40.0725006" lon="33.5792927"/>
  <node id="11860771447" lat="40.0823674" lon="33.5787865"/>
  <node id="7365618866" lat="40.0915644" lon="33.5796996"/>
  <node id="11860771444" lat="40.0903063" lon="33.5780224"/>
  <node id="11860771445" lat="40.0887075" lon="33.5773109"/>
  <node id="11860771446" lat="40.0852968" lon="33.5792943"/>
  <node id="11860859381" lat="40.0720303" lon="33.5829234"/>
  <node id="11860859378" lat="40.0760249" lon="33.5931468"/>
  <node id="11860859380" lat="40.0734853" lon="33.5909368"/>
  <node id="7365618870" lat="40.0798027" lon="33.5865715"/>
  <node id="11860771448" lat="40.0800387" lon="33.5829016"/>
  <node id="11860771449" lat="40.0801451" lon="33.5829538"/>
  <node id="11860771450" lat="40.0804021" lon="33.5875834"/>
  <node id="11860771451" lat="40.0807470" lon="33.5887322"/>
  <node id="11860771452" lat="40.0802061" lon="33.5896892"/>
  <node id="11860771453" lat="40.0814713" lon="33.5918773"/>
  <node id="11860771454" lat="40.0810001" lon="33.5929495"/>
  <node id="11860771455" lat="40.0812325" lon="33.5934538"/>
  <node id="960388602" lat="40.0775009" lon="33.5943417"/>
  <node id="11860771468" lat="40.0768002" lon="33.5940606"/>
  <node id="11860771456" lat="40.0820176" lon="33.5997842"/>
  <node id="11860771457" lat="40.0819631" lon="33.5941204"/>
  <node id="11860771458" lat="40.0814438" lon="33.5947152"/>
  <node id="11860771459" lat="40.0821295" lon="33.5956432"/>
  <node id="11860771460" lat="40.0820488" lon="33.5969302"/>
  <node id="11860771461" lat="40.0840081" lon="33.5985480"/>
  <node id="11860771462" lat="40.0817239" lon="33.5989618"/>
  <node id="11860771463" lat="40.0812785" lon="33.5992425"/>
  <node id="11860771464" lat="40.0807688" lon="33.5998317"/>
  <node id="11860771465" lat="40.0813644" lon="33.5996280"/>
  <node id="11860771466" lat="40.0806729" lon="33.5993234"/>
  <node id="11860771467" lat="40.0798263" lon="33.5994911"/>
  <node id="7365618864" lat="40.0952128" lon="33.5870726"/>
  <node id="7365618865" lat="40.0938572" lon="33.5855748"/>
  <node id="11860771440" lat="40.0938234" lon="33.5848009"/>
  <node id="11860771441" lat="40.0944356" lon="33.5839344"/>
  <node id="11860771442" lat="40.0939418" lon="33.5818943"/>
  <node id="11860771443" lat="40.0932083" lon="33.5809413"/>
  <node id="7365618863" lat="40.0964241" lon="33.5889348"/>
  <node id="11860766217" lat="40.0978319" lon="33.5900699"/>
  <node id="11860766218" lat="40.0976805" lon="33.5898022"/>
  <node id="7365618861" lat="40.0991003" lon="33.5927313"/>
  <node id="7365618862" lat="40.0982447" lon="33.5912596"/>
  <node id="11860766216" lat="40.0989895" lon="33.5922041"/>
  <node id="7365618856" lat="40.1010925" lon="33.5962367"/>
  <node id="11860766215" lat="40.1038223" lon="33.6147899"/>
  <node id="7365618854" lat="40.1080003" lon="33.6168209"/>
  <node id="7365618855" lat="40.1053119" lon="33.6155235"/>
  <node id="11860766211" lat="40.1109659" lon="33.6159525"/>
  <node id="11860766212" lat="40.1103458" lon="33.6161116"/>
  <node id="11860766213" lat="40.1093548" lon="33.6167760"/>
  <node id="11860766214" lat="40.1063350" lon="33.6167523"/>
  <node id="11860766205" lat="40.1176439" lon="33.6158481"/>
  <node id="11860766206" lat="40.1167456" lon="33.6159954"/>
  <node id="11860766207" lat="40.1155074" lon="33.6160786"/>
  <node id="11860766208" lat="40.1126175" lon="33.6155318"/>
  <node id="11860766209" lat="40.1121251" lon="33.6154913"/>
  <node id="11860766210" lat="40.1117848" lon="33.6155767"/>
  <node id="11860766198" lat="40.1242723" lon="33.6130161"/>
  <node id="7365618852" lat="40.1209275" lon="33.6151214"/>
  <node id="7365618853" lat="40.1191360" lon="33.6158888"/>
  <node id="11860766199" lat="40.1230314" lon="33.6143994"/>
  <node id="11860766200" lat="40.1228068" lon="33.6149867"/>
  <node id="11860766201" lat="40.1221397" lon="33.6148639"/>
  <node id="11860766202" lat="40.1215287" lon="33.6149336"/>
  <node id="11860766203" lat="40.1199518" lon="33.6156869"/>
  <node id="11860766204" lat="40.1182985" lon="33.6159143"/>
  <node id="7365618851" lat="40.1272981" lon="33.6111320"/>
  <node id="11860766196" lat="40.1261327" lon="33.6121529"/>
  <node id="11860766197" lat="40.1249201" lon="33.6125533"/>
  <node id="7365618850" lat="40.1292600" lon="33.6136030"/>
  <node id="7365618847" lat="40.1328500" lon="33.6193015"/>
  <node id="7365618849" lat="40.1341450" lon="33.6172866"/>
  <node id="11860766195" lat="40.1313481" lon="33.6147631"/>
  <node id="11860766193" lat="40.1414747" lon="33.6199078"/>
  <node id="11860766194" lat="40.1379351" lon="33.6187463"/>
  <node id="7365618845" lat="40.1498590" lon="33.6329179"/>
  <node id="7365618846" lat="40.1473520" lon="33.6282685"/>
  <node id="11860766186" lat="40.1501312" lon="33.6318392"/>
  <node id="11860766187" lat="40.1487817" lon="33.6302694"/>
  <node id="11860766188" lat="40.1505680" lon="33.6321268"/>
  <node id="11860766191" lat="40.1487323" lon="33.6294111"/>
  <node id="11860766192" lat="40.1476646" lon="33.6278785"/>
  <node id="7365618842" lat="40.1506411" lon="33.6369876"/>
  <node id="11860766189" lat="40.1509449" lon="33.6321674"/>
  <node id="11860766190" lat="40.1507247" lon="33.6306549"/>
  <node id="7365618840" lat="40.1623299" lon="33.6388357"/>
  <node id="7365618841" lat="40.1605092" lon="33.6367892"/>
  <node id="7365618834" lat="40.1664366" lon="33.6422832"/>
  <node id="11860671133" lat="40.1671099" lon="33.6421148"/>
  <node id="11860671148" lat="40.1694994" lon="33.6446209"/>
  <node id="11860671149" lat="40.1696612" lon="33.6441788"/>
  <node id="11860671150" lat="40.1688203" lon="33.6440342"/>
  <node id="11860671141" lat="40.1754847" lon="33.6453069"/>
  <node id="11860671142" lat="40.1758230" lon="33.6452737"/>
  <node id="11860671143" lat="40.1756405" lon="33.6446408"/>
  <node id="11860671144" lat="40.1741634" lon="33.6445210"/>
  <node id="11860671145" lat="40.1739730" lon="33.6447874"/>
  <node id="11860671146" lat="40.1725798" lon="33.6446862"/>
  <node id="11860671147" lat="40.1717613" lon="33.6443394"/>
  <node id="11860671139" lat="40.1762609" lon="33.6472150"/>
  <node id="11860671140" lat="40.1757645" lon="33.6469975"/>
  <node id="11860641558" lat="40.2160538" lon="33.5968970"/>
  <node id="11860679973" lat="40.2148884" lon="33.6055437"/>
  <node id="11860679974" lat="40.2143501" lon="33.6067033"/>
  <node id="11860641566" lat="40.2172877" lon="33.5993284"/>
  <node id="11860641562" lat="40.2214092" lon="33.6046440"/>
  <node id="11860641563" lat="40.2204220" lon="33.6041413"/>
  <node id="11860641564" lat="40.2193895" lon="33.6031992"/>
  <node id="11860641565" lat="40.2187999" lon="33.6013635"/>
  <node id="7365618830" lat="40.2286127" lon="33.6056724"/>
  <node id="7365618831" lat="40.2259066" lon="33.6056543"/>
  <node id="7365618832" lat="40.2239265" lon="33.6062213"/>
  <node id="11860641561" lat="40.2230188" lon="33.6059993"/>
  <node id="11860679977" lat="40.2005623" lon="33.6321650"/>
  <node id="11860671112" lat="40.1856386" lon="33.6435953"/>
  <node id="11860671113" lat="40.1850271" lon="33.6452726"/>
  <node id="11860671114" lat="40.1850772" lon="33.6457673"/>
  <node id="11860671115" lat="40.1840391" lon="33.6456379"/>
  <node id="11860671116" lat="40.1839331" lon="33.6460543"/>
  <node id="11860671117" lat="40.1834982" lon="33.6460432"/>
  <node id="11860679983" lat="40.1889018" lon="33.6436099"/>
  <node id="11860679985" lat="40.1884087" lon="33.6439974"/>
  <node id="11860679986" lat="40.1884309" lon="33.6445974"/>
  <node id="11860679987" lat="40.1873131" lon="33.6444898"/>
  <node id="11860671119" lat="40.1832173" lon="33.6472106"/>
  <node id="11860671120" lat="40.1831079" lon="33.6476822"/>
  <node id="11860671121" lat="40.1823422" lon="33.6506907"/>
  <node id="11860671124" lat="40.1830715" lon="33.6502502"/>
  <node id="11860671125" lat="40.1827068" lon="33.6501762"/>
  <node id="11860671126" lat="40.1822358" lon="33.6502783"/>
  <node id="11860671127" lat="40.1818637" lon="33.6501232"/>
  <node id="11860671128" lat="40.1818131" lon="33.6498160"/>
  <node id="11860671129" lat="40.1812988" lon="33.6495561"/>
  <node id="11860671130" lat="40.1807256" lon="33.6483457"/>
  <node id="11860671131" lat="40.1797223" lon="33.6480787"/>
  <node id="11860671132" lat="40.1797087" lon="33.6477729"/>
  <node id="11860671134" lat="40.1782756" lon="33.6478332"/>
  <node id="11860671135" lat="40.1778344" lon="33.6485560"/>
  <node id="11860671136" lat="40.1777902" lon="33.6479492"/>
  <node id="11860671137" lat="40.1774371" lon="33.6478088"/>
  <node id="11860671138" lat="40.1771877" lon="33.6471743"/>
  <node id="11860679984" lat="40.1785208" lon="33.6477066"/>
  <node id="11860671118" lat="40.1836276" lon="33.6469675"/>
  <node id="11860671122" lat="40.1836637" lon="33.6482630"/>
  <node id="11860671123" lat="40.1836153" lon="33.6487170"/>
  <node id="11860679979" lat="40.1948377" lon="33.6422193"/>
  <node id="11860679980" lat="40.1937990" lon="33.6436143"/>
  <node id="11860679981" lat="40.1916415" lon="33.6444390"/>
  <node id="11860679982" lat="40.1900276" lon="33.6442131"/>
  <node id="11860679978" lat="40.1983540" lon="33.6413320"/>
  <node id="7365618833" lat="40.2119482" lon="33.6132671"/>
  <node id="11860679975" lat="40.2065027" lon="33.6282412"/>
  <node id="11860679976" lat="40.2109461" lon="33.6210117"/>
  <node id="7365618829" lat="40.2328877" lon="33.6056399"/>
  <node id="9460251902" lat="40.2304786" lon="33.6052856"/>
  <node id="7365618828" lat="40.2341823" lon="33.6069339"/>
  <node id="9337596824" lat="40.2354246" lon="33.6090920"/>
  <node id="7365618827" lat="40.2367922" lon="33.6097942"/>
  <node id="9337596823" lat="40.2378347" lon="33.6113620"/>
  <node id="7365618826" lat="40.2408634" lon="33.6176687"/>
  <node id="9337596822" lat="40.2401284" lon="33.6149560"/>
  <node id="11860641560" lat="40.2428690" lon="33.6198327"/>
  <node id="7365618819" lat="40.2536360" lon="33.6135089"/>
  <node id="7365618820" lat="40.2516909" lon="33.6155032"/>
  <node id="7365618821" lat="40.2510686" lon="33.6167478"/>
  <node id="7365618822" lat="40.2495529" lon="33.6181219"/>
  <node id="7365618824" lat="40.2479191" lon="33.6218833"/>
  <node id="7365618825" lat="40.2433779" lon="33.6210502"/>
  <node id="11860641559" lat="40.2457664" lon="33.6227595"/>
  <node id="7365618816" lat="40.2583974" lon="33.6096062"/>
  <node id="7365618818" lat="40.2569058" lon="33.6099495"/>
  <node id="9337596820" lat="40.2556044" lon="33.6108647"/>
  <node id="11851332485" lat="40.2600088" lon="33.6121022"/>
  <node id="11851332486" lat="40.2596043" lon="33.6108034"/>
  <node id="11851332482" lat="40.2615237" lon="33.6196014"/>
  <node id="11851332483" lat="40.2605405" lon="33.6170252"/>
  <node id="11851332476" lat="40.2672885" lon="33.6198422"/>
  <node id="11851332477" lat="40.2650537" lon="33.6196611"/>
  <node id="11851332478" lat="40.2658991" lon="33.6194868"/>
  <node id="11851332479" lat="40.2643263" lon="33.6198829"/>
  <node id="11851332480" lat="40.2632992" lon="33.6211751"/>
  <node id="11851332481" lat="40.2627408" lon="33.6211101"/>
  <node id="11851332484" lat="40.2621592" lon="33.6205590"/>
  <node id="11851332474" lat="40.2721454" lon="33.6230203"/>
  <node id="11851332475" lat="40.2696824" lon="33.6208444"/>
  <node id="11851332470" lat="40.2802724" lon="33.6269150"/>
  <node id="11851332471" lat="40.2793996" lon="33.6270915"/>
  <node id="11851332472" lat="40.2777445" lon="33.6280825"/>
  <node id="11851332473" lat="40.2766308" lon="33.6275468"/>
  <node id="11851299764" lat="40.2804132" lon="33.6368436"/>
  <node id="11851299765" lat="40.2812918" lon="33.6353035"/>
  <node id="11851299760" lat="40.2814411" lon="33.6451568"/>
  <node id="11851299761" lat="40.2804705" lon="33.6443800"/>
  <node id="11851299762" lat="40.2797656" lon="33.6421168"/>
  <node id="11851299763" lat="40.2796021" lon="33.6399339"/>
  <node id="7365635786" lat="40.3230374" lon="33.5997126"/>
  <node id="7365635787" lat="40.3268275" lon="33.6001146"/>
  <node id="7365635791" lat="40.3273222" lon="33.5979018"/>
  <node id="11851311611" lat="40.3250330" lon="33.6001470"/>
  <node id="7365635785" lat="40.3221549" lon="33.6040321"/>
  <node id="7365635794" lat="40.3283179" lon="33.5968660"/>
  <node id="7365635795" lat="40.3286604" lon="33.5959262"/>
  <node id="11851311610" lat="40.3281874" lon="33.5962438"/>
  <node id="7365635796" lat="40.3338432" lon="33.6060580"/>
  <node id="11851311609" lat="40.3322238" lon="33.6009076"/>
  <node id="11851299767" lat="40.2844486" lon="33.6320225"/>
  <node id="11851299768" lat="40.2856053" lon="33.6302898"/>
  <node id="11851332469" lat="40.2852784" lon="33.6281604"/>
  <node id="11851299766" lat="40.2821806" lon="33.6339777"/>
  <node id="11851299758" lat="40.2860591" lon="33.6460614"/>
  <node id="11851299759" lat="40.2825448" lon="33.6448160"/>
  <node id="11851299756" lat="40.2899512" lon="33.6450437"/>
  <node id="11851299757" lat="40.2880818" lon="33.6462489"/>
  <node id="11851299754" lat="40.2946881" lon="33.6475559"/>
  <node id="11851299755" lat="40.2940603" lon="33.6468329"/>
  <node id="11851311619" lat="40.3007215" lon="33.6431967"/>
  <node id="7365635779" lat="40.3053364" lon="33.6334127"/>
  <node id="11851311616" lat="40.3041080" lon="33.6342910"/>
  <node id="11851311617" lat="40.3045414" lon="33.6354074"/>
  <node id="11851311618" lat="40.3017741" lon="33.6399287"/>
  <node id="11851299753" lat="40.2949345" lon="33.6483097"/>
  <node id="11851311620" lat="40.2989309" lon="33.6467161"/>
  <node id="11851311621" lat="40.2952806" lon="33.6483443"/>
  <node id="7365635781" lat="40.3124747" lon="33.6181849"/>
  <node id="7365635782" lat="40.3138809" lon="33.6156355"/>
  <node id="7365635783" lat="40.3195344" lon="33.6107309"/>
  <node id="11851311614" lat="40.3164389" lon="33.6128228"/>
  <node id="11851311615" lat="40.3092929" lon="33.6225564"/>
  <node id="7365635784" lat="40.3219525" lon="33.6117907"/>
  <node id="7365635806" lat="40.3484964" lon="33.5573642"/>
  <node id="11851286760" lat="40.3484840" lon="33.5595860"/>
  <node id="11851286761" lat="40.3495636" lon="33.5597714"/>
  <node id="11851286762" lat="40.3499494" lon="33.5583555"/>
  <node id="11851286763" lat="40.3512608" lon="33.5642156"/>
  <node id="11851286764" lat="40.3539952" lon="33.5628883"/>
  <node id="11851286765" lat="40.3555611" lon="33.5646715"/>
  <node id="11851286766" lat="40.3561695" lon="33.5648310"/>
  <node id="11851286767" lat="40.3555240" lon="33.5660039"/>
  <node id="7365635802" lat="40.3514389" lon="33.5739328"/>
  <node id="11851311570" lat="40.3511887" lon="33.5751275"/>
  <node id="11851311572" lat="40.3528176" lon="33.5758358"/>
  <node id="11851311573" lat="40.3523751" lon="33.5794885"/>
  <node id="7365635805" lat="40.3539122" lon="33.5708576"/>
  <node id="11851286768" lat="40.3550439" lon="33.5675682"/>
  <node id="11851311569" lat="40.3541004" lon="33.5693615"/>
  <node id="11851311608" lat="40.3422467" lon="33.6055226"/>
  <node id="11851311571" lat="40.3522671" lon="33.5856611"/>
  <node id="11851311574" lat="40.3527129" lon="33.5835120"/>
  <node id="11851311575" lat="40.3514440" lon="33.5868914"/>
  <node id="11851311576" lat="40.3511173" lon="33.5894863"/>
  <node id="11851311577" lat="40.3528774" lon="33.5880190"/>
  <node id="11851311578" lat="40.3519098" lon="33.5899208"/>
  <node id="11851311579" lat="40.3502111" lon="33.5907009"/>
  <node id="11851311580" lat="40.3498947" lon="33.5924726"/>
  <node id="11851311581" lat="40.3489914" lon="33.5941354"/>
  <node id="11851311582" lat="40.3483869" lon="33.5987354"/>
  <node id="11851311583" lat="40.3496924" lon="33.5990723"/>
  <node id="11851311584" lat="40.3516924" lon="33.6000171"/>
  <node id="11851311585" lat="40.3521730" lon="33.6000671"/>
  <node id="11851311586" lat="40.3536294" lon="33.6010339"/>
  <node id="11851311587" lat="40.3525448" lon="33.6052904"/>
  <node id="11851311590" lat="40.3520041" lon="33.6006918"/>
  <node id="11851311591" lat="40.3514014" lon="33.6005829"/>
  <node id="11851311592" lat="40.3509032" lon="33.6009297"/>
  <node id="11851311593" lat="40.3504796" lon="33.6003431"/>
  <node id="11851311594" lat="40.3497979" lon="33.6017143"/>
  <node id="11851311595" lat="40.3503652" lon="33.6040915"/>
  <node id="11851311596" lat="40.3501092" lon="33.6056127"/>
  <node id="11851311599" lat="40.3490408" lon="33.6058670"/>
  <node id="11851311600" lat="40.3488565" lon="33.6028018"/>
  <node id="11851311601" lat="40.3480070" lon="33.6031015"/>
  <node id="11851311604" lat="40.3463559" lon="33.6092637"/>
  <node id="11851311605" lat="40.3459824" lon="33.6084480"/>
  <node id="11851311606" lat="40.3455466" lon="33.6092906"/>
  <node id="11851311607" lat="40.3424225" lon="33.6088144"/>
  <node id="7365635799" lat="40.3496406" lon="33.6077347"/>
  <node id="11851311588" lat="40.3525473" lon="33.6070245"/>
  <node id="11851311589" lat="40.3510153" lon="33.6075964"/>
  <node id="11851311597" lat="40.3500957" lon="33.6070170"/>
  <node id="11851311598" lat="40.3505609" lon="33.6077578"/>
  <node id="11851311602" lat="40.3487451" lon="33.6079524"/>
  <node id="11851311603" lat="40.3476008" lon="33.6082437"/>
  <way id="827063657">
    <nd ref="959404228"/>
    <nd ref="151021554"/>
    <nd ref="7721524299"/>
    <nd ref="7721524298"/>
    <nd ref="7721524297"/>
    <nd ref="7721524296"/>
    <nd ref="7721524295"/>
    <nd ref="7721524294"/>
    <nd ref="7721524293"/>
    <nd ref="7721524292"/>
    <nd ref="7721524291"/>
    <nd ref="7721524290"/>
    <nd ref="7721524289"/>
    <nd ref="7721524288"/>
    <nd ref="7721524287"/>
    <nd ref="7721524286"/>
    <nd ref="7721524285"/>
    <nd ref="7721524284"/>
    <nd ref="7721524283"/>
    <nd ref="7721524282"/>
    <nd ref="7721524281"/>
    <nd ref="7721524280"/>
    <nd ref="7721524279"/>
    <nd ref="7721524278"/>
    <nd ref="7721524277"/>
    <nd ref="7721524276"/>
    <nd ref="7721524275"/>
    <nd ref="7721524274"/>
    <nd ref="7721524273"/>
    <nd ref="7721524272"/>
    <nd ref="7721524271"/>
    <nd ref="7721524270"/>
    <nd ref="7721524269"/>
    <nd ref="7721524268"/>
    <nd ref="7721524267"/>
    <nd ref="7721524266"/>
    <nd ref="7721524265"/>
    <nd ref="7721524264"/>
    <nd ref="7721524263"/>
    <nd ref="7721524262"/>
    <nd ref="7721524261"/>
    <nd ref="7721524260"/>
    <nd ref="7721524259"/>
    <nd ref="7721524258"/>
    <nd ref="7721524257"/>
    <nd ref="7721524256"/>
    <nd ref="7721524255"/>
    <nd ref="7721524254"/>
    <nd ref="7721524253"/>
    <nd ref="7721524252"/>
    <nd ref="7721524251"/>
    <nd ref="9379328581"/>
    <nd ref="7721524250"/>
    <nd ref="7721524249"/>
    <nd ref="7721524248"/>
    <nd ref="7721524247"/>
    <nd ref="7721524246"/>
    <nd ref="11564279467"/>
    <nd ref="7721524245"/>
    <nd ref="7721524244"/>
    <nd ref="7721524243"/>
    <nd ref="7721524242"/>
    <nd ref="7721524241"/>
    <nd ref="7721524240"/>
    <nd ref="7721524239"/>
    <nd ref="7721524238"/>
    <nd ref="7721524237"/>
    <nd ref="7721524236"/>
    <nd ref="7721524235"/>
    <nd ref="7721524234"/>
    <nd ref="7721524233"/>
    <nd ref="7721524232"/>
    <nd ref="7721524231"/>
    <nd ref="7721524230"/>
    <nd ref="7721524229"/>
    <nd ref="7721524228"/>
    <nd ref="7721524227"/>
    <nd ref="7721524226"/>
    <nd ref="7721524225"/>
    <nd ref="7721524224"/>
    <nd ref="7721524223"/>
    <nd ref="7721524222"/>
    <nd ref="7721524221"/>
    <nd ref="7721524220"/>
    <nd ref="7721524219"/>
    <nd ref="7721524218"/>
    <nd ref="7721524217"/>
    <nd ref="7721524216"/>
    <nd ref="7721524215"/>
    <nd ref="7721524214"/>
    <nd ref="7721524213"/>
    <nd ref="7721524212"/>
    <nd ref="7721524211"/>
    <nd ref="9379324454"/>
    <nd ref="9379324455"/>
    <nd ref="7721524210"/>
    <nd ref="7721524209"/>
    <nd ref="7721524208"/>
    <nd ref="7721524207"/>
    <nd ref="7721524206"/>
    <nd ref="7721524205"/>
    <nd ref="7721524204"/>
    <nd ref="7721524203"/>
    <nd ref="7721524202"/>
    <nd ref="7721524201"/>
    <nd ref="7721524200"/>
    <nd ref="7721524199"/>
    <nd ref="7721524198"/>
    <nd ref="7721524197"/>
    <nd ref="7721524196"/>
    <nd ref="7721524195"/>
    <nd ref="7721524194"/>
    <nd ref="7721524193"/>
    <nd ref="7721524192"/>
    <nd ref="7721524191"/>
    <nd ref="7721524190"/>
    <nd ref="7721524189"/>
    <nd ref="7721524188"/>
    <nd ref="7721524187"/>
    <nd ref="7721524186"/>
    <nd ref="7721524185"/>
    <nd ref="7721524184"/>
    <nd ref="7721524183"/>
    <nd ref="7721524182"/>
    <nd ref="7721524181"/>
    <nd ref="7721524180"/>
    <nd ref="7721524179"/>
    <nd ref="7721524178"/>
    <nd ref="7721524177"/>
    <nd ref="7721524176"/>
    <nd ref="7721524175"/>
    <nd ref="7721524174"/>
    <nd ref="7721524173"/>
    <nd ref="7721524172"/>
    <nd ref="7721524171"/>
    <nd ref="7721524170"/>
    <nd ref="8313875227"/>
    <nd ref="9466193085"/>
    <nd ref="7721524169"/>
    <nd ref="7721524168"/>
    <nd ref="7721524167"/>
    <nd ref="7721524166"/>
    <nd ref="7721524162"/>
    <nd ref="7721524161"/>
    <nd ref="7721524160"/>
    <nd ref="7721524159"/>
    <nd ref="7721524158"/>
    <nd ref="7721524157"/>
    <nd ref="7721524156"/>
    <nd ref="7721524155"/>
    <nd ref="8313875226"/>
    <nd ref="7721524154"/>
    <nd ref="7721524153"/>
    <nd ref="7721524152"/>
    <nd ref="7721524151"/>
    <nd ref="7721524150"/>
    <nd ref="7721524149"/>
    <nd ref="7721524148"/>
    <nd ref="7721524147"/>
    <nd ref="7721524146"/>
    <nd ref="7721524145"/>
    <nd ref="7721524144"/>
    <nd ref="7721524143"/>
    <nd ref="7721524142"/>
    <nd ref="7721524141"/>
    <nd ref="7721524140"/>
    <nd ref="7721524139"/>
    <nd ref="7721524138"/>
    <nd ref="7721524137"/>
    <nd ref="7721524136"/>
    <nd ref="7721524135"/>
    <nd ref="7721524134"/>
    <nd ref="7721524133"/>
    <nd ref="7721524132"/>
    <nd ref="7721524131"/>
    <nd ref="7721524130"/>
    <nd ref="7721524129"/>
    <nd ref="7721524128"/>
    <nd ref="7721524127"/>
    <nd ref="7721524126"/>
    <nd ref="7721524125"/>
    <nd ref="7721524124"/>
    <nd ref="7721524123"/>
    <nd ref="7721524122"/>
    <nd ref="7721524121"/>
    <nd ref="7721524120"/>
    <nd ref="7721524119"/>
    <nd ref="7721524118"/>
    <nd ref="7721524117"/>
    <nd ref="7721524116"/>
    <nd ref="7721524115"/>
    <nd ref="7721524114"/>
    <nd ref="7721524113"/>
    <nd ref="7721524112"/>
    <nd ref="7721524111"/>
    <nd ref="7721524110"/>
    <nd ref="7721524109"/>
    <nd ref="7721524108"/>
    <nd ref="7721524107"/>
    <nd ref="7721524106"/>
    <nd ref="7721524105"/>
    <nd ref="7721524104"/>
    <nd ref="7721524103"/>
    <nd ref="7721524102"/>
    <nd ref="7721524101"/>
    <nd ref="7721524100"/>
    <nd ref="7721524099"/>
    <nd ref="7721524098"/>
    <nd ref="7721524097"/>
    <nd ref="7721524096"/>
    <nd ref="7721524095"/>
    <nd ref="7721524094"/>
    <nd ref="7721524093"/>
    <nd ref="7721524092"/>
    <nd ref="7721524091"/>
    <nd ref="7721524090"/>
    <nd ref="7721524089"/>
    <nd ref="7721524088"/>
    <nd ref="7721524087"/>
    <nd ref="7721524086"/>
    <nd ref="7721524085"/>
    <nd ref="7721514584"/>
    <nd ref="7721514583"/>
    <nd ref="7721514582"/>
    <nd ref="7721514581"/>
    <nd ref="7721514580"/>
    <nd ref="7721514579"/>
    <nd ref="7721514578"/>
    <nd ref="7721514577"/>
    <nd ref="7721514576"/>
    <nd ref="7721514575"/>
    <nd ref="7721514574"/>
    <nd ref="7721514573"/>
    <nd ref="7721514572"/>
    <nd ref="7721514571"/>
    <nd ref="7721514570"/>
    <nd ref="7721514569"/>
    <nd ref="7721514568"/>
    <nd ref="7721514567"/>
    <nd ref="7721514566"/>
    <nd ref="7721514565"/>
    <nd ref="7721514564"/>
    <nd ref="7721514563"/>
    <nd ref="7721514562"/>
    <nd ref="7721514561"/>
    <nd ref="7721514560"/>
    <nd ref="7721514559"/>
    <nd ref="7721514558"/>
    <nd ref="7721514557"/>
    <nd ref="7721514556"/>
    <nd ref="7721514555"/>
    <nd ref="7721514554"/>
    <nd ref="7721514553"/>
    <nd ref="7721514552"/>
    <nd ref="7721514551"/>
    <nd ref="7721514550"/>
    <nd ref="7721514549"/>
    <nd ref="7721514548"/>
    <nd ref="7721514547"/>
    <nd ref="7721514546"/>
    <nd ref="7721514545"/>
    <nd ref="7721514544"/>
    <nd ref="7721514543"/>
    <nd ref="7721514542"/>
    <nd ref="7721514541"/>
    <nd ref="7721514540"/>
    <nd ref="7721514539"/>
    <nd ref="7721514538"/>
    <nd ref="7721514537"/>
    <nd ref="7721514536"/>
    <nd ref="7721514535"/>
    <nd ref="7721514534"/>
    <nd ref="7721514533"/>
    <nd ref="7721514532"/>
    <nd ref="7293298363"/>
  </way>
  <way id="793967357">
    <nd ref="7293298363"/>
    <nd ref="7426886255"/>
    <nd ref="7426886254"/>
    <nd ref="7426886253"/>
    <nd ref="7426886252"/>
    <nd ref="7426886251"/>
    <nd ref="7426886250"/>
    <nd ref="7426886249"/>
    <nd ref="7426886248"/>
    <nd ref="7426886247"/>
    <nd ref="7426886246"/>
    <nd ref="7426886245"/>
    <nd ref="7426886244"/>
    <nd ref="7426886243"/>
    <nd ref="7426886242"/>
    <nd ref="7426886241"/>
    <nd ref="7426886240"/>
    <nd ref="7426886239"/>
    <nd ref="7426886238"/>
    <nd ref="7426886237"/>
    <nd ref="7426886236"/>
    <nd ref="7426886235"/>
    <nd ref="7426886234"/>
    <nd ref="7426886233"/>
    <nd ref="7426886232"/>
    <nd ref="7426886231"/>
    <nd ref="7426886230"/>
    <nd ref="7426886229"/>
    <nd ref="7426886228"/>
    <nd ref="7426886227"/>
    <nd ref="7426886226"/>
    <nd ref="7426886225"/>
    <nd ref="7426886224"/>
    <nd ref="7426886223"/>
    <nd ref="7426886222"/>
    <nd ref="7426886221"/>
    <nd ref="7426886220"/>
    <nd ref="7426886219"/>
    <nd ref="7426886218"/>
    <nd ref="7426886217"/>
    <nd ref="7426886216"/>
    <nd ref="7426886215"/>
    <nd ref="7426886214"/>
    <nd ref="7426886213"/>
    <nd ref="7426886212"/>
    <nd ref="7426886211"/>
    <nd ref="7426886210"/>
    <nd ref="7426886209"/>
    <nd ref="7426886208"/>
    <nd ref="7426886207"/>
    <nd ref="7426886316"/>
    <nd ref="7426886315"/>
    <nd ref="7426886314"/>
    <nd ref="7426886313"/>
    <nd ref="7426886312"/>
    <nd ref="7426886311"/>
    <nd ref="7426886310"/>
    <nd ref="7426886309"/>
    <nd ref="7426886308"/>
    <nd ref="7426886307"/>
    <nd ref="7426886306"/>
    <nd ref="7426886305"/>
    <nd ref="7426886304"/>
    <nd ref="7426886303"/>
    <nd ref="7426886302"/>
    <nd ref="7426886301"/>
    <nd ref="7426886300"/>
    <nd ref="7426886299"/>
    <nd ref="7426886298"/>
    <nd ref="7426886297"/>
    <nd ref="7426886296"/>
    <nd ref="7426886295"/>
    <nd ref="7426886294"/>
    <nd ref="7426886293"/>
    <nd ref="7426886292"/>
    <nd ref="7426886291"/>
    <nd ref="7426886290"/>
    <nd ref="7426886289"/>
    <nd ref="7426886288"/>
    <nd ref="7426886287"/>
    <nd ref="7426886286"/>
    <nd ref="7426886285"/>
    <nd ref="7426886284"/>
    <nd ref="7426886283"/>
    <nd ref="7426886282"/>
    <nd ref="7426886281"/>
    <nd ref="7426886280"/>
    <nd ref="7426886279"/>
    <nd ref="7426886278"/>
    <nd ref="7426886277"/>
    <nd ref="7426886276"/>
    <nd ref="7426886275"/>
    <nd ref="7426886274"/>
    <nd ref="7426886273"/>
    <nd ref="7426886272"/>
    <nd ref="7426886271"/>
    <nd ref="7426886270"/>
    <nd ref="7426886269"/>
    <nd ref="7426886268"/>
    <nd ref="7426886267"/>
    <nd ref="7426886266"/>
    <nd ref="7426886265"/>
    <nd ref="7426886264"/>
    <nd ref="7426886263"/>
    <nd ref="7426886262"/>
    <nd ref="7426886261"/>
    <nd ref="7426886260"/>
    <nd ref="7426886259"/>
    <nd ref="7426886258"/>
    <nd ref="7426886257"/>
    <nd ref="7426886256"/>
  </way>
  <way id="787826587">
    <nd ref="951481942"/>
    <nd ref="951481923"/>
    <nd ref="7721524383"/>
    <nd ref="7365572568"/>
    <nd ref="7365572567"/>
    <nd ref="7365572566"/>
    <nd ref="7365572565"/>
    <nd ref="7365572564"/>
    <nd ref="7365572563"/>
    <nd ref="7365572562"/>
    <nd ref="7365572561"/>
    <nd ref="7721524384"/>
    <nd ref="7721524385"/>
    <nd ref="7365572560"/>
    <nd ref="7365572559"/>
    <nd ref="7721524386"/>
    <nd ref="7365572558"/>
    <nd ref="7365572557"/>
    <nd ref="7365572556"/>
    <nd ref="7365572555"/>
    <nd ref="7365572554"/>
    <nd ref="7365572553"/>
    <nd ref="7365572552"/>
    <nd ref="7365572551"/>
    <nd ref="7365572550"/>
    <nd ref="7365572549"/>
    <nd ref="7365572548"/>
    <nd ref="7365572547"/>
    <nd ref="7365572546"/>
    <nd ref="7365572545"/>
    <nd ref="7365572544"/>
    <nd ref="7365572543"/>
    <nd ref="7365572542"/>
    <nd ref="7365572541"/>
    <nd ref="7365572540"/>
    <nd ref="7365572539"/>
    <nd ref="7365572538"/>
    <nd ref="7365572537"/>
    <nd ref="7365572536"/>
    <nd ref="7365572535"/>
    <nd ref="7365572534"/>
    <nd ref="7365572533"/>
    <nd ref="7365572532"/>
    <nd ref="7365572531"/>
    <nd ref="7365572530"/>
    <nd ref="7365572529"/>
    <nd ref="7365572528"/>
    <nd ref="7365572527"/>
    <nd ref="7365572526"/>
    <nd ref="7365572525"/>
    <nd ref="7365572524"/>
    <nd ref="7365572523"/>
    <nd ref="7365572522"/>
    <nd ref="7365572521"/>
    <nd ref="7365572520"/>
    <nd ref="7365572519"/>
    <nd ref="7365572518"/>
    <nd ref="7365572517"/>
    <nd ref="7365572516"/>
    <nd ref="7365572515"/>
    <nd ref="7365572514"/>
    <nd ref="7365572513"/>
    <nd ref="7365572512"/>
    <nd ref="7365572511"/>
    <nd ref="7365572510"/>
    <nd ref="959404472"/>
  </way>
  <way id="827063658">
    <nd ref="10647902346"/>
    <nd ref="7365572508"/>
    <nd ref="7365572507"/>
    <nd ref="7365572506"/>
    <nd ref="7365572505"/>
    <nd ref="7721524382"/>
    <nd ref="7721524377"/>
    <nd ref="7721524376"/>
    <nd ref="7721524375"/>
    <nd ref="7721524374"/>
    <nd ref="7721524373"/>
    <nd ref="7721524372"/>
    <nd ref="7721524371"/>
    <nd ref="7721524370"/>
    <nd ref="7721524369"/>
    <nd ref="7721524368"/>
    <nd ref="7721524367"/>
    <nd ref="7721524366"/>
    <nd ref="7721524365"/>
    <nd ref="7721524364"/>
    <nd ref="7721524363"/>
    <nd ref="7721524362"/>
    <nd ref="7721524361"/>
    <nd ref="7721524360"/>
    <nd ref="7721524359"/>
    <nd ref="7721524358"/>
    <nd ref="7721524357"/>
    <nd ref="7721524356"/>
    <nd ref="7721524355"/>
    <nd ref="7721524354"/>
    <nd ref="7721524353"/>
    <nd ref="7721524352"/>
    <nd ref="7721524351"/>
    <nd ref="7721524350"/>
    <nd ref="7721524349"/>
    <nd ref="7721524348"/>
    <nd ref="7721524347"/>
    <nd ref="7721524346"/>
    <nd ref="7721524345"/>
    <nd ref="7721524344"/>
    <nd ref="7721524343"/>
    <nd ref="7721524342"/>
    <nd ref="7721524341"/>
    <nd ref="7721524340"/>
    <nd ref="7721524339"/>
    <nd ref="7721524338"/>
    <nd ref="7721524337"/>
    <nd ref="7721524336"/>
    <nd ref="7721524335"/>
    <nd ref="7721524334"/>
    <nd ref="7721524333"/>
    <nd ref="7721524332"/>
    <nd ref="7721524331"/>
    <nd ref="7721524330"/>
    <nd ref="7721524329"/>
    <nd ref="7721524328"/>
    <nd ref="7721524327"/>
    <nd ref="7721524326"/>
    <nd ref="7721524325"/>
    <nd ref="7721524324"/>
    <nd ref="7721524323"/>
    <nd ref="7721524322"/>
    <nd ref="7721524378"/>
  </way>
  <way id="1143811677">
    <nd ref="959404472"/>
    <nd ref="151021584"/>
    <nd ref="1473954046"/>
    <nd ref="7365572509"/>
    <nd ref="10647902346"/>
  </way>
  <way id="787560430">
    <nd ref="7721524681"/>
    <nd ref="7721524680"/>
    <nd ref="7721524679"/>
    <nd ref="7721524678"/>
    <nd ref="7721524677"/>
    <nd ref="7721524676"/>
    <nd ref="7721524675"/>
    <nd ref="7721524674"/>
    <nd ref="7721524673"/>
    <nd ref="7721524672"/>
    <nd ref="7721524671"/>
    <nd ref="7721524670"/>
    <nd ref="7721524669"/>
    <nd ref="7721524668"/>
    <nd ref="7721524667"/>
    <nd ref="7721524666"/>
    <nd ref="7721524665"/>
    <nd ref="7721524664"/>
    <nd ref="7721524663"/>
    <nd ref="7721524662"/>
    <nd ref="7721524661"/>
    <nd ref="7721524660"/>
    <nd ref="7721524659"/>
    <nd ref="7721524658"/>
    <nd ref="7721524657"/>
    <nd ref="7721524656"/>
    <nd ref="7721524655"/>
    <nd ref="7721524654"/>
    <nd ref="7721524653"/>
    <nd ref="7721524652"/>
    <nd ref="7721524651"/>
    <nd ref="7721524650"/>
    <nd ref="7721524649"/>
    <nd ref="7721524648"/>
    <nd ref="7721524647"/>
    <nd ref="7721524646"/>
    <nd ref="7721524645"/>
    <nd ref="7721524644"/>
    <nd ref="7721524643"/>
    <nd ref="7721524642"/>
    <nd ref="7721524641"/>
    <nd ref="7721524640"/>
    <nd ref="7721524639"/>
    <nd ref="7721524638"/>
    <nd ref="7721524637"/>
    <nd ref="7721524636"/>
    <nd ref="7721524635"/>
    <nd ref="7721524634"/>
    <nd ref="7721524633"/>
    <nd ref="7721524632"/>
    <nd ref="7721524631"/>
    <nd ref="7721524630"/>
    <nd ref="7721524629"/>
    <nd ref="7721524628"/>
    <nd ref="7721524627"/>
    <nd ref="7721524626"/>
    <nd ref="7721524625"/>
    <nd ref="7721524624"/>
    <nd ref="7721524623"/>
    <nd ref="7721524622"/>
    <nd ref="7721524621"/>
    <nd ref="7721524620"/>
    <nd ref="7721524619"/>
    <nd ref="7721524618"/>
    <nd ref="7721524617"/>
    <nd ref="7721524616"/>
    <nd ref="7721524615"/>
    <nd ref="7721524614"/>
    <nd ref="7721524613"/>
    <nd ref="7721524612"/>
    <nd ref="7721524611"/>
    <nd ref="7721524610"/>
    <nd ref="7721524609"/>
    <nd ref="7721524608"/>
    <nd ref="7721524607"/>
    <nd ref="7721524606"/>
    <nd ref="7721524605"/>
    <nd ref="7721524604"/>
    <nd ref="7721524603"/>
    <nd ref="7721524602"/>
    <nd ref="7721524601"/>
    <nd ref="7721524600"/>
    <nd ref="7721524599"/>
    <nd ref="7721524598"/>
    <nd ref="7721524597"/>
    <nd ref="7721524596"/>
    <nd ref="7721524595"/>
    <nd ref="7721524594"/>
    <nd ref="7721524593"/>
    <nd ref="7721524592"/>
    <nd ref="7721524591"/>
    <nd ref="7721524590"/>
    <nd ref="7721524589"/>
    <nd ref="7721524588"/>
    <nd ref="7721524587"/>
    <nd ref="7721524586"/>
    <nd ref="7721524585"/>
    <nd ref="7721524584"/>
    <nd ref="7721524583"/>
    <nd ref="7721524582"/>
    <nd ref="7721524581"/>
    <nd ref="7721524580"/>
    <nd ref="7721524579"/>
    <nd ref="7721524578"/>
    <nd ref="7721524577"/>
    <nd ref="7721524576"/>
    <nd ref="7721524575"/>
    <nd ref="7721524574"/>
    <nd ref="7721524573"/>
    <nd ref="7721524572"/>
    <nd ref="7721524571"/>
    <nd ref="7721524570"/>
    <nd ref="7721524569"/>
    <nd ref="7721524568"/>
    <nd ref="7721524567"/>
    <nd ref="7721524566"/>
    <nd ref="7721524565"/>
    <nd ref="7721524564"/>
    <nd ref="7721524563"/>
    <nd ref="7721524562"/>
    <nd ref="7721524561"/>
    <nd ref="7721524560"/>
    <nd ref="7721524559"/>
    <nd ref="7721524558"/>
    <nd ref="7721524557"/>
    <nd ref="7721524556"/>
    <nd ref="7721524555"/>
    <nd ref="7721524554"/>
    <nd ref="7721524553"/>
    <nd ref="7721524552"/>
    <nd ref="7721524551"/>
    <nd ref="7721524550"/>
    <nd ref="7721524549"/>
    <nd ref="7721524548"/>
    <nd ref="7721524547"/>
    <nd ref="7721524546"/>
    <nd ref="7721524545"/>
    <nd ref="7721524544"/>
    <nd ref="7721524543"/>
    <nd ref="7721524542"/>
    <nd ref="7721524541"/>
    <nd ref="7721524540"/>
    <nd ref="7721524539"/>
    <nd ref="7721524538"/>
    <nd ref="7721524537"/>
    <nd ref="7721524536"/>
    <nd ref="7721524535"/>
    <nd ref="7721524534"/>
    <nd ref="7721524533"/>
    <nd ref="7721524532"/>
    <nd ref="7721524531"/>
    <nd ref="7721524530"/>
    <nd ref="7721524529"/>
    <nd ref="7721524528"/>
    <nd ref="7721524527"/>
    <nd ref="7721524526"/>
    <nd ref="7721524525"/>
    <nd ref="7721524524"/>
    <nd ref="7721524523"/>
    <nd ref="7721524522"/>
    <nd ref="7721524521"/>
    <nd ref="7721524520"/>
    <nd ref="7721524519"/>
    <nd ref="7721524518"/>
    <nd ref="7721524517"/>
    <nd ref="7721524516"/>
    <nd ref="7721524515"/>
    <nd ref="7721524514"/>
    <nd ref="7721524513"/>
    <nd ref="7721524512"/>
    <nd ref="7721524511"/>
    <nd ref="7721524510"/>
    <nd ref="7721524509"/>
    <nd ref="7721524508"/>
    <nd ref="7721524507"/>
    <nd ref="7721524506"/>
    <nd ref="7721524505"/>
    <nd ref="7721524504"/>
    <nd ref="7721524503"/>
    <nd ref="7721524502"/>
    <nd ref="7721524501"/>
    <nd ref="7721524500"/>
    <nd ref="7721524499"/>
    <nd ref="7721524498"/>
    <nd ref="7721524497"/>
    <nd ref="7721524496"/>
    <nd ref="7721524495"/>
    <nd ref="7721524494"/>
    <nd ref="7721524493"/>
    <nd ref="7721524492"/>
    <nd ref="7721524491"/>
    <nd ref="7721524490"/>
    <nd ref="7721524489"/>
    <nd ref="7721524488"/>
    <nd ref="7721524487"/>
    <nd ref="7721524486"/>
    <nd ref="7721524485"/>
    <nd ref="7721524484"/>
    <nd ref="7721524483"/>
    <nd ref="7721524482"/>
    <nd ref="7721524481"/>
    <nd ref="7721524480"/>
    <nd ref="7721524479"/>
    <nd ref="7721524478"/>
    <nd ref="7721524477"/>
    <nd ref="7721524476"/>
    <nd ref="7721524475"/>
    <nd ref="7721524474"/>
    <nd ref="7721524473"/>
    <nd ref="7721524472"/>
    <nd ref="7721524471"/>
    <nd ref="7721524470"/>
    <nd ref="7721524469"/>
    <nd ref="7721524468"/>
    <nd ref="7721524467"/>
    <nd ref="7721524466"/>
    <nd ref="7721524465"/>
    <nd ref="7721524464"/>
    <nd ref="7721524463"/>
    <nd ref="7721524462"/>
    <nd ref="7721524461"/>
    <nd ref="7721524460"/>
    <nd ref="7721524459"/>
    <nd ref="7721524458"/>
    <nd ref="7721524457"/>
    <nd ref="7721524456"/>
    <nd ref="7721524455"/>
    <nd ref="7721524454"/>
    <nd ref="7721524453"/>
    <nd ref="7721524452"/>
    <nd ref="7721524451"/>
    <nd ref="7721524450"/>
    <nd ref="7721524449"/>
    <nd ref="7721524448"/>
    <nd ref="7721524447"/>
    <nd ref="7721524446"/>
    <nd ref="7721524445"/>
    <nd ref="7721524444"/>
    <nd ref="7721524443"/>
    <nd ref="7721524442"/>
    <nd ref="7721524441"/>
    <nd ref="7721524440"/>
    <nd ref="7721524439"/>
    <nd ref="7721524438"/>
    <nd ref="7721524437"/>
    <nd ref="7721524436"/>
    <nd ref="7721524435"/>
    <nd ref="7721524434"/>
    <nd ref="7721524433"/>
    <nd ref="7721524432"/>
    <nd ref="7721524431"/>
    <nd ref="7721524430"/>
    <nd ref="7721524429"/>
    <nd ref="7721524428"/>
    <nd ref="7721524427"/>
    <nd ref="7721524426"/>
    <nd ref="7721524425"/>
    <nd ref="7721524424"/>
    <nd ref="7721524423"/>
    <nd ref="7721524422"/>
    <nd ref="7721524421"/>
    <nd ref="7721524420"/>
    <nd ref="7721524419"/>
    <nd ref="7721524418"/>
    <nd ref="7721524417"/>
    <nd ref="7721524416"/>
    <nd ref="7721524415"/>
    <nd ref="7721524414"/>
    <nd ref="7721524413"/>
    <nd ref="7721524412"/>
    <nd ref="7721524411"/>
    <nd ref="7721524410"/>
    <nd ref="7721524409"/>
    <nd ref="7721524408"/>
    <nd ref="7721524407"/>
    <nd ref="7721524406"/>
    <nd ref="7721524405"/>
    <nd ref="7721524404"/>
    <nd ref="7721524403"/>
    <nd ref="7721524402"/>
    <nd ref="7721524401"/>
    <nd ref="7721524400"/>
    <nd ref="7721524399"/>
    <nd ref="7721524398"/>
    <nd ref="7721524397"/>
    <nd ref="7721524396"/>
    <nd ref="7721524395"/>
    <nd ref="7721524394"/>
    <nd ref="7721524393"/>
    <nd ref="7721524392"/>
    <nd ref="7721524391"/>
    <nd ref="7721524390"/>
    <nd ref="7721524389"/>
    <nd ref="7721524388"/>
    <nd ref="7721524387"/>
    <nd ref="951481942"/>
  </way>
  <way id="793967356">
    <nd ref="151004699"/>
    <nd ref="7426886206"/>
    <nd ref="7426886205"/>
    <nd ref="7426886204"/>
    <nd ref="7426886202"/>
    <nd ref="7426886201"/>
    <nd ref="7426886200"/>
    <nd ref="7426886199"/>
    <nd ref="7426886198"/>
    <nd ref="7426886197"/>
    <nd ref="7426886196"/>
    <nd ref="7426886195"/>
    <nd ref="7426886194"/>
    <nd ref="7426886193"/>
    <nd ref="7426886192"/>
    <nd ref="7426886191"/>
    <nd ref="7426886190"/>
    <nd ref="7426886189"/>
    <nd ref="7426886188"/>
    <nd ref="7426886187"/>
    <nd ref="7426886186"/>
    <nd ref="7426886185"/>
    <nd ref="7426886184"/>
    <nd ref="7426886183"/>
    <nd ref="7426886182"/>
    <nd ref="7426886181"/>
    <nd ref="7426886180"/>
    <nd ref="7426886179"/>
    <nd ref="7426886178"/>
    <nd ref="7426886177"/>
    <nd ref="7426886176"/>
    <nd ref="7426886175"/>
    <nd ref="7426886174"/>
    <nd ref="7426886173"/>
    <nd ref="7426886172"/>
    <nd ref="7426886171"/>
    <nd ref="7426886170"/>
    <nd ref="7426886169"/>
    <nd ref="7426886168"/>
    <nd ref="7426886167"/>
    <nd ref="7426886166"/>
    <nd ref="7426886165"/>
    <nd ref="7426886164"/>
    <nd ref="7426886163"/>
    <nd ref="7426886162"/>
    <nd ref="7426886161"/>
    <nd ref="7426886160"/>
    <nd ref="7426886159"/>
    <nd ref="7426886158"/>
    <nd ref="7426886157"/>
    <nd ref="7426886156"/>
    <nd ref="7426886155"/>
    <nd ref="7426886154"/>
    <nd ref="7426886153"/>
    <nd ref="7426886152"/>
    <nd ref="7426886151"/>
    <nd ref="7426886150"/>
    <nd ref="7426886149"/>
    <nd ref="7426886148"/>
    <nd ref="7426886147"/>
    <nd ref="7426886146"/>
    <nd ref="7426886145"/>
    <nd ref="7426886144"/>
    <nd ref="7426886143"/>
    <nd ref="7426886142"/>
    <nd ref="7426886141"/>
    <nd ref="7426886140"/>
    <nd ref="7426886139"/>
    <nd ref="7426886138"/>
    <nd ref="7426886137"/>
    <nd ref="7426886136"/>
    <nd ref="7426886135"/>
    <nd ref="7426886134"/>
    <nd ref="7426886133"/>
    <nd ref="7426886132"/>
    <nd ref="7426886131"/>
    <nd ref="7426886130"/>
    <nd ref="7426886129"/>
    <nd ref="7426886128"/>
    <nd ref="7426886127"/>
    <nd ref="7426886126"/>
    <nd ref="7426886125"/>
    <nd ref="7426886124"/>
    <nd ref="7426886123"/>
    <nd ref="7426886122"/>
    <nd ref="7426886121"/>
    <nd ref="7426886120"/>
    <nd ref="7426886119"/>
    <nd ref="7426886118"/>
    <nd ref="7426886117"/>
    <nd ref="7426886116"/>
    <nd ref="7426886115"/>
    <nd ref="7426886114"/>
    <nd ref="7426886113"/>
    <nd ref="7426886112"/>
    <nd ref="7426886111"/>
    <nd ref="7426886110"/>
    <nd ref="7426886109"/>
    <nd ref="7426886108"/>
    <nd ref="7426886107"/>
    <nd ref="7426886106"/>
    <nd ref="7426886105"/>
    <nd ref="7426886104"/>
    <nd ref="7426886103"/>
    <nd ref="7426886102"/>
    <nd ref="7426886101"/>
    <nd ref="7426886100"/>
    <nd ref="7426886099"/>
    <nd ref="7426886098"/>
    <nd ref="7426886097"/>
    <nd ref="7426886096"/>
    <nd ref="7426886095"/>
    <nd ref="7426886094"/>
    <nd ref="7426886093"/>
    <nd ref="7426886092"/>
    <nd ref="7426886091"/>
    <nd ref="7426886090"/>
    <nd ref="7426886089"/>
    <nd ref="7426886088"/>
    <nd ref="7426886087"/>
    <nd ref="7426886086"/>
    <nd ref="7426886085"/>
    <nd ref="7426827484"/>
    <nd ref="12879853400"/>
    <nd ref="12879853399"/>
    <nd ref="12879853401"/>
    <nd ref="12879853398"/>
    <nd ref="12879853397"/>
    <nd ref="973502450"/>
  </way>
  <way id="793967355">
    <nd ref="7426886256"/>
    <nd ref="7426827483"/>
    <nd ref="7426827482"/>
    <nd ref="7426827481"/>
    <nd ref="7426827480"/>
    <nd ref="7426827479"/>
    <nd ref="7426827478"/>
    <nd ref="7426827477"/>
    <nd ref="7426827476"/>
    <nd ref="7426827475"/>
    <nd ref="7426827474"/>
    <nd ref="7426827473"/>
    <nd ref="7426827472"/>
    <nd ref="7426827471"/>
    <nd ref="7426827470"/>
    <nd ref="7426827469"/>
    <nd ref="7426827468"/>
    <nd ref="7426827467"/>
    <nd ref="7426827466"/>
    <nd ref="7426827465"/>
    <nd ref="7426827464"/>
    <nd ref="7426827463"/>
    <nd ref="7426827462"/>
    <nd ref="7426827461"/>
    <nd ref="7426827460"/>
    <nd ref="7426827459"/>
    <nd ref="7426827458"/>
    <nd ref="7426827457"/>
    <nd ref="7426827456"/>
    <nd ref="7426827455"/>
    <nd ref="7426827454"/>
    <nd ref="7426827453"/>
    <nd ref="7426827452"/>
    <nd ref="7426827451"/>
    <nd ref="7426827450"/>
    <nd ref="7426827449"/>
    <nd ref="7426827448"/>
    <nd ref="7426827447"/>
    <nd ref="7426827446"/>
    <nd ref="7426827445"/>
    <nd ref="7426827444"/>
    <nd ref="7426827443"/>
    <nd ref="7426827442"/>
    <nd ref="7426827441"/>
    <nd ref="7426827440"/>
    <nd ref="7426827439"/>
    <nd ref="7426827438"/>
    <nd ref="7426827437"/>
    <nd ref="7426827436"/>
    <nd ref="7426827435"/>
    <nd ref="7426827434"/>
    <nd ref="7426827433"/>
    <nd ref="151004699"/>
  </way>
  <way id="1500905295">
    <nd ref="973502450"/>
    <nd ref="151004894"/>
    <nd ref="12879853402"/>
    <nd ref="13741260131"/>
    <nd ref="13741260130"/>
    <nd ref="13741260129"/>
    <nd ref="13741260128"/>
    <nd ref="13741260127"/>
    <nd ref="13741260126"/>
    <nd ref="13741260125"/>
    <nd ref="13741260124"/>
    <nd ref="13741260123"/>
    <nd ref="13741260122"/>
    <nd ref="13741260121"/>
    <nd ref="13741260120"/>
    <nd ref="13741260119"/>
    <nd ref="13741260118"/>
    <nd ref="13741260117"/>
    <nd ref="13741260116"/>
    <nd ref="13741260115"/>
    <nd ref="13741260114"/>
    <nd ref="13741260113"/>
    <nd ref="13741260112"/>
    <nd ref="13741260111"/>
    <nd ref="13741260110"/>
    <nd ref="13741260109"/>
    <nd ref="13741260108"/>
    <nd ref="13741260107"/>
    <nd ref="13741260106"/>
    <nd ref="13741260105"/>
    <nd ref="13741260104"/>
    <nd ref="13741260103"/>
    <nd ref="13741260102"/>
    <nd ref="13741260101"/>
    <nd ref="13741260100"/>
    <nd ref="13741260099"/>
    <nd ref="13741260098"/>
    <nd ref="13741260097"/>
    <nd ref="13741260096"/>
    <nd ref="13741260095"/>
    <nd ref="13741260094"/>
    <nd ref="13741260093"/>
    <nd ref="13741260092"/>
    <nd ref="13741260091"/>
    <nd ref="13741260090"/>
    <nd ref="13741260089"/>
    <nd ref="13741260088"/>
    <nd ref="13741260087"/>
    <nd ref="13741260086"/>
    <nd ref="13741260085"/>
    <nd ref="13741260084"/>
    <nd ref="13741260083"/>
    <nd ref="13741260082"/>
    <nd ref="13741260081"/>
    <nd ref="13741260080"/>
    <nd ref="13741260079"/>
    <nd ref="13741260078"/>
    <nd ref="13741260077"/>
    <nd ref="13741260076"/>
    <nd ref="13741260075"/>
    <nd ref="13741260074"/>
    <nd ref="13741260073"/>
    <nd ref="13741260072"/>
    <nd ref="13741260071"/>
    <nd ref="13741260070"/>
    <nd ref="13741260069"/>
    <nd ref="13741260068"/>
    <nd ref="13741260067"/>
    <nd ref="13741260066"/>
    <nd ref="13741260065"/>
    <nd ref="13741260064"/>
    <nd ref="13741260063"/>
    <nd ref="13741260062"/>
    <nd ref="13741260061"/>
    <nd ref="13741260060"/>
    <nd ref="13741260059"/>
    <nd ref="13741260058"/>
    <nd ref="13741260057"/>
    <nd ref="13741260056"/>
    <nd ref="13741260055"/>
    <nd ref="13741260054"/>
    <nd ref="13741260053"/>
    <nd ref="13741260052"/>
    <nd ref="13741260051"/>
    <nd ref="13741260050"/>
    <nd ref="13741260049"/>
    <nd ref="13741260048"/>
    <nd ref="13741260047"/>
    <nd ref="13741260046"/>
    <nd ref="13741260045"/>
    <nd ref="13741260044"/>
    <nd ref="13741260043"/>
    <nd ref="13741260042"/>
    <nd ref="13741260041"/>
    <nd ref="13741260040"/>
    <nd ref="13741260039"/>
    <nd ref="13741260038"/>
    <nd ref="13741260037"/>
    <nd ref="13741260036"/>
    <nd ref="13741260035"/>
    <nd ref="13741260034"/>
    <nd ref="13741260033"/>
    <nd ref="13741260032"/>
    <nd ref="13741260031"/>
    <nd ref="13741260030"/>
    <nd ref="13741260029"/>
    <nd ref="13741260028"/>
    <nd ref="13741260027"/>
    <nd ref="13741260026"/>
    <nd ref="13741260025"/>
    <nd ref="13741260024"/>
    <nd ref="13741260023"/>
    <nd ref="13741260022"/>
    <nd ref="13741260021"/>
    <nd ref="13741260020"/>
    <nd ref="13741260019"/>
    <nd ref="13741260018"/>
    <nd ref="13741260017"/>
    <nd ref="13741260016"/>
    <nd ref="13741260015"/>
    <nd ref="13741260014"/>
    <nd ref="13741260013"/>
    <nd ref="13741260012"/>
    <nd ref="13741260011"/>
    <nd ref="13741260010"/>
    <nd ref="13741260009"/>
    <nd ref="13741260008"/>
    <nd ref="13741260007"/>
    <nd ref="13741260006"/>
    <nd ref="13741260005"/>
    <nd ref="13741260004"/>
    <nd ref="13741260003"/>
    <nd ref="13741260002"/>
    <nd ref="13741260001"/>
    <nd ref="13741260000"/>
    <nd ref="13741259999"/>
    <nd ref="13741259998"/>
    <nd ref="13741259997"/>
    <nd ref="13741259996"/>
    <nd ref="13741259995"/>
    <nd ref="13741259994"/>
    <nd ref="13741259993"/>
    <nd ref="13741259992"/>
    <nd ref="13741259991"/>
    <nd ref="13741259990"/>
    <nd ref="13741259989"/>
    <nd ref="13741259988"/>
    <nd ref="13741259987"/>
    <nd ref="13741259986"/>
    <nd ref="13741259985"/>
    <nd ref="13741259984"/>
    <nd ref="13741259983"/>
    <nd ref="13741259982"/>
    <nd ref="13741259981"/>
    <nd ref="13741259980"/>
    <nd ref="13741259979"/>
    <nd ref="13741259978"/>
    <nd ref="13741259977"/>
    <nd ref="13741259976"/>
    <nd ref="13741259975"/>
    <nd ref="13741259974"/>
    <nd ref="13741259973"/>
    <nd ref="13741259972"/>
    <nd ref="13741259971"/>
    <nd ref="13741259970"/>
    <nd ref="13741259969"/>
    <nd ref="13741259968"/>
    <nd ref="13741259967"/>
    <nd ref="13741259966"/>
    <nd ref="13741259965"/>
    <nd ref="13741259964"/>
    <nd ref="13741259963"/>
    <nd ref="13741259962"/>
    <nd ref="13741259961"/>
    <nd ref="13741259960"/>
    <nd ref="13741259959"/>
    <nd ref="13741259958"/>
    <nd ref="13741259957"/>
    <nd ref="13741259956"/>
    <nd ref="13741259955"/>
    <nd ref="13741259954"/>
    <nd ref="13741259953"/>
    <nd ref="13741259952"/>
    <nd ref="13741259951"/>
    <nd ref="13741259950"/>
    <nd ref="13741259949"/>
    <nd ref="13741259948"/>
    <nd ref="13741259947"/>
    <nd ref="13741259946"/>
    <nd ref="13741259945"/>
    <nd ref="13741259944"/>
    <nd ref="13741259943"/>
    <nd ref="13741259942"/>
    <nd ref="13741259941"/>
    <nd ref="13741259940"/>
    <nd ref="13741259939"/>
    <nd ref="13741259938"/>
    <nd ref="13741259937"/>
    <nd ref="13741259936"/>
    <nd ref="13741259935"/>
    <nd ref="13741259934"/>
    <nd ref="13741259933"/>
    <nd ref="13741259932"/>
    <nd ref="13741259931"/>
    <nd ref="13741259930"/>
    <nd ref="13741259929"/>
    <nd ref="13741259928"/>
    <nd ref="13741259927"/>
    <nd ref="13741259926"/>
    <nd ref="13741259925"/>
    <nd ref="13741259924"/>
    <nd ref="13741259923"/>
    <nd ref="13741259922"/>
    <nd ref="13741259921"/>
    <nd ref="13741259920"/>
    <nd ref="13741259919"/>
    <nd ref="13741259918"/>
    <nd ref="13741259917"/>
    <nd ref="13741259916"/>
    <nd ref="13741259915"/>
    <nd ref="13741259914"/>
    <nd ref="13741259913"/>
    <nd ref="13741259912"/>
    <nd ref="13741259911"/>
    <nd ref="13741259910"/>
    <nd ref="13741259909"/>
    <nd ref="13741259908"/>
    <nd ref="13741259907"/>
    <nd ref="13741259906"/>
    <nd ref="13741259905"/>
    <nd ref="13741259904"/>
    <nd ref="13741259903"/>
    <nd ref="13741259902"/>
    <nd ref="13741259901"/>
    <nd ref="13741259900"/>
    <nd ref="13741259899"/>
    <nd ref="13741259898"/>
    <nd ref="13741259897"/>
    <nd ref="13741259896"/>
    <nd ref="13741259895"/>
    <nd ref="13741259894"/>
    <nd ref="13741259893"/>
    <nd ref="13741259892"/>
    <nd ref="13741259891"/>
    <nd ref="13741259890"/>
    <nd ref="13741259889"/>
    <nd ref="13741259888"/>
    <nd ref="13741259887"/>
    <nd ref="13741259886"/>
    <nd ref="13741259885"/>
    <nd ref="13741259884"/>
    <nd ref="13741259883"/>
    <nd ref="13741259882"/>
    <nd ref="13741259881"/>
    <nd ref="13741259880"/>
    <nd ref="13741259879"/>
    <nd ref="13741259878"/>
    <nd ref="13741259877"/>
    <nd ref="13741259876"/>
    <nd ref="13741259875"/>
    <nd ref="13741259874"/>
    <nd ref="13741259873"/>
    <nd ref="13741259872"/>
    <nd ref="13741259871"/>
    <nd ref="13741259870"/>
    <nd ref="13741259869"/>
    <nd ref="13741259868"/>
    <nd ref="13741259867"/>
    <nd ref="13741259866"/>
    <nd ref="13741259865"/>
    <nd ref="13741259864"/>
    <nd ref="13741259863"/>
    <nd ref="13741259862"/>
    <nd ref="13741259861"/>
    <nd ref="13741259860"/>
    <nd ref="13741259859"/>
    <nd ref="13741259858"/>
    <nd ref="13741259857"/>
    <nd ref="13741259856"/>
    <nd ref="13741259855"/>
    <nd ref="13741259854"/>
    <nd ref="13741259853"/>
    <nd ref="13741259852"/>
    <nd ref="13741259851"/>
    <nd ref="13741259850"/>
    <nd ref="13741259849"/>
    <nd ref="13741259848"/>
    <nd ref="13741259847"/>
    <nd ref="13741259846"/>
    <nd ref="13741259845"/>
    <nd ref="13741259844"/>
    <nd ref="13741259843"/>
    <nd ref="13741259842"/>
    <nd ref="13741259841"/>
    <nd ref="13741259840"/>
    <nd ref="13741259839"/>
    <nd ref="13741259838"/>
    <nd ref="13741259837"/>
    <nd ref="13741259836"/>
    <nd ref="13741259835"/>
    <nd ref="13741259834"/>
    <nd ref="13741259833"/>
    <nd ref="13741259832"/>
    <nd ref="13741259831"/>
    <nd ref="13741259830"/>
    <nd ref="13741259829"/>
    <nd ref="13741259828"/>
    <nd ref="13741259827"/>
    <nd ref="13741259826"/>
    <nd ref="13741259825"/>
    <nd ref="13741259824"/>
    <nd ref="13741259823"/>
    <nd ref="13741259822"/>
    <nd ref="13741259821"/>
    <nd ref="13741259820"/>
    <nd ref="13741259819"/>
    <nd ref="13741259818"/>
    <nd ref="13741259817"/>
    <nd ref="13741259816"/>
    <nd ref="13741259815"/>
    <nd ref="13741259814"/>
    <nd ref="13741259813"/>
    <nd ref="13741259812"/>
    <nd ref="13741259811"/>
    <nd ref="13741259810"/>
    <nd ref="13741259809"/>
    <nd ref="13741259808"/>
    <nd ref="13741259807"/>
    <nd ref="13741259806"/>
    <nd ref="13741259805"/>
    <nd ref="13741259804"/>
    <nd ref="13741259803"/>
    <nd ref="13741259802"/>
    <nd ref="13741259801"/>
    <nd ref="13741259800"/>
    <nd ref="13741259799"/>
    <nd ref="13741259798"/>
    <nd ref="13741259797"/>
    <nd ref="13741259796"/>
    <nd ref="13741259795"/>
    <nd ref="13741259794"/>
    <nd ref="13741259793"/>
    <nd ref="13741259792"/>
    <nd ref="13741259791"/>
    <nd ref="13741259790"/>
    <nd ref="13741259789"/>
    <nd ref="13741259788"/>
    <nd ref="13741259787"/>
    <nd ref="13741259786"/>
    <nd ref="13741259785"/>
    <nd ref="13741259784"/>
    <nd ref="13741259783"/>
    <nd ref="13741259782"/>
    <nd ref="13741259781"/>
    <nd ref="13741259780"/>
    <nd ref="13741259779"/>
    <nd ref="13741259778"/>
    <nd ref="13741259777"/>
    <nd ref="13741259776"/>
    <nd ref="13741259775"/>
    <nd ref="13741259774"/>
    <nd ref="13741259773"/>
    <nd ref="13741259772"/>
    <nd ref="13741259771"/>
    <nd ref="13741259770"/>
    <nd ref="13741259769"/>
    <nd ref="13741259768"/>
    <nd ref="13741259767"/>
    <nd ref="13741259766"/>
    <nd ref="13741259765"/>
    <nd ref="13741259764"/>
    <nd ref="13741259763"/>
    <nd ref="13741259762"/>
    <nd ref="13741259761"/>
    <nd ref="13741259760"/>
    <nd ref="13741259759"/>
    <nd ref="13741259758"/>
    <nd ref="13741259757"/>
    <nd ref="13741259756"/>
    <nd ref="13741259755"/>
    <nd ref="13741259754"/>
    <nd ref="13741259753"/>
    <nd ref="13741259752"/>
    <nd ref="13741259751"/>
    <nd ref="13741259750"/>
    <nd ref="13741259749"/>
    <nd ref="13741259748"/>
    <nd ref="13741259747"/>
    <nd ref="13741259746"/>
    <nd ref="13741259745"/>
    <nd ref="13741259744"/>
    <nd ref="13741259743"/>
    <nd ref="13741259742"/>
    <nd ref="13741259741"/>
    <nd ref="13741259740"/>
    <nd ref="13741259739"/>
    <nd ref="13741259738"/>
    <nd ref="13741259737"/>
    <nd ref="13741259736"/>
    <nd ref="13741259735"/>
    <nd ref="13741259734"/>
    <nd ref="13741259733"/>
    <nd ref="13741259732"/>
    <nd ref="13741259731"/>
    <nd ref="13741259730"/>
    <nd ref="13741259729"/>
    <nd ref="13741259728"/>
    <nd ref="13741259727"/>
    <nd ref="13741259726"/>
    <nd ref="13741259725"/>
    <nd ref="13741259724"/>
    <nd ref="13741259723"/>
    <nd ref="13741259722"/>
    <nd ref="13741259721"/>
    <nd ref="13741259720"/>
    <nd ref="13741259719"/>
    <nd ref="13741259718"/>
    <nd ref="13741259717"/>
    <nd ref="13741259716"/>
    <nd ref="13741259715"/>
    <nd ref="13741259714"/>
    <nd ref="13741259713"/>
    <nd ref="13741259712"/>
    <nd ref="13741259711"/>
    <nd ref="13741259710"/>
    <nd ref="13741259709"/>
    <nd ref="13741259708"/>
    <nd ref="13741259707"/>
    <nd ref="13741259706"/>
    <nd ref="13741259705"/>
    <nd ref="13741259704"/>
    <nd ref="13741259703"/>
    <nd ref="13741259702"/>
    <nd ref="13741259701"/>
    <nd ref="13741250000"/>
    <nd ref="13741249999"/>
    <nd ref="13741249998"/>
    <nd ref="13741249997"/>
    <nd ref="13741249996"/>
    <nd ref="13741249995"/>
    <nd ref="13741249994"/>
    <nd ref="13741249993"/>
    <nd ref="13741249992"/>
    <nd ref="13741249991"/>
    <nd ref="13741249990"/>
    <nd ref="13741249989"/>
    <nd ref="13741249988"/>
    <nd ref="13741249987"/>
    <nd ref="13741249986"/>
    <nd ref="13741249985"/>
    <nd ref="13741249984"/>
    <nd ref="13741249983"/>
    <nd ref="13741249982"/>
    <nd ref="13741249981"/>
    <nd ref="13741249980"/>
    <nd ref="13741249979"/>
    <nd ref="13741249978"/>
    <nd ref="13741249977"/>
    <nd ref="13741249976"/>
    <nd ref="13741249975"/>
    <nd ref="13741249974"/>
    <nd ref="13741249973"/>
    <nd ref="13741249972"/>
    <nd ref="13741249971"/>
    <nd ref="13741249970"/>
    <nd ref="13741249969"/>
    <nd ref="13741249968"/>
    <nd ref="13741249967"/>
    <nd ref="13741249966"/>
    <nd ref="13741249965"/>
    <nd ref="13741249964"/>
    <nd ref="13741249963"/>
    <nd ref="13741249962"/>
    <nd ref="13741249961"/>
    <nd ref="13741249960"/>
    <nd ref="13741249959"/>
    <nd ref="13741249958"/>
    <nd ref="13741249957"/>
    <nd ref="13741249956"/>
    <nd ref="13741249955"/>
    <nd ref="13741249954"/>
    <nd ref="13741249953"/>
    <nd ref="13741249952"/>
    <nd ref="13741249951"/>
    <nd ref="13741249950"/>
    <nd ref="13741249949"/>
    <nd ref="13741249948"/>
    <nd ref="13741249947"/>
    <nd ref="13741249946"/>
    <nd ref="13741249945"/>
    <nd ref="13741249944"/>
    <nd ref="13741249943"/>
    <nd ref="13741249942"/>
    <nd ref="13741249941"/>
    <nd ref="13741249940"/>
    <nd ref="13741249939"/>
    <nd ref="13741249938"/>
    <nd ref="13741249937"/>
    <nd ref="13741249936"/>
    <nd ref="13741249935"/>
    <nd ref="13741249934"/>
    <nd ref="13741249933"/>
    <nd ref="13741249932"/>
    <nd ref="13741249931"/>
    <nd ref="13741249930"/>
    <nd ref="13741249929"/>
    <nd ref="13741249928"/>
    <nd ref="13741249927"/>
    <nd ref="13741249926"/>
    <nd ref="13741249925"/>
    <nd ref="13741249924"/>
    <nd ref="13741249923"/>
    <nd ref="13741249922"/>
    <nd ref="13741249921"/>
    <nd ref="13741249920"/>
    <nd ref="13741249919"/>
    <nd ref="13741249918"/>
    <nd ref="13741249917"/>
    <nd ref="13741249916"/>
    <nd ref="13741249915"/>
    <nd ref="13741249914"/>
    <nd ref="13741249913"/>
    <nd ref="13741249912"/>
    <nd ref="13741249911"/>
    <nd ref="13741249910"/>
    <nd ref="13741249909"/>
    <nd ref="13741249908"/>
    <nd ref="13741249907"/>
    <nd ref="151004633"/>
  </way>
  <way id="1500905296">
    <nd ref="151004633"/>
    <nd ref="7365571531"/>
    <nd ref="13741260317"/>
    <nd ref="13741260316"/>
    <nd ref="13741260315"/>
    <nd ref="13741260314"/>
    <nd ref="13741260313"/>
    <nd ref="13741260312"/>
    <nd ref="13741260311"/>
    <nd ref="13741260310"/>
    <nd ref="13741260309"/>
    <nd ref="13741260308"/>
    <nd ref="13741260307"/>
    <nd ref="13741260306"/>
    <nd ref="13741260305"/>
    <nd ref="13741260304"/>
    <nd ref="13741260303"/>
    <nd ref="13741260302"/>
    <nd ref="13741260301"/>
    <nd ref="13741260300"/>
    <nd ref="13741260299"/>
    <nd ref="13741260298"/>
    <nd ref="13741260297"/>
    <nd ref="13741260296"/>
    <nd ref="13741260295"/>
    <nd ref="13741260294"/>
    <nd ref="13741260293"/>
    <nd ref="13741260292"/>
    <nd ref="13741260291"/>
    <nd ref="13741260290"/>
    <nd ref="13741260289"/>
    <nd ref="13741260288"/>
    <nd ref="13741260287"/>
    <nd ref="13741260286"/>
    <nd ref="13741260285"/>
    <nd ref="13741260284"/>
    <nd ref="13741260283"/>
    <nd ref="13741260282"/>
    <nd ref="13741260281"/>
    <nd ref="13741260280"/>
    <nd ref="13741260279"/>
    <nd ref="13741260278"/>
    <nd ref="13741260277"/>
    <nd ref="13741260276"/>
    <nd ref="13741260275"/>
    <nd ref="13741260274"/>
    <nd ref="13741260273"/>
    <nd ref="13741260272"/>
    <nd ref="13741260271"/>
    <nd ref="13741260270"/>
    <nd ref="13741260269"/>
    <nd ref="13741260268"/>
    <nd ref="13741260267"/>
    <nd ref="13741260266"/>
    <nd ref="13741260265"/>
    <nd ref="13741260264"/>
    <nd ref="13741260263"/>
    <nd ref="13741260262"/>
    <nd ref="13741260261"/>
    <nd ref="13741260260"/>
    <nd ref="13741260259"/>
    <nd ref="13741260258"/>
    <nd ref="13741260257"/>
    <nd ref="13741260256"/>
    <nd ref="13741260255"/>
    <nd ref="13741260254"/>
    <nd ref="13741260253"/>
    <nd ref="13741260252"/>
    <nd ref="13741260251"/>
    <nd ref="13741260250"/>
    <nd ref="13741260249"/>
    <nd ref="13741260248"/>
    <nd ref="13741260247"/>
    <nd ref="13741260246"/>
    <nd ref="13741260245"/>
    <nd ref="13741260244"/>
    <nd ref="13741260243"/>
    <nd ref="13741260242"/>
    <nd ref="13741260241"/>
    <nd ref="13741260240"/>
    <nd ref="13741260239"/>
    <nd ref="13741260238"/>
    <nd ref="13741260237"/>
    <nd ref="13741260236"/>
    <nd ref="13741260235"/>
    <nd ref="13741260234"/>
    <nd ref="13741260233"/>
    <nd ref="13741260232"/>
    <nd ref="13741260231"/>
    <nd ref="13741260230"/>
    <nd ref="13741260229"/>
    <nd ref="13741260228"/>
    <nd ref="13741260227"/>
    <nd ref="13741260226"/>
    <nd ref="13741260225"/>
    <nd ref="13741260224"/>
    <nd ref="13741260223"/>
    <nd ref="13741260222"/>
    <nd ref="13741260221"/>
    <nd ref="13741260220"/>
    <nd ref="13741260219"/>
    <nd ref="13741260218"/>
    <nd ref="13741260217"/>
    <nd ref="13741260216"/>
    <nd ref="13741260215"/>
    <nd ref="13741260214"/>
    <nd ref="13741260213"/>
    <nd ref="13741260212"/>
    <nd ref="13741260211"/>
    <nd ref="13741260210"/>
    <nd ref="13741260209"/>
    <nd ref="13741260208"/>
    <nd ref="13741260207"/>
    <nd ref="13741260206"/>
    <nd ref="13741260205"/>
    <nd ref="13741260204"/>
    <nd ref="13741260203"/>
    <nd ref="13741260202"/>
    <nd ref="13741260201"/>
    <nd ref="13741260200"/>
    <nd ref="13741260199"/>
    <nd ref="13741260198"/>
    <nd ref="13741260197"/>
    <nd ref="13741260196"/>
    <nd ref="13741260195"/>
    <nd ref="13741260194"/>
    <nd ref="13741260193"/>
    <nd ref="13741260192"/>
    <nd ref="13741260191"/>
    <nd ref="13741260190"/>
    <nd ref="13741260189"/>
    <nd ref="13741260188"/>
    <nd ref="13741260187"/>
    <nd ref="13741260186"/>
    <nd ref="13741260185"/>
    <nd ref="13741260184"/>
    <nd ref="13741260183"/>
    <nd ref="13741260182"/>
    <nd ref="13741260181"/>
    <nd ref="13741260180"/>
    <nd ref="13741260179"/>
    <nd ref="13741260178"/>
    <nd ref="13741260177"/>
    <nd ref="13741260176"/>
    <nd ref="13741260175"/>
    <nd ref="13741260174"/>
    <nd ref="13741260173"/>
    <nd ref="13741260172"/>
    <nd ref="13741260171"/>
    <nd ref="13741260170"/>
    <nd ref="13741260169"/>
    <nd ref="13741260168"/>
    <nd ref="13741260167"/>
    <nd ref="13741260166"/>
    <nd ref="13741260165"/>
    <nd ref="13741260164"/>
    <nd ref="13741260163"/>
    <nd ref="13741260162"/>
    <nd ref="13741260161"/>
    <nd ref="13741260160"/>
    <nd ref="13741260159"/>
    <nd ref="13741260158"/>
    <nd ref="13741260157"/>
    <nd ref="13741260156"/>
    <nd ref="13741260155"/>
    <nd ref="13741260154"/>
    <nd ref="13741260153"/>
    <nd ref="13741260152"/>
    <nd ref="13741260151"/>
    <nd ref="13741260150"/>
    <nd ref="13741260149"/>
    <nd ref="13741260148"/>
    <nd ref="13741260147"/>
    <nd ref="13741260146"/>
    <nd ref="13741260145"/>
    <nd ref="13741260144"/>
    <nd ref="13741260143"/>
    <nd ref="13741260142"/>
    <nd ref="13741260141"/>
    <nd ref="13741260140"/>
    <nd ref="13741260139"/>
    <nd ref="13741260138"/>
    <nd ref="13741260137"/>
    <nd ref="13741260136"/>
    <nd ref="13741260135"/>
    <nd ref="13741260134"/>
    <nd ref="13741260133"/>
    <nd ref="13741260132"/>
    <nd ref="151004859"/>
  </way>
  <way id="1466317368">
    <nd ref="151004859"/>
    <nd ref="13448966002"/>
    <nd ref="13448966001"/>
    <nd ref="13448966000"/>
    <nd ref="13448965999"/>
    <nd ref="13448965998"/>
    <nd ref="13448965997"/>
    <nd ref="13448965996"/>
    <nd ref="13448965995"/>
    <nd ref="13448965994"/>
    <nd ref="13448965993"/>
    <nd ref="13448965992"/>
    <nd ref="13448965991"/>
    <nd ref="13448965990"/>
    <nd ref="13448965989"/>
    <nd ref="13448965988"/>
    <nd ref="13448965987"/>
    <nd ref="13448965986"/>
    <nd ref="13448965985"/>
    <nd ref="13448965984"/>
    <nd ref="13448965983"/>
    <nd ref="13448965982"/>
    <nd ref="13448965981"/>
    <nd ref="13448965980"/>
    <nd ref="13448965979"/>
    <nd ref="13448965978"/>
    <nd ref="13448965977"/>
    <nd ref="13448965976"/>
    <nd ref="13448965975"/>
    <nd ref="13448965974"/>
    <nd ref="13448965973"/>
    <nd ref="13448965972"/>
    <nd ref="13448965971"/>
    <nd ref="13448965970"/>
    <nd ref="13448965969"/>
    <nd ref="13448965968"/>
    <nd ref="13448965967"/>
    <nd ref="13448965966"/>
    <nd ref="13448965965"/>
    <nd ref="13448965964"/>
    <nd ref="13448965963"/>
    <nd ref="13448965962"/>
    <nd ref="13448965961"/>
    <nd ref="13448965960"/>
    <nd ref="13448965959"/>
    <nd ref="13448965958"/>
    <nd ref="13448965957"/>
    <nd ref="13448965956"/>
    <nd ref="13448965955"/>
    <nd ref="13448965954"/>
    <nd ref="13448965953"/>
    <nd ref="13448965952"/>
    <nd ref="13448965951"/>
    <nd ref="13448965950"/>
    <nd ref="13448965949"/>
    <nd ref="13448965948"/>
    <nd ref="13448965947"/>
    <nd ref="13448965946"/>
    <nd ref="13448965945"/>
    <nd ref="13448965944"/>
    <nd ref="13448965943"/>
    <nd ref="13448965942"/>
    <nd ref="13448965941"/>
    <nd ref="13448965940"/>
    <nd ref="13448965939"/>
    <nd ref="13448965938"/>
    <nd ref="13448965937"/>
    <nd ref="13448965936"/>
    <nd ref="13448965935"/>
    <nd ref="13448965934"/>
    <nd ref="13448965933"/>
    <nd ref="13448965932"/>
    <nd ref="13448965931"/>
    <nd ref="13448965930"/>
    <nd ref="13448965929"/>
    <nd ref="13448965928"/>
    <nd ref="13448965927"/>
    <nd ref="13448965926"/>
    <nd ref="13448965925"/>
    <nd ref="13448965924"/>
    <nd ref="13448965923"/>
    <nd ref="13448965922"/>
    <nd ref="13448965921"/>
    <nd ref="13448965920"/>
    <nd ref="13448965919"/>
    <nd ref="13448965918"/>
    <nd ref="13448965917"/>
    <nd ref="13448965916"/>
    <nd ref="13448965915"/>
    <nd ref="13448965914"/>
    <nd ref="13448965913"/>
    <nd ref="13448965912"/>
    <nd ref="13448965910"/>
    <nd ref="13448965911"/>
    <nd ref="13448965909"/>
    <nd ref="13448965908"/>
    <nd ref="13448965907"/>
    <nd ref="13448965906"/>
    <nd ref="13448965905"/>
    <nd ref="13448965904"/>
    <nd ref="13448965903"/>
    <nd ref="13448965902"/>
    <nd ref="13448965901"/>
    <nd ref="13448965900"/>
    <nd ref="13448965899"/>
    <nd ref="13448965898"/>
  </way>
  <way id="1466317369">
    <nd ref="13448965898"/>
    <nd ref="13448965897"/>
    <nd ref="13448965896"/>
    <nd ref="13448965895"/>
    <nd ref="13448965894"/>
    <nd ref="13448965893"/>
    <nd ref="13448965892"/>
    <nd ref="13448965891"/>
    <nd ref="13448965890"/>
    <nd ref="13448965889"/>
    <nd ref="13448965888"/>
    <nd ref="13448965887"/>
    <nd ref="13448965886"/>
    <nd ref="13448965885"/>
    <nd ref="13448965884"/>
    <nd ref="13448965883"/>
    <nd ref="13448965882"/>
    <nd ref="13448965881"/>
    <nd ref="13448965880"/>
    <nd ref="13448965879"/>
    <nd ref="13448965878"/>
    <nd ref="13448965877"/>
    <nd ref="13448965876"/>
    <nd ref="13448965875"/>
    <nd ref="13448965874"/>
    <nd ref="13448965873"/>
    <nd ref="13448965872"/>
    <nd ref="13448965871"/>
    <nd ref="13448965870"/>
    <nd ref="13448965869"/>
    <nd ref="13448965868"/>
    <nd ref="13448965867"/>
    <nd ref="13448965866"/>
    <nd ref="13448965865"/>
    <nd ref="13448965864"/>
    <nd ref="13448965863"/>
    <nd ref="13448965862"/>
    <nd ref="13448965861"/>
    <nd ref="13448965860"/>
    <nd ref="13448965859"/>
    <nd ref="13448965858"/>
    <nd ref="13448965857"/>
    <nd ref="13448965856"/>
    <nd ref="13448965855"/>
    <nd ref="13448965854"/>
    <nd ref="13448965853"/>
    <nd ref="13448965852"/>
    <nd ref="13448965851"/>
    <nd ref="13448965850"/>
    <nd ref="13448965849"/>
    <nd ref="13448965848"/>
    <nd ref="13448965847"/>
    <nd ref="13448965846"/>
    <nd ref="13448965845"/>
    <nd ref="13448965844"/>
    <nd ref="13448965843"/>
    <nd ref="13448965842"/>
    <nd ref="13448965841"/>
    <nd ref="13448965840"/>
    <nd ref="13448965839"/>
    <nd ref="13448965838"/>
    <nd ref="13448965837"/>
    <nd ref="13448965836"/>
    <nd ref="13448965835"/>
    <nd ref="13448965834"/>
    <nd ref="13448965833"/>
    <nd ref="13448965832"/>
    <nd ref="13448965831"/>
    <nd ref="13448965830"/>
    <nd ref="13448965829"/>
    <nd ref="13448965828"/>
    <nd ref="13448965827"/>
    <nd ref="13448965826"/>
    <nd ref="13448965825"/>
    <nd ref="13448965824"/>
    <nd ref="13448965823"/>
    <nd ref="13448965822"/>
    <nd ref="13448965821"/>
    <nd ref="13448965820"/>
    <nd ref="13448965819"/>
    <nd ref="13448965818"/>
    <nd ref="13448965817"/>
    <nd ref="13448965816"/>
    <nd ref="13448965815"/>
    <nd ref="13448965814"/>
    <nd ref="13448965813"/>
    <nd ref="13448965812"/>
    <nd ref="13448965811"/>
    <nd ref="13448965810"/>
    <nd ref="13448965809"/>
    <nd ref="13448965808"/>
    <nd ref="13448965807"/>
    <nd ref="13448965806"/>
    <nd ref="13448965805"/>
    <nd ref="13448965804"/>
    <nd ref="13448965803"/>
    <nd ref="13448965802"/>
    <nd ref="13448965801"/>
    <nd ref="13448924000"/>
    <nd ref="13448923999"/>
    <nd ref="13448923998"/>
    <nd ref="13448923997"/>
    <nd ref="13448923996"/>
    <nd ref="13448923995"/>
    <nd ref="13448923994"/>
    <nd ref="13448923993"/>
    <nd ref="13448923992"/>
    <nd ref="13448923991"/>
    <nd ref="13448923990"/>
    <nd ref="13448923989"/>
    <nd ref="13448923988"/>
    <nd ref="13448923987"/>
    <nd ref="13448923986"/>
    <nd ref="13448923985"/>
    <nd ref="13448923984"/>
    <nd ref="13448923983"/>
    <nd ref="13448923982"/>
    <nd ref="13448923981"/>
    <nd ref="13448923980"/>
    <nd ref="13448923979"/>
    <nd ref="13448923978"/>
    <nd ref="13448923977"/>
    <nd ref="13448923976"/>
    <nd ref="13448923975"/>
    <nd ref="13448923974"/>
    <nd ref="13448923973"/>
    <nd ref="13448923972"/>
    <nd ref="13384178244"/>
  </way>
  <way id="1459383857">
    <nd ref="13384178244"/>
    <nd ref="13384178243"/>
    <nd ref="13384178242"/>
    <nd ref="13384178241"/>
    <nd ref="13384178240"/>
    <nd ref="13384178239"/>
    <nd ref="13384178238"/>
    <nd ref="13384178237"/>
    <nd ref="13384178236"/>
    <nd ref="13384178235"/>
    <nd ref="13384178234"/>
    <nd ref="13384178233"/>
    <nd ref="13384178232"/>
    <nd ref="13384178231"/>
    <nd ref="13384178230"/>
    <nd ref="13384178229"/>
    <nd ref="13384178228"/>
    <nd ref="13384178227"/>
    <nd ref="13384178226"/>
    <nd ref="13384178225"/>
    <nd ref="13384178224"/>
    <nd ref="13384178223"/>
    <nd ref="13384178222"/>
    <nd ref="13384178221"/>
    <nd ref="13384178220"/>
    <nd ref="13384178219"/>
    <nd ref="13384178218"/>
    <nd ref="13384178217"/>
    <nd ref="13384178216"/>
    <nd ref="13384178215"/>
    <nd ref="13384178214"/>
    <nd ref="13384178213"/>
    <nd ref="13384178212"/>
    <nd ref="13384178211"/>
    <nd ref="13384178210"/>
    <nd ref="13384178209"/>
    <nd ref="13384178208"/>
    <nd ref="13384178207"/>
    <nd ref="13384178206"/>
    <nd ref="13384178205"/>
    <nd ref="13384178204"/>
    <nd ref="13384178203"/>
    <nd ref="13384178202"/>
    <nd ref="13384178201"/>
    <nd ref="13384178200"/>
    <nd ref="13384178199"/>
    <nd ref="13384178198"/>
    <nd ref="13384178197"/>
    <nd ref="13384178196"/>
    <nd ref="13384178195"/>
    <nd ref="13384178194"/>
    <nd ref="13384178193"/>
    <nd ref="13384178192"/>
    <nd ref="13384178191"/>
    <nd ref="13384178190"/>
    <nd ref="13384178189"/>
    <nd ref="13384178188"/>
    <nd ref="13384178187"/>
    <nd ref="13384178186"/>
    <nd ref="13384178185"/>
    <nd ref="13384178184"/>
    <nd ref="13384178183"/>
    <nd ref="13384178182"/>
    <nd ref="13384178181"/>
    <nd ref="13384178180"/>
    <nd ref="13384178179"/>
    <nd ref="13384178178"/>
    <nd ref="13384178177"/>
    <nd ref="13384178176"/>
    <nd ref="13384178175"/>
    <nd ref="13384178174"/>
    <nd ref="13384178173"/>
    <nd ref="13384178172"/>
    <nd ref="13384178171"/>
    <nd ref="13384178170"/>
    <nd ref="13384178169"/>
    <nd ref="13384178168"/>
    <nd ref="13384178167"/>
    <nd ref="13384178166"/>
    <nd ref="13384178165"/>
    <nd ref="13384178164"/>
    <nd ref="13384178163"/>
    <nd ref="13384178162"/>
    <nd ref="13384178161"/>
    <nd ref="13384178160"/>
    <nd ref="13384178159"/>
    <nd ref="13384178158"/>
    <nd ref="13384178157"/>
    <nd ref="13384178156"/>
    <nd ref="13384178155"/>
    <nd ref="13384178154"/>
    <nd ref="13384178153"/>
    <nd ref="13384178152"/>
    <nd ref="13384178151"/>
    <nd ref="13384178150"/>
    <nd ref="13384178149"/>
    <nd ref="13384178148"/>
    <nd ref="13384178147"/>
    <nd ref="13384178146"/>
    <nd ref="13384178145"/>
    <nd ref="13384178144"/>
    <nd ref="13384178143"/>
    <nd ref="13384178142"/>
    <nd ref="13384178141"/>
    <nd ref="13384178140"/>
    <nd ref="13384178139"/>
    <nd ref="13384178138"/>
    <nd ref="13384178137"/>
    <nd ref="13384178136"/>
    <nd ref="13384178135"/>
    <nd ref="13384178134"/>
    <nd ref="13384178133"/>
    <nd ref="13384178132"/>
    <nd ref="13384178131"/>
    <nd ref="13384178130"/>
    <nd ref="13384178129"/>
    <nd ref="13384178128"/>
    <nd ref="13384178127"/>
    <nd ref="13384178126"/>
    <nd ref="13384178125"/>
    <nd ref="13384178124"/>
    <nd ref="13384178123"/>
    <nd ref="13384178122"/>
    <nd ref="13384178121"/>
    <nd ref="13384178120"/>
    <nd ref="13384178119"/>
    <nd ref="13384178118"/>
    <nd ref="13384178117"/>
    <nd ref="13384178116"/>
    <nd ref="13384178115"/>
    <nd ref="13384178114"/>
    <nd ref="13384178113"/>
    <nd ref="13384178112"/>
    <nd ref="13384178111"/>
    <nd ref="13384178110"/>
    <nd ref="13384178109"/>
    <nd ref="13384178108"/>
    <nd ref="13384178107"/>
    <nd ref="13384178106"/>
    <nd ref="13384178105"/>
    <nd ref="13384178104"/>
    <nd ref="13384178103"/>
    <nd ref="13384178102"/>
    <nd ref="13384178101"/>
    <nd ref="13384178100"/>
    <nd ref="13384178099"/>
    <nd ref="13384178098"/>
    <nd ref="13384178097"/>
    <nd ref="13384178096"/>
    <nd ref="13384178095"/>
    <nd ref="13384178094"/>
    <nd ref="13384178093"/>
    <nd ref="13384178092"/>
    <nd ref="13384178091"/>
    <nd ref="13384178090"/>
    <nd ref="13384178089"/>
    <nd ref="13384178088"/>
    <nd ref="13384178087"/>
    <nd ref="13384178086"/>
    <nd ref="13384178085"/>
    <nd ref="13384178084"/>
    <nd ref="13384178083"/>
    <nd ref="13384178082"/>
    <nd ref="13384178081"/>
    <nd ref="13384178080"/>
    <nd ref="13384178079"/>
    <nd ref="13384178078"/>
    <nd ref="13384178077"/>
    <nd ref="13384178076"/>
    <nd ref="13384178075"/>
    <nd ref="13384178074"/>
    <nd ref="13384178073"/>
    <nd ref="13384178072"/>
    <nd ref="13384178071"/>
    <nd ref="13384178070"/>
    <nd ref="13384178069"/>
    <nd ref="13384178068"/>
    <nd ref="13384178067"/>
    <nd ref="13384178066"/>
    <nd ref="13384178065"/>
    <nd ref="13384178064"/>
    <nd ref="13384178063"/>
    <nd ref="13384178062"/>
    <nd ref="13384178061"/>
    <nd ref="13384178060"/>
    <nd ref="13384178059"/>
    <nd ref="13384178058"/>
    <nd ref="13384178057"/>
    <nd ref="13384178056"/>
    <nd ref="13384178055"/>
    <nd ref="13384178054"/>
    <nd ref="13384178053"/>
    <nd ref="13384178052"/>
    <nd ref="13384178051"/>
    <nd ref="13384178050"/>
    <nd ref="13384178049"/>
    <nd ref="13384178048"/>
    <nd ref="13384178047"/>
    <nd ref="13384178046"/>
    <nd ref="13384178045"/>
    <nd ref="13384178044"/>
    <nd ref="13384178043"/>
    <nd ref="13384178042"/>
    <nd ref="13384178041"/>
    <nd ref="13384178040"/>
    <nd ref="13384178039"/>
    <nd ref="13384178038"/>
    <nd ref="13384178037"/>
    <nd ref="13384178036"/>
    <nd ref="13384178035"/>
    <nd ref="13384178034"/>
    <nd ref="13384178033"/>
    <nd ref="13384178032"/>
    <nd ref="13384178031"/>
    <nd ref="13384178030"/>
    <nd ref="13384178029"/>
    <nd ref="13384178028"/>
    <nd ref="13384178027"/>
    <nd ref="13384178026"/>
    <nd ref="13384178025"/>
    <nd ref="13384178024"/>
    <nd ref="13384178023"/>
    <nd ref="13384178022"/>
    <nd ref="13384178021"/>
    <nd ref="13384178020"/>
    <nd ref="13384178019"/>
    <nd ref="13384178018"/>
    <nd ref="13384178017"/>
    <nd ref="13384178016"/>
    <nd ref="13384178015"/>
    <nd ref="13384178014"/>
    <nd ref="13384178013"/>
    <nd ref="13384178012"/>
    <nd ref="13384178011"/>
    <nd ref="13384178010"/>
    <nd ref="13384178009"/>
    <nd ref="13384178008"/>
    <nd ref="13384178007"/>
    <nd ref="13384178006"/>
    <nd ref="13384178005"/>
    <nd ref="13384178004"/>
    <nd ref="13384178003"/>
    <nd ref="13384178002"/>
    <nd ref="13384178001"/>
    <nd ref="13384178000"/>
    <nd ref="13384177999"/>
    <nd ref="13384177998"/>
    <nd ref="13384177997"/>
    <nd ref="13384177996"/>
    <nd ref="13384177993"/>
    <nd ref="13384177995"/>
    <nd ref="13384177994"/>
    <nd ref="13384177992"/>
    <nd ref="13384177991"/>
    <nd ref="13384177990"/>
    <nd ref="13384177989"/>
    <nd ref="13384177988"/>
    <nd ref="13384177987"/>
    <nd ref="13384177986"/>
    <nd ref="13384177985"/>
    <nd ref="13384177984"/>
    <nd ref="13384177983"/>
    <nd ref="13384177982"/>
    <nd ref="13384177981"/>
    <nd ref="13384177980"/>
    <nd ref="13384177979"/>
    <nd ref="13384177978"/>
    <nd ref="13384177977"/>
    <nd ref="13384177976"/>
    <nd ref="13384177975"/>
    <nd ref="13384177974"/>
    <nd ref="13384177973"/>
    <nd ref="13384177972"/>
    <nd ref="13384177971"/>
    <nd ref="13384177970"/>
    <nd ref="13384177969"/>
    <nd ref="13384177968"/>
    <nd ref="13384177967"/>
    <nd ref="13384177966"/>
    <nd ref="13384177965"/>
    <nd ref="13384177964"/>
    <nd ref="13384177963"/>
    <nd ref="13384177962"/>
    <nd ref="13384177961"/>
    <nd ref="13384177960"/>
    <nd ref="7365571379"/>
  </way>
  <way id="15243530">
    <nd ref="151004854"/>
    <nd ref="151008677"/>
    <nd ref="151008433"/>
    <nd ref="151008312"/>
    <nd ref="151008417"/>
  </way>
  <way id="1084941797">
    <nd ref="151004331"/>
    <nd ref="151004535"/>
  </way>
  <way id="83591344">
    <nd ref="151004535"/>
    <nd ref="12806862318"/>
    <nd ref="151004854"/>
  </way>
  <way id="1391408790">
    <nd ref="7361851627"/>
    <nd ref="12879410394"/>
    <nd ref="12879410395"/>
    <nd ref="12879410396"/>
    <nd ref="12879410397"/>
    <nd ref="12879410398"/>
    <nd ref="12879410399"/>
    <nd ref="11617226565"/>
    <nd ref="9941279346"/>
  </way>
  <way id="1383341537">
    <nd ref="9941269599"/>
    <nd ref="12806862316"/>
    <nd ref="151004331"/>
  </way>
  <way id="1084941801">
    <nd ref="151004377"/>
    <nd ref="9941269597"/>
    <nd ref="9941269598"/>
    <nd ref="12806862315"/>
    <nd ref="151004352"/>
    <nd ref="9941269599"/>
  </way>
  <way id="1391408791">
    <nd ref="9941279346"/>
    <nd ref="12879410400"/>
    <nd ref="12879410401"/>
    <nd ref="9941279345"/>
    <nd ref="151004377"/>
  </way>
  <way id="1391408778">
    <nd ref="973502277"/>
    <nd ref="12373421742"/>
    <nd ref="7365571366"/>
    <nd ref="12373421743"/>
    <nd ref="7365571365"/>
    <nd ref="7365571364"/>
    <nd ref="7365571363"/>
    <nd ref="12373421744"/>
    <nd ref="12879409795"/>
    <nd ref="12879409794"/>
    <nd ref="12879409793"/>
    <nd ref="12879409792"/>
    <nd ref="12879409791"/>
    <nd ref="12879409790"/>
    <nd ref="12879409789"/>
    <nd ref="12879409788"/>
    <nd ref="12879409787"/>
    <nd ref="12879409786"/>
    <nd ref="12879409785"/>
    <nd ref="12879409784"/>
    <nd ref="12879409783"/>
    <nd ref="12879409782"/>
    <nd ref="12879409781"/>
    <nd ref="12879409780"/>
    <nd ref="12879409779"/>
    <nd ref="12879409778"/>
    <nd ref="12879409777"/>
    <nd ref="12879409776"/>
    <nd ref="12879409775"/>
    <nd ref="12879409774"/>
    <nd ref="12879409773"/>
    <nd ref="12879409772"/>
    <nd ref="12879409771"/>
    <nd ref="12879409770"/>
    <nd ref="12879409769"/>
    <nd ref="12879409768"/>
    <nd ref="12879409767"/>
    <nd ref="12879409766"/>
    <nd ref="12879409765"/>
    <nd ref="12879409764"/>
    <nd ref="12879409763"/>
    <nd ref="12879409762"/>
    <nd ref="12879409761"/>
    <nd ref="12879409760"/>
    <nd ref="12879409759"/>
    <nd ref="12879409758"/>
    <nd ref="12879409757"/>
    <nd ref="12879409756"/>
    <nd ref="12879409755"/>
    <nd ref="12879409754"/>
    <nd ref="12879409753"/>
    <nd ref="12879409752"/>
    <nd ref="12879409751"/>
    <nd ref="12879409750"/>
    <nd ref="12879409749"/>
    <nd ref="12879409748"/>
    <nd ref="12879409747"/>
    <nd ref="12879409746"/>
    <nd ref="12879409745"/>
    <nd ref="12879409744"/>
    <nd ref="12879409743"/>
    <nd ref="12879409742"/>
    <nd ref="12879409741"/>
    <nd ref="12879409740"/>
    <nd ref="12879409739"/>
    <nd ref="12879409738"/>
    <nd ref="12879409737"/>
    <nd ref="12879409736"/>
    <nd ref="12879409735"/>
    <nd ref="12879409734"/>
    <nd ref="12879409733"/>
    <nd ref="12879409732"/>
    <nd ref="12879409731"/>
    <nd ref="12879409730"/>
    <nd ref="12879409729"/>
    <nd ref="12879409728"/>
    <nd ref="12879409727"/>
    <nd ref="12879409726"/>
    <nd ref="12879409725"/>
    <nd ref="12879409724"/>
    <nd ref="12879409723"/>
    <nd ref="12879409722"/>
    <nd ref="12879409721"/>
    <nd ref="12879409720"/>
    <nd ref="12879409719"/>
    <nd ref="12879409718"/>
    <nd ref="12879409717"/>
    <nd ref="12879409716"/>
    <nd ref="12879409715"/>
    <nd ref="12879409714"/>
    <nd ref="12879409713"/>
    <nd ref="12879409712"/>
    <nd ref="12879409711"/>
    <nd ref="12879409710"/>
    <nd ref="12879409709"/>
    <nd ref="12879409708"/>
    <nd ref="12879409707"/>
    <nd ref="12879409706"/>
    <nd ref="12879409705"/>
    <nd ref="12879409704"/>
    <nd ref="12879409703"/>
    <nd ref="12879409702"/>
    <nd ref="12879409701"/>
    <nd ref="12879409700"/>
    <nd ref="12879409699"/>
    <nd ref="12879409698"/>
    <nd ref="12879409697"/>
    <nd ref="12879409696"/>
    <nd ref="12879409695"/>
    <nd ref="12879409694"/>
    <nd ref="12879409693"/>
    <nd ref="12879409692"/>
    <nd ref="12879409691"/>
    <nd ref="12879409690"/>
    <nd ref="12879409689"/>
    <nd ref="12879409688"/>
    <nd ref="12879409687"/>
    <nd ref="12879409686"/>
    <nd ref="12879409685"/>
    <nd ref="12879409684"/>
    <nd ref="12879409683"/>
    <nd ref="12879409682"/>
    <nd ref="12879409681"/>
    <nd ref="12879409680"/>
    <nd ref="12879409679"/>
    <nd ref="12879409678"/>
    <nd ref="12879409677"/>
    <nd ref="12879409676"/>
    <nd ref="12879409675"/>
    <nd ref="12879409674"/>
    <nd ref="12879409673"/>
    <nd ref="12879409670"/>
    <nd ref="12879409672"/>
  </way>
  <way id="1337683335">
    <nd ref="7365571379"/>
    <nd ref="13384177959"/>
    <nd ref="13384177958"/>
    <nd ref="12373421813"/>
    <nd ref="12373421812"/>
    <nd ref="12373421811"/>
    <nd ref="12373421810"/>
    <nd ref="12373421809"/>
    <nd ref="7365571378"/>
    <nd ref="7365571377"/>
    <nd ref="7365571376"/>
    <nd ref="7365571373"/>
    <nd ref="7365571372"/>
    <nd ref="12373421808"/>
    <nd ref="12373421807"/>
    <nd ref="7365571371"/>
    <nd ref="12373421806"/>
    <nd ref="7365571370"/>
    <nd ref="12373421805"/>
    <nd ref="7365571368"/>
  </way>
  <way id="1337683334">
    <nd ref="7365571368"/>
    <nd ref="12373421770"/>
    <nd ref="12373421769"/>
    <nd ref="12373421768"/>
    <nd ref="12373421767"/>
    <nd ref="12373421766"/>
    <nd ref="973502277"/>
  </way>
  <way id="1391408777">
    <nd ref="12879409672"/>
    <nd ref="12879409671"/>
    <nd ref="12879409669"/>
    <nd ref="12879409668"/>
    <nd ref="12879409667"/>
    <nd ref="12879409666"/>
    <nd ref="12879409665"/>
    <nd ref="12879409664"/>
    <nd ref="12879409663"/>
    <nd ref="12879409662"/>
    <nd ref="12879409661"/>
    <nd ref="12879409660"/>
    <nd ref="12879409659"/>
    <nd ref="12879409658"/>
    <nd ref="12879409657"/>
    <nd ref="12879409656"/>
    <nd ref="12879409655"/>
    <nd ref="12879409654"/>
    <nd ref="12879409653"/>
    <nd ref="12879409652"/>
    <nd ref="12879409651"/>
    <nd ref="12879409650"/>
    <nd ref="12879409649"/>
    <nd ref="12879409648"/>
    <nd ref="12879409647"/>
    <nd ref="12879409646"/>
    <nd ref="12879409645"/>
    <nd ref="12879409644"/>
    <nd ref="12879409643"/>
    <nd ref="12879409642"/>
    <nd ref="12879409641"/>
    <nd ref="12879409640"/>
    <nd ref="12879409639"/>
    <nd ref="12879409638"/>
    <nd ref="12879409637"/>
    <nd ref="12879409636"/>
    <nd ref="12879409635"/>
    <nd ref="12879409634"/>
    <nd ref="12879409633"/>
    <nd ref="12879409632"/>
    <nd ref="12879409631"/>
    <nd ref="12879409630"/>
    <nd ref="12879409629"/>
    <nd ref="12879409628"/>
    <nd ref="12879409627"/>
    <nd ref="12879409626"/>
    <nd ref="12879409625"/>
    <nd ref="12879409624"/>
    <nd ref="12879409623"/>
    <nd ref="12879409622"/>
    <nd ref="12879409621"/>
    <nd ref="12879409620"/>
    <nd ref="12879409619"/>
    <nd ref="12879409618"/>
    <nd ref="12879409617"/>
    <nd ref="12879409616"/>
    <nd ref="12879409615"/>
    <nd ref="12879409614"/>
    <nd ref="12879409613"/>
    <nd ref="12879409612"/>
    <nd ref="12879409611"/>
    <nd ref="12879409610"/>
    <nd ref="12879409609"/>
    <nd ref="12879409608"/>
    <nd ref="12879409607"/>
    <nd ref="12879409606"/>
    <nd ref="12879409605"/>
    <nd ref="12879409604"/>
    <nd ref="12879409603"/>
    <nd ref="12879409602"/>
    <nd ref="12879409601"/>
    <nd ref="12879409600"/>
    <nd ref="12879409599"/>
    <nd ref="12879409598"/>
    <nd ref="12879409597"/>
    <nd ref="12879409596"/>
    <nd ref="12879409595"/>
    <nd ref="12879409594"/>
    <nd ref="12879409593"/>
    <nd ref="12879409592"/>
    <nd ref="12879409591"/>
    <nd ref="12879409590"/>
    <nd ref="12879409589"/>
    <nd ref="12879409588"/>
    <nd ref="12879409587"/>
    <nd ref="12879409586"/>
    <nd ref="12879409585"/>
    <nd ref="12879409584"/>
    <nd ref="12879409583"/>
    <nd ref="12879409582"/>
    <nd ref="12879409581"/>
    <nd ref="12879409580"/>
    <nd ref="12879409579"/>
    <nd ref="12879409578"/>
    <nd ref="12879409577"/>
    <nd ref="12879409576"/>
    <nd ref="12879409575"/>
    <nd ref="12879409574"/>
    <nd ref="12879409573"/>
    <nd ref="12879409572"/>
    <nd ref="12879409571"/>
    <nd ref="12879409570"/>
    <nd ref="12879409569"/>
    <nd ref="12879409568"/>
    <nd ref="12879409567"/>
    <nd ref="12879409566"/>
    <nd ref="12879409565"/>
    <nd ref="12879409564"/>
    <nd ref="12879409563"/>
    <nd ref="12879409562"/>
    <nd ref="12879409561"/>
    <nd ref="12879409560"/>
    <nd ref="12879409559"/>
    <nd ref="12879409558"/>
    <nd ref="12879409557"/>
    <nd ref="12879409556"/>
    <nd ref="12879409555"/>
    <nd ref="12879409554"/>
    <nd ref="12879409553"/>
    <nd ref="12879409552"/>
    <nd ref="12879409551"/>
    <nd ref="12879409550"/>
    <nd ref="12879409549"/>
    <nd ref="12879409542"/>
    <nd ref="12879409541"/>
    <nd ref="12879409548"/>
    <nd ref="12879409547"/>
    <nd ref="12879409546"/>
    <nd ref="12879409545"/>
    <nd ref="12879409544"/>
    <nd ref="12879409543"/>
  </way>
  <way id="1391408776">
    <nd ref="12879409543"/>
    <nd ref="12879409540"/>
    <nd ref="12879409539"/>
    <nd ref="12879409538"/>
    <nd ref="12879409537"/>
    <nd ref="12879409536"/>
    <nd ref="12879409535"/>
    <nd ref="12879409534"/>
    <nd ref="12879409533"/>
    <nd ref="12879409532"/>
    <nd ref="12879409531"/>
    <nd ref="12879409530"/>
    <nd ref="12879409529"/>
    <nd ref="12879409528"/>
    <nd ref="12879409527"/>
    <nd ref="12879409526"/>
    <nd ref="12879409525"/>
    <nd ref="12879409524"/>
    <nd ref="12879409523"/>
    <nd ref="12879409522"/>
    <nd ref="12879409521"/>
    <nd ref="12879409520"/>
    <nd ref="12879409519"/>
    <nd ref="12879409518"/>
    <nd ref="12879409517"/>
    <nd ref="12879409516"/>
    <nd ref="12879409515"/>
    <nd ref="12879409514"/>
    <nd ref="12879409513"/>
    <nd ref="12879409512"/>
    <nd ref="12879409511"/>
    <nd ref="12879409510"/>
    <nd ref="12879409509"/>
    <nd ref="12879409508"/>
    <nd ref="12879409507"/>
    <nd ref="12879409506"/>
    <nd ref="12879409505"/>
    <nd ref="12879409504"/>
    <nd ref="12879409503"/>
    <nd ref="12879409502"/>
    <nd ref="12879409501"/>
    <nd ref="12879409500"/>
    <nd ref="12879409499"/>
    <nd ref="12879409498"/>
    <nd ref="12879409497"/>
    <nd ref="12879409496"/>
    <nd ref="12879409495"/>
  </way>
  <way id="1183396160">
    <nd ref="7721524378"/>
    <nd ref="7721524379"/>
    <nd ref="7365572494"/>
    <nd ref="7365572493"/>
    <nd ref="7365572492"/>
    <nd ref="7365572491"/>
    <nd ref="7721524380"/>
    <nd ref="7721524381"/>
    <nd ref="7365572490"/>
    <nd ref="7365572489"/>
    <nd ref="7365572488"/>
    <nd ref="7365572487"/>
    <nd ref="7365572486"/>
    <nd ref="7365572485"/>
    <nd ref="7365572484"/>
    <nd ref="7365572483"/>
    <nd ref="7365572482"/>
    <nd ref="7365572481"/>
    <nd ref="7365572480"/>
    <nd ref="7365572479"/>
    <nd ref="7365572478"/>
    <nd ref="7365572477"/>
    <nd ref="7365572476"/>
    <nd ref="7365572475"/>
    <nd ref="7365572474"/>
    <nd ref="7365572473"/>
    <nd ref="7365572472"/>
    <nd ref="7365572471"/>
    <nd ref="7365572470"/>
    <nd ref="7365572469"/>
    <nd ref="7365572468"/>
    <nd ref="7365572467"/>
    <nd ref="7365572466"/>
    <nd ref="7365572465"/>
    <nd ref="7365572464"/>
    <nd ref="7365572463"/>
    <nd ref="7365572462"/>
    <nd ref="7365572461"/>
    <nd ref="7365572460"/>
    <nd ref="7365572459"/>
    <nd ref="7365572458"/>
    <nd ref="7365572457"/>
    <nd ref="7365572456"/>
    <nd ref="10989394800"/>
  </way>
  <way id="787826586">
    <nd ref="10989394800"/>
    <nd ref="10989394799"/>
    <nd ref="7365572455"/>
    <nd ref="8178720885"/>
    <nd ref="7365572454"/>
    <nd ref="7365572453"/>
    <nd ref="7365572452"/>
    <nd ref="7365572451"/>
    <nd ref="7365572450"/>
    <nd ref="7365572449"/>
    <nd ref="7365572448"/>
    <nd ref="7365572447"/>
    <nd ref="7365572446"/>
    <nd ref="7365572445"/>
    <nd ref="7365572444"/>
    <nd ref="7365572443"/>
    <nd ref="7365572442"/>
    <nd ref="7365572441"/>
    <nd ref="7365572440"/>
    <nd ref="7365572439"/>
    <nd ref="7365572438"/>
    <nd ref="7365572437"/>
    <nd ref="7365572436"/>
    <nd ref="7365572435"/>
    <nd ref="7365572434"/>
    <nd ref="7365572433"/>
    <nd ref="7365572432"/>
    <nd ref="7365572431"/>
    <nd ref="7365572430"/>
    <nd ref="7365572429"/>
    <nd ref="7365572428"/>
    <nd ref="7721524321"/>
    <nd ref="7721524320"/>
    <nd ref="7721524319"/>
    <nd ref="7721524318"/>
    <nd ref="7721524317"/>
    <nd ref="7721524316"/>
    <nd ref="7721524315"/>
    <nd ref="7721524314"/>
    <nd ref="7721524313"/>
    <nd ref="7721524312"/>
    <nd ref="7721524311"/>
    <nd ref="7721524310"/>
    <nd ref="7721524309"/>
    <nd ref="7721524308"/>
    <nd ref="7721524307"/>
    <nd ref="7721524306"/>
    <nd ref="7721524305"/>
    <nd ref="7721524304"/>
    <nd ref="7721524303"/>
    <nd ref="7721524302"/>
    <nd ref="7721524301"/>
    <nd ref="7721524300"/>
    <nd ref="959404228"/>
  </way>
  <way id="1391408774">
    <nd ref="12879409413"/>
    <nd ref="12879409412"/>
    <nd ref="12879409411"/>
    <nd ref="12879409410"/>
    <nd ref="12879409409"/>
    <nd ref="12879409408"/>
    <nd ref="12879409407"/>
    <nd ref="12879409406"/>
    <nd ref="12879409405"/>
    <nd ref="12879409404"/>
    <nd ref="12879409403"/>
    <nd ref="12879409402"/>
    <nd ref="12879409401"/>
    <nd ref="12879409400"/>
    <nd ref="12879409399"/>
    <nd ref="12879409398"/>
    <nd ref="12879409397"/>
    <nd ref="12879409396"/>
    <nd ref="12879409395"/>
    <nd ref="12879409394"/>
    <nd ref="12879409393"/>
    <nd ref="12879409392"/>
    <nd ref="12879409391"/>
    <nd ref="12879409390"/>
    <nd ref="12879409389"/>
    <nd ref="12879409388"/>
    <nd ref="12879409387"/>
    <nd ref="12879409386"/>
    <nd ref="12879409385"/>
    <nd ref="12879409384"/>
    <nd ref="12879409383"/>
    <nd ref="12879409382"/>
    <nd ref="12879409381"/>
    <nd ref="12879409380"/>
    <nd ref="12879409379"/>
    <nd ref="12879409378"/>
    <nd ref="12879409377"/>
    <nd ref="12879409376"/>
    <nd ref="12879409375"/>
    <nd ref="12879409374"/>
    <nd ref="12879409373"/>
    <nd ref="12879409372"/>
    <nd ref="12879409371"/>
    <nd ref="12879409370"/>
    <nd ref="12879409369"/>
    <nd ref="12879409368"/>
    <nd ref="12879409367"/>
    <nd ref="12879409366"/>
    <nd ref="12879409365"/>
    <nd ref="12879409364"/>
    <nd ref="12879409363"/>
    <nd ref="12879409362"/>
    <nd ref="12879409361"/>
    <nd ref="12879409360"/>
    <nd ref="12879409359"/>
    <nd ref="12879409358"/>
    <nd ref="12879409357"/>
    <nd ref="12879409356"/>
    <nd ref="12879409355"/>
    <nd ref="12879409354"/>
    <nd ref="12879409353"/>
    <nd ref="12879409352"/>
    <nd ref="12879409351"/>
    <nd ref="12879409350"/>
    <nd ref="12879409349"/>
    <nd ref="12879409348"/>
    <nd ref="12879409347"/>
    <nd ref="12879409346"/>
    <nd ref="12879409345"/>
    <nd ref="12879409344"/>
    <nd ref="12879409343"/>
    <nd ref="12879409342"/>
    <nd ref="12879409341"/>
    <nd ref="12879409340"/>
    <nd ref="12879409339"/>
    <nd ref="12879409338"/>
    <nd ref="12879409337"/>
    <nd ref="12879409336"/>
    <nd ref="12879409335"/>
    <nd ref="12879409334"/>
    <nd ref="12879409333"/>
    <nd ref="12879409332"/>
    <nd ref="12879409331"/>
    <nd ref="12879409330"/>
    <nd ref="12879409329"/>
    <nd ref="12879409328"/>
    <nd ref="12879409327"/>
    <nd ref="12879409326"/>
    <nd ref="12879409325"/>
    <nd ref="12879409324"/>
    <nd ref="12879409323"/>
    <nd ref="12879409322"/>
    <nd ref="12879409321"/>
    <nd ref="12879409320"/>
    <nd ref="12879409319"/>
    <nd ref="12879409318"/>
    <nd ref="12879409317"/>
    <nd ref="12879409316"/>
    <nd ref="12879409315"/>
    <nd ref="12879409314"/>
    <nd ref="12879409313"/>
    <nd ref="12879409312"/>
    <nd ref="12879409311"/>
    <nd ref="12879409310"/>
    <nd ref="12879409309"/>
    <nd ref="12879409308"/>
    <nd ref="12879409307"/>
    <nd ref="12879409306"/>
    <nd ref="12879409305"/>
    <nd ref="12879409304"/>
    <nd ref="12879409303"/>
    <nd ref="12879409302"/>
    <nd ref="12879409301"/>
    <nd ref="12879409300"/>
    <nd ref="12879409299"/>
    <nd ref="12879409298"/>
    <nd ref="12879409297"/>
    <nd ref="12879409296"/>
    <nd ref="12879409295"/>
    <nd ref="12879409294"/>
    <nd ref="12879409293"/>
    <nd ref="12879409292"/>
    <nd ref="12879409291"/>
    <nd ref="12879409290"/>
    <nd ref="12879409289"/>
    <nd ref="12879409288"/>
    <nd ref="12879409287"/>
    <nd ref="12879409286"/>
    <nd ref="12879409285"/>
    <nd ref="12879409284"/>
    <nd ref="12879409283"/>
    <nd ref="12879409282"/>
    <nd ref="12879409281"/>
    <nd ref="12879409280"/>
    <nd ref="12879409279"/>
    <nd ref="12879409278"/>
    <nd ref="12879409277"/>
    <nd ref="12879409276"/>
    <nd ref="12879409275"/>
    <nd ref="12879409274"/>
    <nd ref="12879409273"/>
    <nd ref="12879409272"/>
    <nd ref="12879409271"/>
    <nd ref="12879409270"/>
    <nd ref="12879409269"/>
    <nd ref="12879409268"/>
    <nd ref="12879409267"/>
    <nd ref="12879409266"/>
    <nd ref="12879409265"/>
    <nd ref="12879409264"/>
    <nd ref="12879409263"/>
    <nd ref="12879409262"/>
    <nd ref="12879409261"/>
    <nd ref="12879409260"/>
    <nd ref="12879409259"/>
    <nd ref="12879409258"/>
    <nd ref="12879409257"/>
    <nd ref="12879409256"/>
    <nd ref="12879409255"/>
    <nd ref="12879409254"/>
    <nd ref="12879409253"/>
    <nd ref="12879409252"/>
    <nd ref="12879409251"/>
    <nd ref="12879409250"/>
    <nd ref="12879409249"/>
    <nd ref="12879409248"/>
    <nd ref="12879409247"/>
    <nd ref="12879409246"/>
    <nd ref="12879409245"/>
    <nd ref="12879409244"/>
    <nd ref="12879409243"/>
    <nd ref="12879409242"/>
    <nd ref="12879409241"/>
    <nd ref="12879409240"/>
    <nd ref="12879409239"/>
    <nd ref="12879409238"/>
    <nd ref="12879409237"/>
    <nd ref="12879409236"/>
    <nd ref="12879409235"/>
    <nd ref="12879409234"/>
    <nd ref="12879409233"/>
    <nd ref="12879409232"/>
    <nd ref="12879409231"/>
    <nd ref="12879409230"/>
    <nd ref="12879409229"/>
    <nd ref="12879409228"/>
    <nd ref="12879409227"/>
    <nd ref="12879409226"/>
    <nd ref="12879409225"/>
    <nd ref="12879409224"/>
    <nd ref="12879409223"/>
    <nd ref="12879409222"/>
    <nd ref="12879409221"/>
    <nd ref="12879409220"/>
    <nd ref="12879409219"/>
    <nd ref="12879409218"/>
    <nd ref="12879409217"/>
    <nd ref="12879409216"/>
    <nd ref="12879409215"/>
    <nd ref="12879409214"/>
    <nd ref="12879409213"/>
    <nd ref="12879409212"/>
    <nd ref="12879409211"/>
    <nd ref="12879409210"/>
    <nd ref="12879409209"/>
    <nd ref="12879409208"/>
    <nd ref="12879409207"/>
    <nd ref="12879409206"/>
    <nd ref="12879409205"/>
    <nd ref="12879409204"/>
    <nd ref="12879409203"/>
    <nd ref="12879409202"/>
    <nd ref="12879409201"/>
    <nd ref="12879409200"/>
    <nd ref="12879409199"/>
    <nd ref="12879409198"/>
    <nd ref="12879409197"/>
    <nd ref="12879409196"/>
    <nd ref="12879409195"/>
    <nd ref="12879409194"/>
  </way>
  <way id="1391408775">
    <nd ref="12879409495"/>
    <nd ref="12879409494"/>
    <nd ref="12879409493"/>
    <nd ref="12879409492"/>
    <nd ref="12879409491"/>
    <nd ref="12879409490"/>
    <nd ref="12879409489"/>
    <nd ref="12879409488"/>
    <nd ref="12879409487"/>
    <nd ref="12879409486"/>
    <nd ref="12879409485"/>
    <nd ref="12879409484"/>
    <nd ref="12879409483"/>
    <nd ref="12879409482"/>
    <nd ref="12879409481"/>
    <nd ref="12879409480"/>
    <nd ref="12879409479"/>
    <nd ref="12879409478"/>
    <nd ref="12879409477"/>
    <nd ref="12879409476"/>
    <nd ref="12879409475"/>
    <nd ref="12879409474"/>
    <nd ref="12879409473"/>
    <nd ref="12879409472"/>
    <nd ref="12879409471"/>
    <nd ref="12879409470"/>
    <nd ref="12879409469"/>
    <nd ref="12879409468"/>
    <nd ref="12879409467"/>
    <nd ref="12879409466"/>
    <nd ref="12879409465"/>
    <nd ref="12879409464"/>
    <nd ref="12879409463"/>
    <nd ref="12879409462"/>
    <nd ref="12879409461"/>
    <nd ref="12879409460"/>
    <nd ref="12879409459"/>
    <nd ref="12879409458"/>
    <nd ref="12879409457"/>
    <nd ref="12879409456"/>
    <nd ref="12879409455"/>
    <nd ref="12879409454"/>
    <nd ref="12879409453"/>
    <nd ref="12879409452"/>
    <nd ref="12879409451"/>
    <nd ref="12879409450"/>
    <nd ref="12879409449"/>
    <nd ref="12879409448"/>
    <nd ref="12879409447"/>
    <nd ref="12879409446"/>
    <nd ref="12879409445"/>
    <nd ref="12879409444"/>
    <nd ref="12879409443"/>
    <nd ref="12879409442"/>
    <nd ref="12879409441"/>
    <nd ref="12879409440"/>
    <nd ref="12879409439"/>
    <nd ref="12879409438"/>
    <nd ref="12879409437"/>
    <nd ref="12879409436"/>
    <nd ref="12879409435"/>
    <nd ref="12879409434"/>
    <nd ref="12879409433"/>
    <nd ref="12879409432"/>
    <nd ref="12879409431"/>
    <nd ref="12879409430"/>
    <nd ref="12879409429"/>
    <nd ref="12879409428"/>
    <nd ref="12879409427"/>
    <nd ref="12879409426"/>
    <nd ref="12879409425"/>
    <nd ref="12879409424"/>
    <nd ref="12879409423"/>
    <nd ref="12879409422"/>
    <nd ref="12879409421"/>
    <nd ref="12879409420"/>
    <nd ref="12879409419"/>
    <nd ref="12879409418"/>
    <nd ref="12879409417"/>
    <nd ref="12879409416"/>
    <nd ref="12879409415"/>
    <nd ref="12879409414"/>
    <nd ref="12879409413"/>
  </way>
  <way id="1391408773">
    <nd ref="12879409194"/>
    <nd ref="12879409193"/>
    <nd ref="12879409192"/>
    <nd ref="12879409191"/>
    <nd ref="12879409190"/>
    <nd ref="12879409189"/>
    <nd ref="12879409188"/>
    <nd ref="12879409187"/>
    <nd ref="12879409186"/>
    <nd ref="12879409185"/>
    <nd ref="12879409184"/>
    <nd ref="12879409183"/>
    <nd ref="12879409182"/>
    <nd ref="12879409181"/>
    <nd ref="12879409180"/>
    <nd ref="12879409179"/>
    <nd ref="12879409178"/>
    <nd ref="12879409177"/>
    <nd ref="12879409176"/>
    <nd ref="12879409175"/>
    <nd ref="12879409174"/>
    <nd ref="12879409173"/>
    <nd ref="12879409172"/>
    <nd ref="12879409171"/>
    <nd ref="12879409170"/>
    <nd ref="12879409169"/>
    <nd ref="12879409168"/>
    <nd ref="12879409167"/>
    <nd ref="12879409166"/>
    <nd ref="12879409165"/>
    <nd ref="12879409164"/>
    <nd ref="12879409163"/>
    <nd ref="12879409162"/>
    <nd ref="12879409161"/>
    <nd ref="12879409160"/>
    <nd ref="12879409159"/>
    <nd ref="12879409158"/>
    <nd ref="12879409157"/>
    <nd ref="12879409156"/>
    <nd ref="12879409155"/>
    <nd ref="12879409154"/>
    <nd ref="12879409153"/>
    <nd ref="12879409152"/>
    <nd ref="12879409151"/>
    <nd ref="12879409150"/>
    <nd ref="12879409149"/>
    <nd ref="12879409148"/>
    <nd ref="12879409147"/>
    <nd ref="12879409146"/>
    <nd ref="12879409145"/>
    <nd ref="12879409144"/>
    <nd ref="12879409143"/>
    <nd ref="12879409142"/>
    <nd ref="12879409141"/>
    <nd ref="12879409140"/>
    <nd ref="12879409139"/>
    <nd ref="12879409138"/>
    <nd ref="12879409137"/>
    <nd ref="12879409136"/>
    <nd ref="12879409135"/>
    <nd ref="12879409134"/>
    <nd ref="12879409133"/>
    <nd ref="12879409132"/>
    <nd ref="12879409131"/>
    <nd ref="12879409130"/>
    <nd ref="12879409129"/>
    <nd ref="12879409128"/>
    <nd ref="12879409127"/>
    <nd ref="12879409126"/>
    <nd ref="12879409125"/>
    <nd ref="12879409124"/>
  </way>
  <way id="1530118465">
    <nd ref="12879409124"/>
    <nd ref="12879409123"/>
    <nd ref="12879409122"/>
    <nd ref="12879409121"/>
    <nd ref="12879409120"/>
    <nd ref="12879409119"/>
    <nd ref="12879409118"/>
    <nd ref="12879409117"/>
    <nd ref="12879409116"/>
    <nd ref="12879409115"/>
    <nd ref="12879409114"/>
    <nd ref="12879409113"/>
    <nd ref="12879409112"/>
    <nd ref="12879409111"/>
    <nd ref="12879409110"/>
    <nd ref="12879409109"/>
    <nd ref="12879409108"/>
    <nd ref="12879409107"/>
    <nd ref="12879409106"/>
    <nd ref="12879409105"/>
    <nd ref="12879409104"/>
    <nd ref="12879409103"/>
    <nd ref="12879409102"/>
    <nd ref="7365571145"/>
  </way>
  <way id="1391408780">
    <nd ref="12879409834"/>
    <nd ref="12879409835"/>
    <nd ref="12879409836"/>
    <nd ref="12879409837"/>
    <nd ref="12879409838"/>
    <nd ref="12879409839"/>
    <nd ref="12879409840"/>
    <nd ref="12879409841"/>
    <nd ref="12879409842"/>
    <nd ref="12879409843"/>
    <nd ref="12879409844"/>
    <nd ref="12879409845"/>
    <nd ref="12879409846"/>
    <nd ref="12879409847"/>
    <nd ref="12879409848"/>
    <nd ref="12879409849"/>
    <nd ref="12879409850"/>
    <nd ref="12879409851"/>
    <nd ref="12879409852"/>
    <nd ref="12879409853"/>
    <nd ref="12879409854"/>
    <nd ref="12879409855"/>
    <nd ref="12879409856"/>
    <nd ref="12879409857"/>
    <nd ref="12879409858"/>
    <nd ref="12879409859"/>
    <nd ref="12879409860"/>
    <nd ref="12879409861"/>
    <nd ref="12879409862"/>
    <nd ref="12879409863"/>
    <nd ref="12879409864"/>
    <nd ref="12879409865"/>
    <nd ref="12879409866"/>
    <nd ref="12879409867"/>
    <nd ref="12879409868"/>
    <nd ref="12879409869"/>
    <nd ref="12879409870"/>
    <nd ref="12879409871"/>
    <nd ref="12879409872"/>
    <nd ref="12879409873"/>
  </way>
  <way id="1391408781">
    <nd ref="12879409873"/>
    <nd ref="12879409874"/>
    <nd ref="12879409875"/>
    <nd ref="12879409876"/>
    <nd ref="12879409877"/>
    <nd ref="12879409878"/>
    <nd ref="12879409879"/>
    <nd ref="12879409880"/>
    <nd ref="12879409881"/>
    <nd ref="12879409882"/>
    <nd ref="12879409883"/>
    <nd ref="12879409884"/>
    <nd ref="12879409885"/>
  </way>
  <way id="1391408782">
    <nd ref="12879409885"/>
    <nd ref="12879409886"/>
    <nd ref="12879409887"/>
    <nd ref="12879409888"/>
    <nd ref="12879409889"/>
    <nd ref="12879409890"/>
    <nd ref="12879409891"/>
    <nd ref="12879409892"/>
    <nd ref="12879409893"/>
    <nd ref="12879409894"/>
    <nd ref="12879409895"/>
    <nd ref="12879409896"/>
    <nd ref="12879409897"/>
    <nd ref="12879409898"/>
  </way>
  <way id="1391459142">
    <nd ref="12806861735"/>
    <nd ref="12806861734"/>
    <nd ref="12806861733"/>
    <nd ref="12806861732"/>
    <nd ref="12806861731"/>
    <nd ref="12806861730"/>
    <nd ref="12806861729"/>
    <nd ref="12806861728"/>
    <nd ref="12806861727"/>
    <nd ref="12806861726"/>
    <nd ref="12806861725"/>
    <nd ref="12806861724"/>
    <nd ref="12806861723"/>
    <nd ref="12806861722"/>
    <nd ref="12806861721"/>
    <nd ref="12806861720"/>
    <nd ref="12806861719"/>
    <nd ref="12806861718"/>
    <nd ref="12806861717"/>
    <nd ref="12806861716"/>
    <nd ref="12806861715"/>
    <nd ref="12806861714"/>
    <nd ref="12806861713"/>
    <nd ref="12806861712"/>
    <nd ref="12806861711"/>
    <nd ref="12806861710"/>
    <nd ref="12806861709"/>
    <nd ref="12806861708"/>
    <nd ref="12806861707"/>
    <nd ref="12806861706"/>
    <nd ref="12806861705"/>
    <nd ref="12806861704"/>
    <nd ref="12806861703"/>
    <nd ref="12806861702"/>
    <nd ref="12806861701"/>
    <nd ref="12806861700"/>
    <nd ref="12806861699"/>
    <nd ref="12806861698"/>
    <nd ref="12806861697"/>
    <nd ref="12806861696"/>
    <nd ref="12806861695"/>
    <nd ref="12806861694"/>
    <nd ref="12806861693"/>
    <nd ref="12806861692"/>
    <nd ref="12806861690"/>
    <nd ref="12806861691"/>
    <nd ref="12806861689"/>
    <nd ref="12806861688"/>
    <nd ref="12806861687"/>
    <nd ref="12806861686"/>
    <nd ref="12806861685"/>
    <nd ref="12806861684"/>
    <nd ref="12806861683"/>
    <nd ref="12806861682"/>
    <nd ref="12806861681"/>
    <nd ref="12806861680"/>
    <nd ref="12806861679"/>
    <nd ref="12806861678"/>
    <nd ref="12806861677"/>
    <nd ref="12806861676"/>
    <nd ref="12806861675"/>
    <nd ref="12806861674"/>
    <nd ref="12806861673"/>
    <nd ref="12806861672"/>
    <nd ref="12806861671"/>
    <nd ref="12806861670"/>
    <nd ref="12806861669"/>
    <nd ref="12806861668"/>
    <nd ref="12806861667"/>
    <nd ref="12806861666"/>
    <nd ref="12806861665"/>
    <nd ref="12806861664"/>
    <nd ref="12806861663"/>
    <nd ref="12806861662"/>
    <nd ref="12806861661"/>
    <nd ref="12806861660"/>
    <nd ref="12806861659"/>
    <nd ref="12806861658"/>
    <nd ref="12806861657"/>
    <nd ref="12806861656"/>
    <nd ref="12806861655"/>
    <nd ref="12806861654"/>
    <nd ref="12806861653"/>
    <nd ref="12806861652"/>
    <nd ref="12806861651"/>
    <nd ref="12806861650"/>
    <nd ref="12806861649"/>
    <nd ref="12806861648"/>
    <nd ref="12806861647"/>
    <nd ref="12806861646"/>
    <nd ref="12806861645"/>
    <nd ref="12806861644"/>
    <nd ref="12806861643"/>
    <nd ref="12806861642"/>
    <nd ref="12806861641"/>
    <nd ref="12806861640"/>
    <nd ref="12806861639"/>
    <nd ref="12806861638"/>
    <nd ref="12806861637"/>
    <nd ref="12806861636"/>
    <nd ref="12806861635"/>
    <nd ref="12806861634"/>
    <nd ref="12806861633"/>
    <nd ref="12806861632"/>
  </way>
  <way id="1391459143">
    <nd ref="12806861820"/>
    <nd ref="12806861819"/>
    <nd ref="12806861818"/>
    <nd ref="12806861817"/>
    <nd ref="12806861816"/>
    <nd ref="12806861815"/>
    <nd ref="12806861814"/>
    <nd ref="12806861813"/>
    <nd ref="12806861812"/>
    <nd ref="12806861811"/>
    <nd ref="12806861810"/>
    <nd ref="12806861809"/>
    <nd ref="12806861808"/>
    <nd ref="12806861807"/>
    <nd ref="12806861806"/>
    <nd ref="12806861805"/>
    <nd ref="12806861804"/>
    <nd ref="12806861803"/>
    <nd ref="12806861802"/>
    <nd ref="12806861801"/>
    <nd ref="12806861800"/>
    <nd ref="12806861799"/>
    <nd ref="12806861798"/>
    <nd ref="12806861797"/>
    <nd ref="12806861796"/>
    <nd ref="12806861795"/>
    <nd ref="12806861794"/>
    <nd ref="12806861793"/>
    <nd ref="12806861792"/>
    <nd ref="12806861791"/>
    <nd ref="12806861790"/>
    <nd ref="12806861789"/>
    <nd ref="12806861788"/>
    <nd ref="12806861787"/>
    <nd ref="12806861786"/>
    <nd ref="12806861785"/>
    <nd ref="12806861784"/>
    <nd ref="12806861783"/>
    <nd ref="12806861782"/>
    <nd ref="12806861781"/>
    <nd ref="12806861780"/>
    <nd ref="12806861779"/>
    <nd ref="12806861778"/>
    <nd ref="12806861777"/>
    <nd ref="12806861776"/>
    <nd ref="12806861775"/>
    <nd ref="12806861774"/>
    <nd ref="12806861773"/>
    <nd ref="12806861772"/>
    <nd ref="12806861771"/>
    <nd ref="12806861770"/>
    <nd ref="12806861769"/>
    <nd ref="12806861768"/>
    <nd ref="12806861767"/>
    <nd ref="12806861766"/>
    <nd ref="12806861765"/>
    <nd ref="12806861764"/>
    <nd ref="12806861763"/>
    <nd ref="12806861762"/>
    <nd ref="12806861761"/>
    <nd ref="12806861760"/>
    <nd ref="12806861759"/>
    <nd ref="12806861758"/>
    <nd ref="12806861757"/>
    <nd ref="12806861756"/>
    <nd ref="12806861755"/>
    <nd ref="12806861754"/>
    <nd ref="12806861753"/>
    <nd ref="12806861752"/>
    <nd ref="12806861751"/>
    <nd ref="12806861750"/>
    <nd ref="12806861749"/>
    <nd ref="12806861748"/>
    <nd ref="12806861747"/>
    <nd ref="12806861746"/>
    <nd ref="12806861745"/>
    <nd ref="12806861744"/>
    <nd ref="12806861743"/>
    <nd ref="12806861742"/>
    <nd ref="12806861741"/>
    <nd ref="12806861740"/>
    <nd ref="12806861739"/>
    <nd ref="12806861738"/>
    <nd ref="12806861737"/>
    <nd ref="12806861736"/>
    <nd ref="12806861735"/>
  </way>
  <way id="1391408785">
    <nd ref="12879410163"/>
    <nd ref="12879410164"/>
    <nd ref="12879410165"/>
    <nd ref="12879410166"/>
    <nd ref="12879410167"/>
    <nd ref="12879410168"/>
    <nd ref="12879410169"/>
    <nd ref="12879410170"/>
    <nd ref="12879410171"/>
    <nd ref="12879410172"/>
    <nd ref="12879410173"/>
    <nd ref="12879410174"/>
    <nd ref="12879410175"/>
    <nd ref="12879410176"/>
    <nd ref="12879410177"/>
    <nd ref="12879410178"/>
    <nd ref="12879410179"/>
    <nd ref="12879410180"/>
    <nd ref="12879410181"/>
    <nd ref="12879410182"/>
    <nd ref="12879410183"/>
    <nd ref="12879410184"/>
    <nd ref="12879410185"/>
    <nd ref="12879410186"/>
    <nd ref="12879410187"/>
    <nd ref="12879410188"/>
    <nd ref="12879410189"/>
    <nd ref="12879410190"/>
    <nd ref="12879410191"/>
    <nd ref="12879410192"/>
    <nd ref="12879410193"/>
    <nd ref="12879410194"/>
    <nd ref="12879410195"/>
    <nd ref="12879410196"/>
    <nd ref="12879410197"/>
    <nd ref="12879410198"/>
    <nd ref="12879410199"/>
    <nd ref="12879410200"/>
    <nd ref="12879410201"/>
    <nd ref="12879410202"/>
    <nd ref="12879410203"/>
    <nd ref="12879410204"/>
    <nd ref="12879410205"/>
    <nd ref="12879410206"/>
    <nd ref="12879410207"/>
    <nd ref="12879410208"/>
    <nd ref="12879410209"/>
    <nd ref="12879410210"/>
    <nd ref="12879410211"/>
    <nd ref="12879410212"/>
    <nd ref="12879410213"/>
    <nd ref="12879410214"/>
    <nd ref="12879410215"/>
    <nd ref="12879410216"/>
    <nd ref="12879410217"/>
    <nd ref="12879410218"/>
    <nd ref="12879410219"/>
    <nd ref="12879410220"/>
    <nd ref="12879410221"/>
    <nd ref="12879410222"/>
    <nd ref="12879410223"/>
    <nd ref="12879410224"/>
    <nd ref="12879410225"/>
    <nd ref="12879410226"/>
  </way>
  <way id="1391408784">
    <nd ref="7361851692"/>
    <nd ref="12879410135"/>
    <nd ref="12879410136"/>
    <nd ref="12879410137"/>
    <nd ref="12879410138"/>
    <nd ref="12879410139"/>
    <nd ref="12879410140"/>
    <nd ref="12879410141"/>
    <nd ref="12879410142"/>
    <nd ref="12879410143"/>
    <nd ref="12879410144"/>
    <nd ref="12879410145"/>
    <nd ref="12879410146"/>
    <nd ref="12879410147"/>
    <nd ref="12879410148"/>
    <nd ref="12879410149"/>
    <nd ref="12879410150"/>
    <nd ref="12879410151"/>
    <nd ref="12879410152"/>
    <nd ref="12879410153"/>
    <nd ref="12879410154"/>
    <nd ref="12879410155"/>
    <nd ref="12879410156"/>
    <nd ref="12879410157"/>
    <nd ref="12879410158"/>
    <nd ref="12879410159"/>
    <nd ref="12879410160"/>
    <nd ref="12879410161"/>
    <nd ref="12879410162"/>
    <nd ref="12879410163"/>
  </way>
  <way id="1391459141">
    <nd ref="12806861632"/>
    <nd ref="12806861631"/>
    <nd ref="12806861630"/>
    <nd ref="12806861629"/>
    <nd ref="12806861628"/>
    <nd ref="12806861627"/>
    <nd ref="12806861626"/>
    <nd ref="12806861625"/>
    <nd ref="12806861624"/>
    <nd ref="12806861623"/>
    <nd ref="12806861622"/>
    <nd ref="12806861621"/>
    <nd ref="12806861620"/>
    <nd ref="12806861619"/>
    <nd ref="12806861618"/>
    <nd ref="12806861617"/>
    <nd ref="12806861616"/>
    <nd ref="12806861615"/>
    <nd ref="12806861614"/>
    <nd ref="12806861613"/>
    <nd ref="12806861612"/>
    <nd ref="12806861611"/>
    <nd ref="12806861610"/>
    <nd ref="12806861609"/>
    <nd ref="12806861608"/>
    <nd ref="12806861607"/>
    <nd ref="12806861606"/>
    <nd ref="12806861605"/>
    <nd ref="12806861604"/>
    <nd ref="12806861603"/>
    <nd ref="12806861602"/>
    <nd ref="12806861601"/>
    <nd ref="12806861600"/>
    <nd ref="12806861599"/>
    <nd ref="12806861598"/>
    <nd ref="12806861597"/>
    <nd ref="12806861596"/>
    <nd ref="12806861595"/>
    <nd ref="12806861594"/>
    <nd ref="12806861593"/>
    <nd ref="12806861592"/>
    <nd ref="12806861591"/>
  </way>
  <way id="1391459144">
    <nd ref="12806861591"/>
    <nd ref="12806861590"/>
    <nd ref="12806861589"/>
    <nd ref="12806861588"/>
    <nd ref="12806861587"/>
    <nd ref="12806861586"/>
    <nd ref="12806861585"/>
    <nd ref="12806861584"/>
    <nd ref="12806861583"/>
    <nd ref="12806861582"/>
    <nd ref="12806861581"/>
    <nd ref="12806861580"/>
    <nd ref="12806861579"/>
    <nd ref="12806861578"/>
    <nd ref="12806861577"/>
    <nd ref="12806861576"/>
    <nd ref="12806861575"/>
    <nd ref="12806861574"/>
    <nd ref="12806861573"/>
    <nd ref="12806861572"/>
    <nd ref="12806861571"/>
    <nd ref="12806861570"/>
    <nd ref="12806861569"/>
    <nd ref="12806861568"/>
    <nd ref="13807014901"/>
    <nd ref="13807014902"/>
    <nd ref="13807014903"/>
    <nd ref="13807014904"/>
    <nd ref="13807014905"/>
    <nd ref="13807014900"/>
    <nd ref="13807014899"/>
    <nd ref="13807014898"/>
    <nd ref="13807014895"/>
    <nd ref="13807014896"/>
    <nd ref="13807014897"/>
    <nd ref="13807014894"/>
    <nd ref="13807014893"/>
    <nd ref="13807014892"/>
    <nd ref="12806861567"/>
    <nd ref="13807014891"/>
    <nd ref="13807014890"/>
    <nd ref="12806861566"/>
    <nd ref="12806861565"/>
    <nd ref="12806861564"/>
    <nd ref="12806861563"/>
    <nd ref="12806861562"/>
    <nd ref="12806861561"/>
    <nd ref="12806861560"/>
    <nd ref="12806861559"/>
    <nd ref="12806861558"/>
    <nd ref="12806861557"/>
    <nd ref="12806861556"/>
    <nd ref="12806861555"/>
    <nd ref="12806861554"/>
    <nd ref="12806861553"/>
    <nd ref="12806861552"/>
    <nd ref="12806861551"/>
    <nd ref="12806861550"/>
    <nd ref="12806861549"/>
    <nd ref="12806861548"/>
    <nd ref="12806861547"/>
    <nd ref="12806861546"/>
    <nd ref="12806861545"/>
    <nd ref="12806861544"/>
    <nd ref="12806861543"/>
  </way>
  <way id="1510374275">
    <nd ref="12806861543"/>
    <nd ref="12806861542"/>
    <nd ref="12806861541"/>
    <nd ref="12806861540"/>
    <nd ref="12806861539"/>
    <nd ref="12806861538"/>
    <nd ref="12806861537"/>
    <nd ref="12806861536"/>
    <nd ref="12806861535"/>
    <nd ref="12806861534"/>
    <nd ref="12806861533"/>
    <nd ref="12806861532"/>
    <nd ref="12806861531"/>
    <nd ref="12806861530"/>
    <nd ref="12806861529"/>
    <nd ref="12806861528"/>
    <nd ref="12806861527"/>
    <nd ref="12806861526"/>
    <nd ref="12806861525"/>
    <nd ref="12806861524"/>
    <nd ref="12806861523"/>
    <nd ref="12806861522"/>
    <nd ref="12806861521"/>
    <nd ref="12806861520"/>
    <nd ref="12806861519"/>
    <nd ref="12806861518"/>
    <nd ref="12806861517"/>
    <nd ref="12806861516"/>
    <nd ref="12806861515"/>
    <nd ref="12806861514"/>
    <nd ref="12806861513"/>
    <nd ref="12806861512"/>
    <nd ref="12806861511"/>
    <nd ref="12806861510"/>
    <nd ref="12806861509"/>
    <nd ref="12806861508"/>
    <nd ref="12806861507"/>
    <nd ref="12806861506"/>
    <nd ref="12806861505"/>
    <nd ref="12806861504"/>
    <nd ref="12806861503"/>
    <nd ref="12806861502"/>
    <nd ref="12806861501"/>
    <nd ref="12806851500"/>
    <nd ref="12806851499"/>
    <nd ref="12806851498"/>
    <nd ref="12806851497"/>
    <nd ref="12806851496"/>
    <nd ref="12806851495"/>
    <nd ref="12806851494"/>
    <nd ref="7364453640"/>
  </way>
  <way id="1391408792">
    <nd ref="11200666497"/>
    <nd ref="11200666474"/>
    <nd ref="11200666473"/>
    <nd ref="12879410610"/>
    <nd ref="12879410609"/>
    <nd ref="12879410608"/>
    <nd ref="12879410607"/>
    <nd ref="12879410606"/>
    <nd ref="12879410605"/>
    <nd ref="12879410604"/>
    <nd ref="12879410603"/>
    <nd ref="12879410602"/>
    <nd ref="12879410601"/>
    <nd ref="12879410600"/>
    <nd ref="12879410599"/>
    <nd ref="12879410598"/>
    <nd ref="12879410597"/>
    <nd ref="12879410596"/>
    <nd ref="12879410595"/>
    <nd ref="12879410594"/>
    <nd ref="12879410593"/>
    <nd ref="12879410592"/>
    <nd ref="12879410591"/>
    <nd ref="12879410590"/>
    <nd ref="12879410589"/>
    <nd ref="12879410588"/>
    <nd ref="12879410587"/>
    <nd ref="12879410586"/>
    <nd ref="12879410585"/>
    <nd ref="12879410584"/>
    <nd ref="12879410583"/>
    <nd ref="12879410582"/>
    <nd ref="12879410581"/>
    <nd ref="12879410580"/>
    <nd ref="12879410579"/>
    <nd ref="12879410578"/>
    <nd ref="12879410577"/>
    <nd ref="12879410576"/>
    <nd ref="12879410575"/>
    <nd ref="12879410574"/>
    <nd ref="12879410573"/>
    <nd ref="12879410572"/>
    <nd ref="12879410571"/>
    <nd ref="12879410570"/>
    <nd ref="12879410569"/>
    <nd ref="12879410568"/>
    <nd ref="12879410567"/>
    <nd ref="12879410566"/>
    <nd ref="12879410565"/>
    <nd ref="12879410564"/>
    <nd ref="12879410563"/>
    <nd ref="12879410562"/>
    <nd ref="12879410561"/>
    <nd ref="12879410560"/>
    <nd ref="12879410559"/>
    <nd ref="12879410558"/>
    <nd ref="12879410557"/>
    <nd ref="12879410556"/>
    <nd ref="12879410555"/>
    <nd ref="12879410554"/>
    <nd ref="12879410553"/>
    <nd ref="12879410552"/>
    <nd ref="12879410551"/>
    <nd ref="12879410550"/>
    <nd ref="12879410549"/>
    <nd ref="12879410548"/>
    <nd ref="12879410547"/>
    <nd ref="12879410546"/>
    <nd ref="12879410545"/>
    <nd ref="12879410544"/>
    <nd ref="12879410543"/>
    <nd ref="12879410542"/>
    <nd ref="12879410541"/>
    <nd ref="12879410540"/>
    <nd ref="12879410539"/>
    <nd ref="12879410538"/>
    <nd ref="12879410537"/>
    <nd ref="12879410536"/>
    <nd ref="12879410535"/>
    <nd ref="12879410534"/>
    <nd ref="12879410533"/>
    <nd ref="12879410532"/>
    <nd ref="12879410531"/>
    <nd ref="12879410530"/>
    <nd ref="12879410529"/>
    <nd ref="12879410528"/>
    <nd ref="12879410527"/>
    <nd ref="12879410526"/>
    <nd ref="12879410525"/>
    <nd ref="12879410524"/>
    <nd ref="12879410523"/>
    <nd ref="12879410522"/>
    <nd ref="12879410521"/>
    <nd ref="12879410520"/>
    <nd ref="12879410519"/>
    <nd ref="12879410518"/>
    <nd ref="12879410517"/>
    <nd ref="12879410516"/>
    <nd ref="12879410515"/>
    <nd ref="12879410514"/>
    <nd ref="12879410513"/>
    <nd ref="12879410512"/>
    <nd ref="12879410511"/>
    <nd ref="12879410510"/>
    <nd ref="12879410509"/>
    <nd ref="12879410508"/>
    <nd ref="12879410507"/>
    <nd ref="12879410506"/>
    <nd ref="12879410505"/>
    <nd ref="12879410504"/>
    <nd ref="12879410503"/>
    <nd ref="12879410502"/>
    <nd ref="12879410501"/>
    <nd ref="12879410500"/>
    <nd ref="12879410499"/>
    <nd ref="12879410498"/>
    <nd ref="12879410497"/>
    <nd ref="12879410496"/>
    <nd ref="12879410495"/>
    <nd ref="12879410494"/>
    <nd ref="12879410493"/>
    <nd ref="12879410492"/>
    <nd ref="12879410491"/>
    <nd ref="12879410490"/>
    <nd ref="12879410489"/>
    <nd ref="12879410488"/>
    <nd ref="12879410487"/>
    <nd ref="12879410486"/>
    <nd ref="12879410485"/>
    <nd ref="12879410484"/>
    <nd ref="12879410483"/>
    <nd ref="12879410482"/>
    <nd ref="12879410481"/>
    <nd ref="12879410480"/>
    <nd ref="12879410479"/>
    <nd ref="12879410478"/>
    <nd ref="12879410477"/>
    <nd ref="12879410476"/>
    <nd ref="12879410475"/>
    <nd ref="12879410474"/>
    <nd ref="12879410473"/>
    <nd ref="12879410472"/>
    <nd ref="12879410471"/>
    <nd ref="12879410470"/>
    <nd ref="12879410469"/>
    <nd ref="12879410468"/>
    <nd ref="12879410467"/>
    <nd ref="12879410466"/>
    <nd ref="12879410465"/>
    <nd ref="12879410464"/>
    <nd ref="12879410463"/>
    <nd ref="12879410462"/>
    <nd ref="12879410461"/>
    <nd ref="12879410460"/>
    <nd ref="12879410459"/>
    <nd ref="12879410458"/>
    <nd ref="12879410457"/>
    <nd ref="12879410456"/>
    <nd ref="12879410455"/>
    <nd ref="12879410454"/>
    <nd ref="12879410453"/>
    <nd ref="12879410452"/>
    <nd ref="12879410451"/>
    <nd ref="12879410450"/>
    <nd ref="12879410449"/>
    <nd ref="12879410448"/>
    <nd ref="12879410447"/>
    <nd ref="12879410446"/>
    <nd ref="12879410445"/>
    <nd ref="12879410444"/>
    <nd ref="12879410443"/>
    <nd ref="12879410442"/>
    <nd ref="12879410441"/>
    <nd ref="12879410440"/>
    <nd ref="12879410439"/>
    <nd ref="12879410438"/>
    <nd ref="12879410437"/>
    <nd ref="12879410436"/>
    <nd ref="12879410435"/>
    <nd ref="12879410434"/>
    <nd ref="12879410433"/>
    <nd ref="12879410432"/>
    <nd ref="12879410431"/>
    <nd ref="12879410430"/>
    <nd ref="12879410429"/>
    <nd ref="12879410428"/>
    <nd ref="12879410427"/>
    <nd ref="12879410426"/>
    <nd ref="12879410425"/>
    <nd ref="12879410424"/>
    <nd ref="12879410423"/>
    <nd ref="12879410422"/>
    <nd ref="12879410421"/>
    <nd ref="12879410420"/>
    <nd ref="12879410419"/>
    <nd ref="12879410418"/>
    <nd ref="12879410417"/>
    <nd ref="12879410416"/>
    <nd ref="12879410415"/>
    <nd ref="12879410414"/>
    <nd ref="12879410413"/>
    <nd ref="12879410412"/>
    <nd ref="12879410411"/>
    <nd ref="12879410410"/>
    <nd ref="12879410409"/>
    <nd ref="12879410408"/>
    <nd ref="12879410407"/>
    <nd ref="12879410406"/>
    <nd ref="12879410405"/>
    <nd ref="12879410404"/>
    <nd ref="12879410403"/>
    <nd ref="12879410402"/>
    <nd ref="7361851692"/>
  </way>
  <way id="1391408779">
    <nd ref="973502374"/>
    <nd ref="12879409796"/>
    <nd ref="12879409797"/>
    <nd ref="12879409798"/>
    <nd ref="12879409799"/>
    <nd ref="12879409800"/>
    <nd ref="12879409801"/>
    <nd ref="12879409802"/>
    <nd ref="12879409803"/>
    <nd ref="12879409804"/>
    <nd ref="12879409805"/>
    <nd ref="12879409806"/>
    <nd ref="12879409807"/>
    <nd ref="12879409808"/>
    <nd ref="12879409809"/>
    <nd ref="12879409810"/>
    <nd ref="12879409811"/>
    <nd ref="12879409812"/>
    <nd ref="12879409813"/>
  </way>
  <way id="1530118467">
    <nd ref="12879409813"/>
    <nd ref="12879409814"/>
    <nd ref="12879409815"/>
    <nd ref="12879409816"/>
    <nd ref="12879409817"/>
    <nd ref="12879409818"/>
    <nd ref="12879409819"/>
    <nd ref="12879409820"/>
    <nd ref="12879409821"/>
    <nd ref="12879409822"/>
    <nd ref="12879409823"/>
    <nd ref="12879409824"/>
    <nd ref="12879409825"/>
    <nd ref="12879409826"/>
    <nd ref="12879409827"/>
    <nd ref="12879409828"/>
    <nd ref="12879409829"/>
    <nd ref="12879409830"/>
    <nd ref="12879409831"/>
    <nd ref="12879409832"/>
    <nd ref="12879409833"/>
    <nd ref="12879409834"/>
  </way>
  <way id="1391408772">
    <nd ref="7365571145"/>
    <nd ref="12879409100"/>
    <nd ref="12879409099"/>
    <nd ref="12879409098"/>
    <nd ref="12879409097"/>
    <nd ref="12879409096"/>
    <nd ref="12879409095"/>
    <nd ref="12879409094"/>
    <nd ref="12879409093"/>
    <nd ref="12879409092"/>
    <nd ref="12879409091"/>
    <nd ref="12879409090"/>
    <nd ref="12879409089"/>
    <nd ref="12879409088"/>
    <nd ref="12879409087"/>
    <nd ref="12879409086"/>
    <nd ref="12879409085"/>
    <nd ref="12879409084"/>
    <nd ref="12879409083"/>
    <nd ref="12879409082"/>
    <nd ref="12879409081"/>
    <nd ref="12879409080"/>
    <nd ref="12879409079"/>
    <nd ref="12879409078"/>
    <nd ref="12879409077"/>
    <nd ref="12879409076"/>
    <nd ref="12879409075"/>
    <nd ref="12879409074"/>
    <nd ref="12879409073"/>
    <nd ref="12879409072"/>
    <nd ref="12879409071"/>
    <nd ref="12879409070"/>
    <nd ref="12879409069"/>
    <nd ref="12879409068"/>
    <nd ref="12879409067"/>
    <nd ref="12879409066"/>
    <nd ref="12879409065"/>
    <nd ref="12879409064"/>
    <nd ref="12879409063"/>
    <nd ref="12879409062"/>
    <nd ref="12879409061"/>
    <nd ref="973502374"/>
  </way>
  <way id="1391408783">
    <nd ref="12879409898"/>
    <nd ref="12879409899"/>
    <nd ref="12879409900"/>
    <nd ref="12879409901"/>
    <nd ref="12879409902"/>
    <nd ref="12879409903"/>
    <nd ref="12879409904"/>
    <nd ref="12879409905"/>
    <nd ref="12879409906"/>
    <nd ref="12879409907"/>
    <nd ref="12879409908"/>
    <nd ref="12879409909"/>
    <nd ref="12879409910"/>
    <nd ref="12879409911"/>
    <nd ref="12879409912"/>
    <nd ref="12879409913"/>
    <nd ref="12879409914"/>
    <nd ref="12879409915"/>
    <nd ref="12879409916"/>
    <nd ref="12879409917"/>
    <nd ref="12879409918"/>
    <nd ref="12879409919"/>
    <nd ref="12879409920"/>
    <nd ref="12879409921"/>
    <nd ref="12879409922"/>
    <nd ref="12879409923"/>
    <nd ref="12879409924"/>
    <nd ref="12879409925"/>
    <nd ref="12879409926"/>
    <nd ref="12879409927"/>
    <nd ref="12879409928"/>
    <nd ref="12879409929"/>
    <nd ref="12879409930"/>
    <nd ref="12879409931"/>
    <nd ref="12879409932"/>
    <nd ref="12879409933"/>
    <nd ref="12879409934"/>
    <nd ref="12879409935"/>
    <nd ref="12879409936"/>
    <nd ref="12879409937"/>
    <nd ref="12879409938"/>
    <nd ref="12879409939"/>
    <nd ref="12879409940"/>
    <nd ref="12879409941"/>
    <nd ref="12879409942"/>
    <nd ref="12879409943"/>
    <nd ref="12879409944"/>
    <nd ref="12879409945"/>
    <nd ref="12879409946"/>
    <nd ref="12879409947"/>
    <nd ref="12879409948"/>
    <nd ref="12879409949"/>
    <nd ref="12879409950"/>
    <nd ref="12879409951"/>
    <nd ref="12879409952"/>
    <nd ref="12879409953"/>
    <nd ref="12879409954"/>
    <nd ref="12879409955"/>
    <nd ref="12879409956"/>
    <nd ref="12879409957"/>
    <nd ref="12879409958"/>
    <nd ref="12879409959"/>
    <nd ref="12879409960"/>
    <nd ref="12879409961"/>
    <nd ref="12879409962"/>
    <nd ref="12879409963"/>
    <nd ref="12879409964"/>
    <nd ref="12879409965"/>
    <nd ref="12879409966"/>
    <nd ref="12879409967"/>
    <nd ref="12879409968"/>
    <nd ref="12879409969"/>
    <nd ref="12879409970"/>
    <nd ref="12879409971"/>
    <nd ref="12879409972"/>
    <nd ref="12879409973"/>
    <nd ref="12879409974"/>
    <nd ref="12879409975"/>
    <nd ref="12879409976"/>
    <nd ref="12879409977"/>
    <nd ref="12879409978"/>
    <nd ref="12879409979"/>
    <nd ref="12879409980"/>
    <nd ref="12879409981"/>
    <nd ref="12879409982"/>
    <nd ref="12879409983"/>
    <nd ref="12879409984"/>
    <nd ref="12879409985"/>
    <nd ref="12879409986"/>
    <nd ref="12879409987"/>
    <nd ref="12879409988"/>
    <nd ref="12879409989"/>
    <nd ref="12879409990"/>
    <nd ref="12879409991"/>
    <nd ref="12879409992"/>
    <nd ref="12879409993"/>
    <nd ref="12879409994"/>
    <nd ref="12879409995"/>
    <nd ref="12879409996"/>
    <nd ref="12879409997"/>
    <nd ref="12879409998"/>
    <nd ref="12879409999"/>
    <nd ref="12879410000"/>
    <nd ref="12879410001"/>
    <nd ref="12879410002"/>
    <nd ref="12879410003"/>
  </way>
  <way id="1530118466">
    <nd ref="12879410003"/>
    <nd ref="12879410004"/>
    <nd ref="12879410005"/>
    <nd ref="12879410006"/>
    <nd ref="12879410007"/>
    <nd ref="12879410008"/>
    <nd ref="12879410009"/>
    <nd ref="12879410010"/>
    <nd ref="12879410011"/>
    <nd ref="12879410012"/>
    <nd ref="12879410013"/>
    <nd ref="12879410014"/>
    <nd ref="12879410015"/>
    <nd ref="12879410016"/>
    <nd ref="12879410017"/>
    <nd ref="12879410018"/>
    <nd ref="12879410019"/>
    <nd ref="12879410020"/>
    <nd ref="12879410021"/>
    <nd ref="12879410022"/>
    <nd ref="12879410023"/>
    <nd ref="12879410024"/>
    <nd ref="12879410025"/>
    <nd ref="12879410026"/>
    <nd ref="12879410027"/>
    <nd ref="12879410028"/>
    <nd ref="12879410029"/>
    <nd ref="12879410030"/>
    <nd ref="12879410031"/>
    <nd ref="12879410032"/>
    <nd ref="12879410033"/>
    <nd ref="12879410034"/>
    <nd ref="12879410035"/>
    <nd ref="12879410036"/>
    <nd ref="12879410037"/>
    <nd ref="12879410038"/>
    <nd ref="12879410039"/>
    <nd ref="12879410040"/>
    <nd ref="12879410041"/>
    <nd ref="12879410042"/>
    <nd ref="12879410043"/>
    <nd ref="12879410044"/>
    <nd ref="12879410045"/>
    <nd ref="12879410046"/>
    <nd ref="12879410047"/>
    <nd ref="12879410048"/>
    <nd ref="12879410049"/>
    <nd ref="12879410050"/>
    <nd ref="12879410051"/>
    <nd ref="12879410052"/>
    <nd ref="12879410053"/>
    <nd ref="12879410054"/>
    <nd ref="12879410055"/>
    <nd ref="12879410056"/>
    <nd ref="12879410057"/>
    <nd ref="12879410058"/>
    <nd ref="12879410059"/>
    <nd ref="12879410060"/>
    <nd ref="12879410061"/>
    <nd ref="12879410062"/>
    <nd ref="12879410063"/>
    <nd ref="12879410064"/>
    <nd ref="12879410065"/>
    <nd ref="12879410066"/>
    <nd ref="12879410067"/>
    <nd ref="12879410068"/>
    <nd ref="12879410069"/>
    <nd ref="12879410070"/>
    <nd ref="12879410071"/>
    <nd ref="12879410072"/>
    <nd ref="12879410073"/>
    <nd ref="12879410074"/>
    <nd ref="12879410075"/>
    <nd ref="12879410076"/>
    <nd ref="12879410077"/>
    <nd ref="12879410078"/>
    <nd ref="12879410079"/>
    <nd ref="12879410080"/>
    <nd ref="12879410081"/>
    <nd ref="12879410082"/>
    <nd ref="12879410083"/>
    <nd ref="12879410084"/>
    <nd ref="12879410085"/>
    <nd ref="12879410086"/>
    <nd ref="12879410087"/>
    <nd ref="12879410088"/>
    <nd ref="12879410089"/>
    <nd ref="12879410090"/>
    <nd ref="12879410091"/>
    <nd ref="12879410092"/>
    <nd ref="12879410093"/>
    <nd ref="12879410094"/>
    <nd ref="12879410095"/>
    <nd ref="12879410096"/>
    <nd ref="12879410097"/>
    <nd ref="12879410098"/>
    <nd ref="12879410099"/>
    <nd ref="12879410100"/>
    <nd ref="12879410101"/>
    <nd ref="12879410102"/>
    <nd ref="12879410103"/>
    <nd ref="12879410104"/>
    <nd ref="12879410105"/>
    <nd ref="12806862190"/>
    <nd ref="1479978942"/>
  </way>
  <way id="1383341538">
    <nd ref="12806861981"/>
    <nd ref="12806861980"/>
    <nd ref="12806861979"/>
    <nd ref="12806861978"/>
    <nd ref="12806861977"/>
    <nd ref="12806861976"/>
    <nd ref="12806861975"/>
    <nd ref="12806861974"/>
    <nd ref="12806861973"/>
    <nd ref="12806861972"/>
    <nd ref="12806861971"/>
    <nd ref="12806861970"/>
    <nd ref="12806861969"/>
    <nd ref="12806861968"/>
    <nd ref="12806861967"/>
    <nd ref="12806861966"/>
    <nd ref="12806861965"/>
    <nd ref="12806861964"/>
    <nd ref="12806861963"/>
    <nd ref="12806861962"/>
    <nd ref="12806861961"/>
    <nd ref="12806861960"/>
    <nd ref="12806861959"/>
    <nd ref="12806861958"/>
    <nd ref="12806861957"/>
    <nd ref="12806861956"/>
    <nd ref="12806861955"/>
    <nd ref="12806861954"/>
    <nd ref="12806861953"/>
    <nd ref="12806861952"/>
    <nd ref="12806861951"/>
    <nd ref="12806861950"/>
    <nd ref="12806861949"/>
    <nd ref="12806861948"/>
    <nd ref="12806861947"/>
    <nd ref="12806861946"/>
    <nd ref="12806861945"/>
    <nd ref="12806861944"/>
    <nd ref="12806861943"/>
    <nd ref="12806861942"/>
    <nd ref="12806861941"/>
    <nd ref="12806861940"/>
    <nd ref="12806861939"/>
    <nd ref="12806861938"/>
    <nd ref="12806861937"/>
    <nd ref="12806861936"/>
    <nd ref="12806861935"/>
    <nd ref="12806861934"/>
    <nd ref="12806861933"/>
    <nd ref="12806861932"/>
    <nd ref="12806861931"/>
    <nd ref="12806861930"/>
    <nd ref="12806861929"/>
    <nd ref="12806861928"/>
    <nd ref="12806861927"/>
    <nd ref="12806861926"/>
    <nd ref="12806861925"/>
    <nd ref="12806861924"/>
    <nd ref="12806861923"/>
    <nd ref="12806861922"/>
    <nd ref="12806861921"/>
    <nd ref="12806861920"/>
    <nd ref="12806861919"/>
    <nd ref="12806861918"/>
    <nd ref="12806861917"/>
    <nd ref="12806861916"/>
    <nd ref="12806861915"/>
    <nd ref="12806861914"/>
    <nd ref="12806861913"/>
    <nd ref="12806861912"/>
    <nd ref="12806861911"/>
    <nd ref="12806861910"/>
    <nd ref="12806861909"/>
    <nd ref="12806861908"/>
    <nd ref="12806861907"/>
    <nd ref="12806861906"/>
    <nd ref="12806861905"/>
    <nd ref="12806861904"/>
    <nd ref="12806861903"/>
    <nd ref="12806861902"/>
    <nd ref="12806861901"/>
    <nd ref="12806861900"/>
    <nd ref="12806861899"/>
    <nd ref="12806861898"/>
    <nd ref="12806861897"/>
    <nd ref="12806861896"/>
    <nd ref="12806861895"/>
    <nd ref="12806861894"/>
    <nd ref="12806861893"/>
    <nd ref="12806861892"/>
    <nd ref="12806861891"/>
    <nd ref="12806861890"/>
    <nd ref="12806861889"/>
    <nd ref="12806861888"/>
    <nd ref="12806861887"/>
    <nd ref="12806861886"/>
    <nd ref="12806861885"/>
    <nd ref="12806861884"/>
    <nd ref="12806861883"/>
    <nd ref="12806861882"/>
    <nd ref="12806861881"/>
    <nd ref="12806861880"/>
    <nd ref="12806861879"/>
    <nd ref="12806861878"/>
    <nd ref="12806861877"/>
    <nd ref="12806861876"/>
    <nd ref="12806861875"/>
    <nd ref="12806861874"/>
    <nd ref="12806861873"/>
    <nd ref="12806861872"/>
    <nd ref="12806861871"/>
    <nd ref="12806861870"/>
    <nd ref="12806861869"/>
    <nd ref="12806861868"/>
    <nd ref="12806861867"/>
    <nd ref="12806861866"/>
    <nd ref="12806861865"/>
    <nd ref="12806861864"/>
    <nd ref="12806861863"/>
    <nd ref="12806861862"/>
    <nd ref="12806861861"/>
    <nd ref="12806861860"/>
    <nd ref="12806861859"/>
    <nd ref="12806861858"/>
    <nd ref="12806861857"/>
    <nd ref="12806861856"/>
    <nd ref="12806861855"/>
    <nd ref="12806861854"/>
    <nd ref="12806861853"/>
    <nd ref="12806861852"/>
    <nd ref="12806861851"/>
    <nd ref="12806861850"/>
    <nd ref="12806861848"/>
    <nd ref="12806861849"/>
    <nd ref="12806861847"/>
    <nd ref="12806861846"/>
    <nd ref="12806861845"/>
    <nd ref="12806861844"/>
    <nd ref="12806861843"/>
    <nd ref="12806861842"/>
    <nd ref="12806861841"/>
    <nd ref="12879410623"/>
    <nd ref="12806861840"/>
    <nd ref="13807014856"/>
    <nd ref="12806861839"/>
    <nd ref="12806861838"/>
    <nd ref="12806861837"/>
    <nd ref="12806861836"/>
    <nd ref="12806861835"/>
    <nd ref="12806861834"/>
    <nd ref="12806861833"/>
    <nd ref="12806861832"/>
    <nd ref="12806861831"/>
    <nd ref="12806861830"/>
    <nd ref="12806861829"/>
    <nd ref="12806861828"/>
    <nd ref="12806861827"/>
    <nd ref="12806861826"/>
    <nd ref="12806861825"/>
    <nd ref="12806861824"/>
    <nd ref="12806861823"/>
    <nd ref="12806861822"/>
    <nd ref="12806861821"/>
    <nd ref="12806861820"/>
  </way>
  <way id="1510317141">
    <nd ref="1479978942"/>
    <nd ref="12806862189"/>
    <nd ref="12806862188"/>
    <nd ref="12806862187"/>
    <nd ref="12806862186"/>
    <nd ref="12806862185"/>
    <nd ref="12806862184"/>
    <nd ref="12806862183"/>
    <nd ref="12806862182"/>
    <nd ref="12806862181"/>
    <nd ref="12806862180"/>
    <nd ref="12806862179"/>
    <nd ref="12806862178"/>
    <nd ref="12806862177"/>
    <nd ref="12806862176"/>
    <nd ref="12806862175"/>
    <nd ref="12806862174"/>
    <nd ref="12806862173"/>
    <nd ref="12806862172"/>
    <nd ref="12806862171"/>
    <nd ref="12806862170"/>
    <nd ref="12806862169"/>
    <nd ref="12806862168"/>
    <nd ref="12806862167"/>
    <nd ref="12806862166"/>
    <nd ref="12806862165"/>
    <nd ref="12806862164"/>
    <nd ref="12806862163"/>
    <nd ref="12806862162"/>
    <nd ref="12806862161"/>
    <nd ref="12806862160"/>
    <nd ref="12806862159"/>
    <nd ref="12806862158"/>
    <nd ref="12806862157"/>
    <nd ref="12806862156"/>
    <nd ref="12806862155"/>
    <nd ref="12806862154"/>
    <nd ref="12806862153"/>
    <nd ref="12806862152"/>
    <nd ref="12806862151"/>
    <nd ref="12806862150"/>
    <nd ref="12806862149"/>
    <nd ref="12806862148"/>
    <nd ref="12806862147"/>
    <nd ref="12806862146"/>
    <nd ref="12806862145"/>
    <nd ref="12806862144"/>
    <nd ref="12806862143"/>
    <nd ref="12806862142"/>
    <nd ref="12806862141"/>
    <nd ref="12806862140"/>
    <nd ref="12806862139"/>
    <nd ref="12806862138"/>
    <nd ref="12806862137"/>
    <nd ref="12806862136"/>
    <nd ref="12806862135"/>
    <nd ref="12806862134"/>
    <nd ref="12806862133"/>
    <nd ref="12806862132"/>
    <nd ref="12806862131"/>
    <nd ref="12806862130"/>
    <nd ref="12806862129"/>
    <nd ref="12806862128"/>
    <nd ref="12806862127"/>
    <nd ref="12806862126"/>
    <nd ref="12806862125"/>
    <nd ref="12806862124"/>
    <nd ref="12806862123"/>
    <nd ref="12806862122"/>
    <nd ref="12806862121"/>
    <nd ref="12806862120"/>
    <nd ref="12806862119"/>
    <nd ref="12806862118"/>
    <nd ref="12806862117"/>
    <nd ref="12806862116"/>
    <nd ref="12806862115"/>
    <nd ref="12806862114"/>
    <nd ref="12806862113"/>
    <nd ref="12806862112"/>
    <nd ref="12806862111"/>
    <nd ref="12806862110"/>
    <nd ref="12806862109"/>
    <nd ref="12806862108"/>
    <nd ref="12806862107"/>
    <nd ref="12806862106"/>
    <nd ref="12806862105"/>
    <nd ref="12806862104"/>
    <nd ref="12806862103"/>
    <nd ref="12806862102"/>
    <nd ref="12806862101"/>
    <nd ref="12806862100"/>
    <nd ref="12806862099"/>
    <nd ref="12806862098"/>
    <nd ref="12806862097"/>
    <nd ref="12806862096"/>
    <nd ref="12806862095"/>
    <nd ref="12806862094"/>
    <nd ref="12806862093"/>
    <nd ref="12806862092"/>
    <nd ref="12806862091"/>
    <nd ref="12806862090"/>
    <nd ref="12806862089"/>
    <nd ref="12806862088"/>
    <nd ref="12806862087"/>
    <nd ref="12806862086"/>
    <nd ref="12806862085"/>
    <nd ref="12806862084"/>
    <nd ref="12806862083"/>
    <nd ref="12806862082"/>
    <nd ref="12806862081"/>
    <nd ref="12806862080"/>
    <nd ref="12806862079"/>
    <nd ref="12806862078"/>
    <nd ref="12806862077"/>
    <nd ref="12806862076"/>
    <nd ref="12806862075"/>
    <nd ref="12806862074"/>
    <nd ref="12806862073"/>
    <nd ref="12806862072"/>
    <nd ref="12806862071"/>
    <nd ref="12806862070"/>
    <nd ref="12806862069"/>
    <nd ref="12806862068"/>
    <nd ref="12806862067"/>
    <nd ref="12806862066"/>
    <nd ref="12806862065"/>
    <nd ref="12806862064"/>
    <nd ref="12806862063"/>
    <nd ref="12806862062"/>
    <nd ref="12806862061"/>
    <nd ref="12806862060"/>
    <nd ref="12806862059"/>
    <nd ref="12806862058"/>
    <nd ref="12806862057"/>
    <nd ref="12806862056"/>
    <nd ref="12806862055"/>
    <nd ref="12806862054"/>
    <nd ref="12806862053"/>
    <nd ref="12806862052"/>
    <nd ref="12806862051"/>
    <nd ref="12806862050"/>
    <nd ref="12806862049"/>
    <nd ref="12806862048"/>
    <nd ref="12806862047"/>
    <nd ref="12806862046"/>
    <nd ref="12806862045"/>
    <nd ref="12806862044"/>
    <nd ref="12806862043"/>
    <nd ref="12806862042"/>
    <nd ref="12806862041"/>
    <nd ref="12806862040"/>
    <nd ref="12806862039"/>
    <nd ref="12806862038"/>
    <nd ref="12806862037"/>
  </way>
  <way id="1510317142">
    <nd ref="12806862037"/>
    <nd ref="12806862036"/>
    <nd ref="12806862035"/>
    <nd ref="12806862034"/>
    <nd ref="12806862033"/>
    <nd ref="12806862032"/>
    <nd ref="12806862031"/>
    <nd ref="12806862030"/>
    <nd ref="12806862029"/>
    <nd ref="12806862028"/>
    <nd ref="12806862027"/>
    <nd ref="12806862026"/>
    <nd ref="12806862025"/>
    <nd ref="12806862024"/>
    <nd ref="12806862023"/>
    <nd ref="12806862022"/>
    <nd ref="12806862021"/>
    <nd ref="12806862020"/>
    <nd ref="12806862019"/>
    <nd ref="12806862018"/>
    <nd ref="12806862017"/>
    <nd ref="12806862016"/>
    <nd ref="12806862015"/>
    <nd ref="12806862014"/>
    <nd ref="12806862013"/>
    <nd ref="12806862012"/>
    <nd ref="12806862011"/>
    <nd ref="12806862010"/>
    <nd ref="12806862009"/>
    <nd ref="12806862008"/>
    <nd ref="12806862007"/>
    <nd ref="12806862006"/>
    <nd ref="12806862005"/>
    <nd ref="12806862004"/>
    <nd ref="12806862003"/>
    <nd ref="12806862002"/>
    <nd ref="12806862001"/>
    <nd ref="12806862000"/>
    <nd ref="12806861999"/>
    <nd ref="12806861997"/>
    <nd ref="12806861998"/>
    <nd ref="12806861996"/>
    <nd ref="12806861995"/>
    <nd ref="12806861994"/>
    <nd ref="12806861993"/>
    <nd ref="12806861992"/>
    <nd ref="12806861991"/>
    <nd ref="12806861990"/>
    <nd ref="12806861989"/>
    <nd ref="12806861988"/>
    <nd ref="12806861987"/>
    <nd ref="12806861986"/>
    <nd ref="12806861985"/>
    <nd ref="12806861984"/>
    <nd ref="12806861983"/>
    <nd ref="12806861982"/>
    <nd ref="12806861981"/>
  </way>
  <way id="787657269">
    <nd ref="7364453640"/>
    <nd ref="12806862209"/>
    <nd ref="12806862208"/>
    <nd ref="12806862210"/>
    <nd ref="11200667114"/>
    <nd ref="12806862211"/>
    <nd ref="12806862212"/>
    <nd ref="11200667091"/>
    <nd ref="12806862213"/>
    <nd ref="11200667090"/>
    <nd ref="11200667089"/>
    <nd ref="11200667088"/>
    <nd ref="12806862214"/>
    <nd ref="12806862215"/>
    <nd ref="12806862216"/>
    <nd ref="12806862217"/>
    <nd ref="11200667081"/>
    <nd ref="11200667080"/>
    <nd ref="12806862218"/>
    <nd ref="12806862219"/>
    <nd ref="11200667079"/>
    <nd ref="11200667078"/>
    <nd ref="11200667076"/>
    <nd ref="11200667075"/>
    <nd ref="11200667074"/>
    <nd ref="11200667073"/>
    <nd ref="11200667072"/>
    <nd ref="12806862220"/>
    <nd ref="12806862221"/>
    <nd ref="11200667065"/>
    <nd ref="11200667064"/>
    <nd ref="12806862222"/>
    <nd ref="11200667057"/>
    <nd ref="12806862223"/>
    <nd ref="12806862224"/>
    <nd ref="12806862225"/>
    <nd ref="11200667029"/>
    <nd ref="12806862226"/>
    <nd ref="12806862227"/>
    <nd ref="12806862228"/>
    <nd ref="11200667012"/>
    <nd ref="12806862229"/>
    <nd ref="12806862230"/>
    <nd ref="11200666975"/>
    <nd ref="12806862231"/>
    <nd ref="12806862232"/>
    <nd ref="12806862233"/>
    <nd ref="11200666913"/>
    <nd ref="11200666844"/>
    <nd ref="12806862234"/>
    <nd ref="11200666823"/>
    <nd ref="12806862235"/>
    <nd ref="12806862236"/>
    <nd ref="12806862237"/>
    <nd ref="11200666788"/>
    <nd ref="11200666783"/>
    <nd ref="12806862238"/>
    <nd ref="12806862239"/>
    <nd ref="11200666781"/>
    <nd ref="11200666780"/>
    <nd ref="12806862240"/>
    <nd ref="11200666782"/>
    <nd ref="11200666779"/>
    <nd ref="11200666778"/>
    <nd ref="11200666777"/>
    <nd ref="11200666776"/>
    <nd ref="11200666775"/>
    <nd ref="11200666774"/>
    <nd ref="11200666773"/>
    <nd ref="11200666772"/>
    <nd ref="11200666771"/>
    <nd ref="11200666770"/>
    <nd ref="11200666769"/>
    <nd ref="11200666768"/>
    <nd ref="11200666767"/>
    <nd ref="12806862241"/>
    <nd ref="11200666761"/>
    <nd ref="11200666759"/>
    <nd ref="11200666754"/>
    <nd ref="11200666753"/>
    <nd ref="12806862242"/>
    <nd ref="12806862243"/>
    <nd ref="11200666744"/>
    <nd ref="11200666743"/>
    <nd ref="12806862244"/>
    <nd ref="11200666739"/>
    <nd ref="11200666738"/>
    <nd ref="12806862245"/>
    <nd ref="11200666737"/>
    <nd ref="12806862246"/>
    <nd ref="12806862247"/>
    <nd ref="11200666731"/>
    <nd ref="11200666728"/>
    <nd ref="11200666727"/>
    <nd ref="11200666726"/>
    <nd ref="11200666725"/>
    <nd ref="11200666724"/>
    <nd ref="11200666723"/>
    <nd ref="12806862248"/>
    <nd ref="11200666719"/>
    <nd ref="12806862249"/>
    <nd ref="12806862250"/>
    <nd ref="12806862251"/>
    <nd ref="12806862252"/>
    <nd ref="11200666711"/>
    <nd ref="11200666709"/>
  </way>
  <way id="1208873836">
    <nd ref="7361851714"/>
    <nd ref="11200666514"/>
    <nd ref="11200666517"/>
    <nd ref="11200666515"/>
    <nd ref="11200666516"/>
    <nd ref="12806862293"/>
    <nd ref="12806862290"/>
    <nd ref="12806862292"/>
    <nd ref="12806862291"/>
    <nd ref="7361851713"/>
    <nd ref="12806862294"/>
    <nd ref="11200667152"/>
    <nd ref="11200666513"/>
    <nd ref="11200667151"/>
    <nd ref="12806862295"/>
    <nd ref="11200666506"/>
    <nd ref="12806862296"/>
    <nd ref="12806862297"/>
    <nd ref="11200666507"/>
    <nd ref="12806862298"/>
    <nd ref="11200666508"/>
    <nd ref="11200666510"/>
    <nd ref="12806862300"/>
    <nd ref="12806862299"/>
    <nd ref="12806862301"/>
    <nd ref="11200666511"/>
    <nd ref="11200666509"/>
    <nd ref="12806862302"/>
    <nd ref="11200666512"/>
    <nd ref="12806862306"/>
    <nd ref="12806862305"/>
    <nd ref="11200667153"/>
    <nd ref="12806862304"/>
    <nd ref="12806862303"/>
    <nd ref="12806862307"/>
    <nd ref="12806862308"/>
    <nd ref="12806862309"/>
    <nd ref="12806862310"/>
    <nd ref="12806862311"/>
    <nd ref="12806862312"/>
    <nd ref="11200666505"/>
    <nd ref="11200666503"/>
    <nd ref="12806862313"/>
    <nd ref="11200666502"/>
    <nd ref="11200667154"/>
    <nd ref="11200666499"/>
    <nd ref="11200666498"/>
    <nd ref="12806862191"/>
    <nd ref="11200666476"/>
    <nd ref="11200666501"/>
    <nd ref="11200666478"/>
    <nd ref="12806862314"/>
    <nd ref="11200666477"/>
    <nd ref="11200666479"/>
    <nd ref="11200666480"/>
    <nd ref="11200666481"/>
    <nd ref="11200666482"/>
    <nd ref="11200666483"/>
    <nd ref="12806862192"/>
    <nd ref="11200666485"/>
    <nd ref="11200666484"/>
    <nd ref="11200666486"/>
    <nd ref="11200666488"/>
    <nd ref="12806862193"/>
    <nd ref="11200666487"/>
    <nd ref="12806862194"/>
    <nd ref="11200666489"/>
    <nd ref="12806862195"/>
    <nd ref="11200666491"/>
    <nd ref="12806862196"/>
    <nd ref="11200666490"/>
    <nd ref="12806862197"/>
    <nd ref="11200666492"/>
    <nd ref="12806862198"/>
    <nd ref="12806862199"/>
    <nd ref="11200666493"/>
    <nd ref="11200666494"/>
    <nd ref="11200666495"/>
    <nd ref="12806862200"/>
    <nd ref="12806862201"/>
    <nd ref="11200666496"/>
    <nd ref="11200666497"/>
  </way>
  <way id="1391408786">
    <nd ref="12879410226"/>
    <nd ref="12879410227"/>
    <nd ref="12879410228"/>
    <nd ref="12879410229"/>
    <nd ref="12879410230"/>
    <nd ref="12879410231"/>
    <nd ref="12879410232"/>
    <nd ref="12879410233"/>
    <nd ref="12879410234"/>
    <nd ref="12879410235"/>
    <nd ref="12879410236"/>
    <nd ref="12879410237"/>
    <nd ref="12879410240"/>
    <nd ref="12879410239"/>
    <nd ref="12879410238"/>
    <nd ref="12879410241"/>
    <nd ref="12879410242"/>
    <nd ref="12879410243"/>
    <nd ref="12879410244"/>
    <nd ref="12879410245"/>
    <nd ref="12879410246"/>
    <nd ref="12879410247"/>
    <nd ref="12879410248"/>
    <nd ref="12879410249"/>
    <nd ref="12879410250"/>
    <nd ref="12879410251"/>
    <nd ref="12879410252"/>
    <nd ref="12879410253"/>
    <nd ref="12881289393"/>
    <nd ref="12879410254"/>
    <nd ref="12879410255"/>
    <nd ref="12879410256"/>
    <nd ref="12879410257"/>
    <nd ref="12879410258"/>
    <nd ref="12879410259"/>
    <nd ref="12879410260"/>
    <nd ref="12879410261"/>
    <nd ref="12879410262"/>
    <nd ref="12879410263"/>
    <nd ref="12879410264"/>
    <nd ref="12879410265"/>
    <nd ref="12879410266"/>
    <nd ref="12879410267"/>
    <nd ref="12879410268"/>
    <nd ref="12879410269"/>
    <nd ref="12879410270"/>
    <nd ref="12879410271"/>
    <nd ref="12879410272"/>
    <nd ref="12879410273"/>
    <nd ref="12879410274"/>
    <nd ref="12879410275"/>
    <nd ref="12879410276"/>
    <nd ref="12879410277"/>
    <nd ref="12879410278"/>
    <nd ref="12879410279"/>
    <nd ref="12879410280"/>
    <nd ref="12879410281"/>
    <nd ref="12879410282"/>
    <nd ref="12879410283"/>
    <nd ref="12879410284"/>
    <nd ref="12879410285"/>
    <nd ref="12879410286"/>
    <nd ref="12879410287"/>
    <nd ref="12879410288"/>
    <nd ref="12879410289"/>
    <nd ref="12879410290"/>
    <nd ref="12879410291"/>
    <nd ref="12879410292"/>
    <nd ref="12879410293"/>
    <nd ref="12879410294"/>
    <nd ref="12879410295"/>
    <nd ref="12879410296"/>
    <nd ref="12879410297"/>
    <nd ref="12879410298"/>
    <nd ref="12879410299"/>
    <nd ref="12879410300"/>
    <nd ref="12879410301"/>
    <nd ref="12879410302"/>
    <nd ref="12879410303"/>
    <nd ref="12879410304"/>
    <nd ref="12879410305"/>
    <nd ref="12879410306"/>
    <nd ref="12879410307"/>
    <nd ref="12879410308"/>
    <nd ref="12879410309"/>
    <nd ref="12879410310"/>
    <nd ref="12879410311"/>
    <nd ref="12879410312"/>
    <nd ref="12879410313"/>
    <nd ref="12879410314"/>
    <nd ref="12879410315"/>
    <nd ref="12879410316"/>
    <nd ref="12879410317"/>
    <nd ref="12879410318"/>
    <nd ref="12879410319"/>
    <nd ref="12879410320"/>
  </way>
  <way id="1391408787">
    <nd ref="12879410320"/>
    <nd ref="12879410321"/>
    <nd ref="12879410322"/>
    <nd ref="12879410323"/>
    <nd ref="12879410324"/>
    <nd ref="12879410325"/>
    <nd ref="12879410326"/>
    <nd ref="12879410327"/>
    <nd ref="12879410328"/>
    <nd ref="12879410329"/>
    <nd ref="12879410330"/>
    <nd ref="12879410331"/>
    <nd ref="12879410332"/>
    <nd ref="12879410333"/>
    <nd ref="12879410334"/>
    <nd ref="12879410335"/>
    <nd ref="12879410336"/>
    <nd ref="12879410337"/>
    <nd ref="12879410338"/>
    <nd ref="12879410339"/>
    <nd ref="12879410340"/>
    <nd ref="12879410341"/>
    <nd ref="12879410342"/>
    <nd ref="12879410343"/>
    <nd ref="12879410344"/>
    <nd ref="12879410345"/>
    <nd ref="12879410346"/>
    <nd ref="12879410347"/>
    <nd ref="12879410348"/>
    <nd ref="12879410349"/>
    <nd ref="12879410350"/>
  </way>
  <way id="1391408788">
    <nd ref="12879410350"/>
    <nd ref="12879410351"/>
    <nd ref="12879410352"/>
    <nd ref="12879410353"/>
    <nd ref="12879410354"/>
    <nd ref="12879410355"/>
    <nd ref="12879410356"/>
    <nd ref="12879410357"/>
    <nd ref="12879410358"/>
    <nd ref="12879410359"/>
    <nd ref="12879410360"/>
    <nd ref="12879410361"/>
    <nd ref="12879410362"/>
    <nd ref="12879410363"/>
    <nd ref="12879410364"/>
    <nd ref="12879410365"/>
    <nd ref="12879410366"/>
    <nd ref="12879410367"/>
    <nd ref="12879410368"/>
    <nd ref="12879410369"/>
    <nd ref="12879410370"/>
    <nd ref="12879410371"/>
    <nd ref="12879410372"/>
    <nd ref="12879410373"/>
    <nd ref="12879410374"/>
    <nd ref="12879410375"/>
    <nd ref="12879410376"/>
    <nd ref="12879410377"/>
    <nd ref="12879410378"/>
    <nd ref="12879410379"/>
    <nd ref="12879410380"/>
    <nd ref="12879410381"/>
    <nd ref="12879410382"/>
    <nd ref="12879410383"/>
    <nd ref="12879410384"/>
    <nd ref="12879410385"/>
    <nd ref="12879410386"/>
    <nd ref="12879410387"/>
    <nd ref="12879410388"/>
    <nd ref="12879410389"/>
    <nd ref="12879410390"/>
    <nd ref="12879410391"/>
    <nd ref="12879410392"/>
    <nd ref="12879410393"/>
    <nd ref="7361851628"/>
    <nd ref="7361851627"/>
  </way>
  <way id="126372273">
    <nd ref="151016902"/>
    <nd ref="151016891"/>
    <nd ref="151016832"/>
    <nd ref="151016851"/>
    <nd ref="151016836"/>
  </way>
  <way id="1493592587">
    <nd ref="151016836"/>
    <nd ref="151016821"/>
    <nd ref="151016839"/>
    <nd ref="960388593"/>
    <nd ref="960388468"/>
    <nd ref="7364453372"/>
    <nd ref="7364453371"/>
    <nd ref="7364453370"/>
    <nd ref="7364453369"/>
    <nd ref="7364453368"/>
    <nd ref="7364453367"/>
    <nd ref="7364453366"/>
    <nd ref="7364453365"/>
    <nd ref="7364453364"/>
    <nd ref="7364453363"/>
    <nd ref="7364453362"/>
    <nd ref="7364453361"/>
    <nd ref="9455292998"/>
    <nd ref="7364453360"/>
    <nd ref="7364453359"/>
    <nd ref="7364453358"/>
    <nd ref="7364453357"/>
    <nd ref="7364453356"/>
    <nd ref="7364453355"/>
    <nd ref="7364453354"/>
    <nd ref="7364453353"/>
    <nd ref="7364453352"/>
    <nd ref="7364453351"/>
    <nd ref="13686255383"/>
  </way>
  <way id="1208873837">
    <nd ref="973502456"/>
    <nd ref="11200666569"/>
    <nd ref="11200666567"/>
    <nd ref="11200666566"/>
    <nd ref="12879410629"/>
    <nd ref="12879410628"/>
    <nd ref="11200666564"/>
    <nd ref="12806862274"/>
    <nd ref="11200666563"/>
    <nd ref="11200666562"/>
    <nd ref="11200666560"/>
    <nd ref="12879410627"/>
    <nd ref="11200666559"/>
    <nd ref="11200666558"/>
    <nd ref="11200666557"/>
    <nd ref="11200666556"/>
    <nd ref="11200666555"/>
    <nd ref="11200666554"/>
    <nd ref="11200666553"/>
    <nd ref="11200666552"/>
    <nd ref="11200666551"/>
    <nd ref="11200666550"/>
    <nd ref="11200666549"/>
    <nd ref="11200666548"/>
    <nd ref="11200666547"/>
    <nd ref="11200666546"/>
    <nd ref="11200666544"/>
    <nd ref="11200666543"/>
    <nd ref="12806862281"/>
    <nd ref="11200666542"/>
    <nd ref="12806862282"/>
    <nd ref="11200666541"/>
    <nd ref="11200666540"/>
    <nd ref="12806862283"/>
    <nd ref="11200666539"/>
    <nd ref="11200666538"/>
    <nd ref="12806862284"/>
    <nd ref="12806862285"/>
    <nd ref="12806862286"/>
    <nd ref="12806862287"/>
    <nd ref="11200666537"/>
    <nd ref="12806862288"/>
    <nd ref="12806862289"/>
    <nd ref="11200666528"/>
    <nd ref="11200666522"/>
    <nd ref="11200666521"/>
    <nd ref="11200666520"/>
    <nd ref="11200666518"/>
    <nd ref="7361851714"/>
  </way>
  <way id="1510374295">
    <nd ref="11200666709"/>
    <nd ref="11200666708"/>
    <nd ref="12806862253"/>
    <nd ref="11200666704"/>
    <nd ref="11200666703"/>
    <nd ref="12806862254"/>
    <nd ref="11200666702"/>
    <nd ref="11200666701"/>
    <nd ref="12806862255"/>
    <nd ref="11200666698"/>
    <nd ref="11200666697"/>
    <nd ref="11200666689"/>
    <nd ref="11200666688"/>
    <nd ref="11200666687"/>
    <nd ref="11200666686"/>
    <nd ref="11200666684"/>
    <nd ref="11200666683"/>
    <nd ref="12806862256"/>
    <nd ref="11200666682"/>
    <nd ref="12806862257"/>
    <nd ref="12806862258"/>
    <nd ref="12806862259"/>
    <nd ref="11200666680"/>
    <nd ref="11200666679"/>
    <nd ref="11200666677"/>
    <nd ref="11200666676"/>
    <nd ref="11200666674"/>
    <nd ref="12806862260"/>
    <nd ref="11200666673"/>
    <nd ref="11200666672"/>
    <nd ref="12806862261"/>
    <nd ref="11200666671"/>
    <nd ref="12806862262"/>
    <nd ref="11200666670"/>
    <nd ref="11200666669"/>
    <nd ref="11200666668"/>
    <nd ref="11200666667"/>
    <nd ref="11200666666"/>
    <nd ref="12806862263"/>
    <nd ref="11200666665"/>
    <nd ref="11200666664"/>
    <nd ref="12806862264"/>
    <nd ref="11200666663"/>
    <nd ref="11200666662"/>
    <nd ref="11200666661"/>
    <nd ref="11200666657"/>
    <nd ref="12806862266"/>
    <nd ref="12806862265"/>
    <nd ref="11200666650"/>
    <nd ref="11200666640"/>
    <nd ref="11200666632"/>
    <nd ref="11200666628"/>
    <nd ref="12806862267"/>
    <nd ref="11200666619"/>
    <nd ref="11200666618"/>
    <nd ref="11200666610"/>
    <nd ref="12806862268"/>
    <nd ref="11200666606"/>
    <nd ref="11200666595"/>
    <nd ref="11200666591"/>
    <nd ref="11200666588"/>
    <nd ref="11200666587"/>
    <nd ref="12806862269"/>
    <nd ref="11200666586"/>
    <nd ref="11200666585"/>
    <nd ref="12806862270"/>
    <nd ref="11200666584"/>
    <nd ref="11200666582"/>
    <nd ref="11200666581"/>
    <nd ref="11200666578"/>
    <nd ref="11200666577"/>
    <nd ref="11200666575"/>
    <nd ref="11200666574"/>
    <nd ref="11200666573"/>
    <nd ref="11200666572"/>
    <nd ref="11200666571"/>
    <nd ref="11200666570"/>
    <nd ref="973502456"/>
  </way>
  <way id="787657263">
    <nd ref="7364453330"/>
    <nd ref="7364453329"/>
    <nd ref="13807015061"/>
    <nd ref="7364453328"/>
    <nd ref="13807015062"/>
    <nd ref="13807015065"/>
    <nd ref="13807015063"/>
    <nd ref="13807015064"/>
    <nd ref="7364453327"/>
    <nd ref="7364453326"/>
    <nd ref="7364453325"/>
    <nd ref="7364453324"/>
    <nd ref="7364453323"/>
    <nd ref="7364453322"/>
    <nd ref="7364453321"/>
    <nd ref="13807015066"/>
    <nd ref="7364453320"/>
    <nd ref="13807015070"/>
    <nd ref="13807015069"/>
    <nd ref="13807015068"/>
    <nd ref="13807015067"/>
    <nd ref="7364453319"/>
    <nd ref="7364453318"/>
    <nd ref="7364453317"/>
    <nd ref="7364453316"/>
    <nd ref="7364453315"/>
    <nd ref="7364453314"/>
    <nd ref="13807015073"/>
    <nd ref="13807015077"/>
    <nd ref="13807015076"/>
    <nd ref="13807015074"/>
    <nd ref="13807015075"/>
    <nd ref="7364453293"/>
    <nd ref="13807015072"/>
  </way>
  <way id="1510317167">
    <nd ref="13686255421"/>
    <nd ref="7364453347"/>
    <nd ref="7364453346"/>
    <nd ref="7364453345"/>
    <nd ref="7364453344"/>
    <nd ref="7364453343"/>
    <nd ref="7364453342"/>
    <nd ref="7364453341"/>
    <nd ref="7364453340"/>
    <nd ref="7364453339"/>
    <nd ref="13806548739"/>
  </way>
  <way id="1510374289">
    <nd ref="13806548739"/>
    <nd ref="7364453338"/>
    <nd ref="7364453337"/>
    <nd ref="7364453336"/>
    <nd ref="7364453335"/>
    <nd ref="7364453334"/>
    <nd ref="13807015047"/>
  </way>
  <way id="1493592588">
    <nd ref="13686255383"/>
    <nd ref="7364453350"/>
    <nd ref="7364453349"/>
    <nd ref="7364453348"/>
    <nd ref="13686255421"/>
  </way>
  <way id="1510374288">
    <nd ref="13807015047"/>
    <nd ref="13807015048"/>
    <nd ref="13807015049"/>
    <nd ref="13807015050"/>
    <nd ref="13807015051"/>
    <nd ref="13807015052"/>
    <nd ref="13807015053"/>
    <nd ref="13807015054"/>
    <nd ref="13807015055"/>
    <nd ref="13807015056"/>
    <nd ref="13807015057"/>
    <nd ref="13807015058"/>
    <nd ref="13807015059"/>
    <nd ref="13807015060"/>
    <nd ref="7364453330"/>
  </way>
  <way id="1493592597">
    <nd ref="13807015072"/>
    <nd ref="13807015071"/>
    <nd ref="7364453277"/>
    <nd ref="13807015093"/>
    <nd ref="13807015092"/>
    <nd ref="13807015094"/>
    <nd ref="960388295"/>
  </way>
  <way id="787657262">
    <nd ref="13686255596"/>
    <nd ref="7364453258"/>
    <nd ref="7364453257"/>
    <nd ref="7364453256"/>
    <nd ref="7364453254"/>
    <nd ref="7364453252"/>
    <nd ref="7364453251"/>
    <nd ref="7364453250"/>
    <nd ref="7364453249"/>
    <nd ref="7364453248"/>
    <nd ref="7364453247"/>
    <nd ref="7364453246"/>
    <nd ref="7364453245"/>
    <nd ref="7364453244"/>
    <nd ref="7364453243"/>
    <nd ref="7364453242"/>
    <nd ref="7364453241"/>
    <nd ref="7364453240"/>
    <nd ref="12797355704"/>
    <nd ref="9455467379"/>
    <nd ref="12797355680"/>
    <nd ref="12797355679"/>
    <nd ref="973568618"/>
  </way>
  <way id="1493592599">
    <nd ref="13686255538"/>
    <nd ref="7364453275"/>
    <nd ref="9455498281"/>
    <nd ref="7364453274"/>
    <nd ref="7364453273"/>
    <nd ref="7364453272"/>
    <nd ref="7364453271"/>
    <nd ref="7364453270"/>
    <nd ref="7364453269"/>
    <nd ref="7364453268"/>
    <nd ref="7364453267"/>
    <nd ref="7364453265"/>
    <nd ref="7364453263"/>
    <nd ref="7364453262"/>
    <nd ref="7364453260"/>
    <nd ref="7364453259"/>
    <nd ref="13686255596"/>
  </way>
  <way id="1493592593">
    <nd ref="960388295"/>
    <nd ref="13686255538"/>
  </way>
  <way id="1493592603">
    <nd ref="7364453211"/>
    <nd ref="12797356115"/>
    <nd ref="12797356114"/>
    <nd ref="12797356113"/>
    <nd ref="12797356112"/>
    <nd ref="12797356111"/>
    <nd ref="12797356110"/>
    <nd ref="12797356109"/>
    <nd ref="12797356108"/>
    <nd ref="12797356107"/>
    <nd ref="12797356106"/>
    <nd ref="12797356105"/>
    <nd ref="12797356104"/>
    <nd ref="12797356103"/>
    <nd ref="12797356102"/>
    <nd ref="12797356101"/>
    <nd ref="12797356100"/>
    <nd ref="12797356099"/>
    <nd ref="12797356098"/>
  </way>
  <way id="1382237488">
    <nd ref="12797356098"/>
    <nd ref="12797356097"/>
    <nd ref="12797356096"/>
    <nd ref="12797356095"/>
    <nd ref="12797356094"/>
    <nd ref="12797356093"/>
    <nd ref="12797356092"/>
    <nd ref="12797356091"/>
    <nd ref="12797356090"/>
    <nd ref="12797356089"/>
    <nd ref="12797356088"/>
    <nd ref="12797356087"/>
    <nd ref="12797356086"/>
    <nd ref="12797356085"/>
    <nd ref="12797356084"/>
    <nd ref="12797356083"/>
    <nd ref="12797356082"/>
    <nd ref="12797356081"/>
    <nd ref="12797356080"/>
    <nd ref="12797356079"/>
    <nd ref="12797356078"/>
    <nd ref="12797356077"/>
    <nd ref="12797356076"/>
    <nd ref="12797356075"/>
    <nd ref="12797356074"/>
    <nd ref="12797356073"/>
    <nd ref="12797356072"/>
    <nd ref="12797356071"/>
    <nd ref="12797356070"/>
    <nd ref="12797356069"/>
    <nd ref="12797356068"/>
    <nd ref="12797356067"/>
    <nd ref="12797356066"/>
    <nd ref="12797356065"/>
    <nd ref="12797356064"/>
    <nd ref="12797356063"/>
    <nd ref="12797356062"/>
    <nd ref="12797356061"/>
    <nd ref="12797356060"/>
    <nd ref="12797356059"/>
    <nd ref="12797356058"/>
    <nd ref="12797356057"/>
    <nd ref="12797356056"/>
    <nd ref="12797356055"/>
    <nd ref="12797356054"/>
    <nd ref="12797356053"/>
    <nd ref="12797356052"/>
    <nd ref="12797356051"/>
    <nd ref="12797356050"/>
    <nd ref="12797356049"/>
    <nd ref="12797356048"/>
    <nd ref="12797356047"/>
    <nd ref="12797356046"/>
    <nd ref="12797356045"/>
    <nd ref="12797356044"/>
    <nd ref="12797356043"/>
    <nd ref="12797356042"/>
    <nd ref="12797356041"/>
    <nd ref="12797356040"/>
    <nd ref="12797356039"/>
    <nd ref="12797356038"/>
    <nd ref="12797356037"/>
    <nd ref="12797356036"/>
    <nd ref="12797356035"/>
    <nd ref="12797356034"/>
    <nd ref="12797356033"/>
    <nd ref="12797356032"/>
    <nd ref="12797356031"/>
    <nd ref="12797356030"/>
    <nd ref="12797356029"/>
    <nd ref="12797356028"/>
    <nd ref="12797356027"/>
    <nd ref="12797356026"/>
    <nd ref="12797356025"/>
    <nd ref="12797356024"/>
    <nd ref="12797356023"/>
    <nd ref="12797356022"/>
    <nd ref="12797356021"/>
    <nd ref="12797356020"/>
    <nd ref="12797356019"/>
    <nd ref="12797356018"/>
    <nd ref="12797356017"/>
    <nd ref="12797356016"/>
    <nd ref="12797356015"/>
    <nd ref="12797356014"/>
    <nd ref="12797356013"/>
    <nd ref="12797356012"/>
    <nd ref="12797356011"/>
    <nd ref="12797356010"/>
    <nd ref="12797356009"/>
    <nd ref="12797356008"/>
    <nd ref="12797356007"/>
    <nd ref="12797356006"/>
    <nd ref="12797356005"/>
    <nd ref="12797356004"/>
    <nd ref="12797356003"/>
    <nd ref="12797356002"/>
    <nd ref="12797356001"/>
    <nd ref="12797356000"/>
    <nd ref="12797355999"/>
    <nd ref="12797355998"/>
    <nd ref="12797355997"/>
    <nd ref="12797355996"/>
    <nd ref="12797355995"/>
    <nd ref="12797355994"/>
    <nd ref="12797355993"/>
    <nd ref="12797355992"/>
    <nd ref="12797355991"/>
    <nd ref="12797355990"/>
    <nd ref="12797355989"/>
    <nd ref="12797355988"/>
    <nd ref="12797355987"/>
    <nd ref="12797355986"/>
    <nd ref="12797355985"/>
    <nd ref="12797355984"/>
    <nd ref="12797355983"/>
    <nd ref="12797355982"/>
    <nd ref="12797355981"/>
    <nd ref="12797355980"/>
    <nd ref="12797355979"/>
    <nd ref="12797355978"/>
    <nd ref="12797355977"/>
    <nd ref="12797355976"/>
    <nd ref="12797355975"/>
    <nd ref="12797355974"/>
    <nd ref="12797355973"/>
    <nd ref="12797355972"/>
    <nd ref="12797355971"/>
    <nd ref="12797355970"/>
    <nd ref="12797355969"/>
    <nd ref="12797355968"/>
    <nd ref="12797355967"/>
    <nd ref="12797355966"/>
    <nd ref="12797355965"/>
    <nd ref="12797355964"/>
    <nd ref="12797355963"/>
    <nd ref="12797355962"/>
    <nd ref="12797355961"/>
    <nd ref="12797355960"/>
    <nd ref="12797355959"/>
    <nd ref="12797355958"/>
    <nd ref="12797355957"/>
    <nd ref="12797355956"/>
    <nd ref="12797355955"/>
    <nd ref="12797355954"/>
    <nd ref="12797355953"/>
    <nd ref="12797355952"/>
    <nd ref="12797355951"/>
    <nd ref="12797355950"/>
    <nd ref="12797355949"/>
    <nd ref="12797355948"/>
    <nd ref="12797355947"/>
    <nd ref="12797355946"/>
    <nd ref="12797355945"/>
    <nd ref="12797355944"/>
    <nd ref="12797355943"/>
    <nd ref="12797355942"/>
    <nd ref="12797355941"/>
    <nd ref="12797355940"/>
    <nd ref="12797355939"/>
    <nd ref="12797355938"/>
    <nd ref="12797355937"/>
    <nd ref="12797355936"/>
    <nd ref="12797355935"/>
    <nd ref="12797355934"/>
    <nd ref="12797355933"/>
    <nd ref="12797355932"/>
    <nd ref="12797355931"/>
    <nd ref="12797355930"/>
    <nd ref="12797355929"/>
    <nd ref="12797355928"/>
    <nd ref="12797355927"/>
    <nd ref="12797355926"/>
    <nd ref="12797355925"/>
    <nd ref="12797355924"/>
    <nd ref="12797355923"/>
    <nd ref="12797355922"/>
    <nd ref="12797355921"/>
    <nd ref="12797355920"/>
    <nd ref="12797355919"/>
    <nd ref="12797355918"/>
    <nd ref="12797355917"/>
    <nd ref="12797355916"/>
    <nd ref="12797355915"/>
    <nd ref="12797355914"/>
    <nd ref="12797355913"/>
    <nd ref="12797355912"/>
    <nd ref="12797355911"/>
    <nd ref="12797355910"/>
    <nd ref="12797355909"/>
    <nd ref="12797355908"/>
    <nd ref="12797355907"/>
    <nd ref="12797355906"/>
    <nd ref="12797355905"/>
    <nd ref="12797355904"/>
    <nd ref="12797355903"/>
    <nd ref="12797355902"/>
    <nd ref="12797355901"/>
    <nd ref="12797355900"/>
    <nd ref="12797355899"/>
    <nd ref="12797355898"/>
    <nd ref="12797355897"/>
    <nd ref="12797355896"/>
    <nd ref="12797355895"/>
    <nd ref="12797355894"/>
    <nd ref="12797355893"/>
    <nd ref="12797355892"/>
    <nd ref="12797355891"/>
    <nd ref="12797355890"/>
    <nd ref="12797355889"/>
    <nd ref="12797355888"/>
    <nd ref="12797355887"/>
    <nd ref="12797355886"/>
    <nd ref="12797355885"/>
    <nd ref="12797355884"/>
    <nd ref="12797355883"/>
    <nd ref="12797355882"/>
    <nd ref="12797355881"/>
    <nd ref="12797355880"/>
    <nd ref="12797355879"/>
    <nd ref="12797355878"/>
    <nd ref="12797355877"/>
    <nd ref="12797355876"/>
  </way>
  <way id="1510317151">
    <nd ref="12797355876"/>
    <nd ref="12797355875"/>
    <nd ref="12797355874"/>
    <nd ref="12797355873"/>
    <nd ref="12797355872"/>
    <nd ref="12797355871"/>
    <nd ref="12797355870"/>
    <nd ref="12797355869"/>
    <nd ref="12797355868"/>
    <nd ref="12797355867"/>
    <nd ref="12797355866"/>
    <nd ref="12797355865"/>
    <nd ref="12797355864"/>
    <nd ref="12797355863"/>
    <nd ref="12797355862"/>
    <nd ref="12797355861"/>
    <nd ref="12797355860"/>
    <nd ref="12797355859"/>
    <nd ref="12797355858"/>
    <nd ref="12797355857"/>
    <nd ref="12797355856"/>
    <nd ref="12797355855"/>
    <nd ref="12797355854"/>
    <nd ref="12797355853"/>
    <nd ref="12797355852"/>
    <nd ref="12797355851"/>
    <nd ref="12797355850"/>
    <nd ref="12797355849"/>
    <nd ref="12797355848"/>
    <nd ref="12797355847"/>
    <nd ref="12797355846"/>
    <nd ref="12797355845"/>
    <nd ref="12797355844"/>
    <nd ref="12797355843"/>
    <nd ref="12797355842"/>
    <nd ref="12797355841"/>
    <nd ref="12797355840"/>
    <nd ref="12797355839"/>
    <nd ref="12797355838"/>
    <nd ref="12797355837"/>
    <nd ref="12797355836"/>
    <nd ref="12797355835"/>
    <nd ref="12797355834"/>
    <nd ref="12797355833"/>
    <nd ref="12797355832"/>
    <nd ref="12797356394"/>
  </way>
  <way id="1493592576">
    <nd ref="13686255270"/>
    <nd ref="7364429801"/>
    <nd ref="7364429800"/>
    <nd ref="7364429799"/>
    <nd ref="7364429798"/>
    <nd ref="7364429797"/>
    <nd ref="7364429796"/>
    <nd ref="7364429795"/>
  </way>
  <way id="1510317145">
    <nd ref="7364429803"/>
    <nd ref="7364429802"/>
    <nd ref="13686255270"/>
  </way>
  <way id="1382237472">
    <nd ref="12797356394"/>
    <nd ref="12797356393"/>
    <nd ref="12797356392"/>
    <nd ref="12797356391"/>
    <nd ref="12797356390"/>
    <nd ref="12797356389"/>
    <nd ref="12797356388"/>
    <nd ref="12797356387"/>
    <nd ref="12797356386"/>
    <nd ref="12797356385"/>
    <nd ref="12797356384"/>
    <nd ref="12797356383"/>
    <nd ref="12797356382"/>
    <nd ref="12797356381"/>
    <nd ref="12797356380"/>
    <nd ref="12797356379"/>
    <nd ref="12797356378"/>
    <nd ref="12797356377"/>
    <nd ref="12797356376"/>
    <nd ref="12797356375"/>
    <nd ref="12797356374"/>
    <nd ref="12797356373"/>
    <nd ref="12797356372"/>
    <nd ref="12797356371"/>
    <nd ref="12797356370"/>
    <nd ref="12797356369"/>
    <nd ref="12797356368"/>
    <nd ref="12797356367"/>
    <nd ref="12797356366"/>
    <nd ref="12797356365"/>
    <nd ref="12797356364"/>
    <nd ref="12797356363"/>
    <nd ref="12797356362"/>
    <nd ref="12797356361"/>
    <nd ref="12797356360"/>
    <nd ref="12797356359"/>
    <nd ref="12797356358"/>
    <nd ref="12797356357"/>
    <nd ref="12797356356"/>
    <nd ref="12797356355"/>
    <nd ref="12797356354"/>
    <nd ref="12797356353"/>
    <nd ref="12797356352"/>
    <nd ref="12797356351"/>
    <nd ref="12797356350"/>
    <nd ref="12797356349"/>
    <nd ref="12797356348"/>
    <nd ref="12797356347"/>
    <nd ref="12797356346"/>
    <nd ref="12797356345"/>
    <nd ref="12797356344"/>
    <nd ref="12797356343"/>
    <nd ref="12797356342"/>
    <nd ref="12797356341"/>
    <nd ref="12797356787"/>
  </way>
  <way id="1510317154">
    <nd ref="12797356787"/>
    <nd ref="12797356786"/>
    <nd ref="12797356785"/>
    <nd ref="12797356784"/>
    <nd ref="12797356783"/>
    <nd ref="12797356782"/>
    <nd ref="12797356781"/>
    <nd ref="12797356780"/>
    <nd ref="12797356779"/>
    <nd ref="12797356778"/>
    <nd ref="12797356777"/>
    <nd ref="12797356776"/>
    <nd ref="12797356775"/>
    <nd ref="12797356774"/>
    <nd ref="12797356773"/>
    <nd ref="12797356772"/>
    <nd ref="12797356771"/>
    <nd ref="12797356770"/>
    <nd ref="12797356769"/>
    <nd ref="12797356768"/>
    <nd ref="12797356767"/>
    <nd ref="12797356766"/>
    <nd ref="12797356765"/>
    <nd ref="12797356764"/>
    <nd ref="12797356763"/>
    <nd ref="12797356762"/>
    <nd ref="12797356761"/>
    <nd ref="12797356760"/>
    <nd ref="12797356759"/>
    <nd ref="12797356758"/>
    <nd ref="12797356757"/>
    <nd ref="12797356756"/>
  </way>
  <way id="1382237481">
    <nd ref="12797356756"/>
    <nd ref="12797356755"/>
    <nd ref="12797356754"/>
    <nd ref="12797356753"/>
    <nd ref="12797356752"/>
    <nd ref="12797356751"/>
    <nd ref="12797356750"/>
    <nd ref="12797356749"/>
    <nd ref="12797356748"/>
    <nd ref="12797356747"/>
    <nd ref="12797356746"/>
    <nd ref="12797356745"/>
    <nd ref="12797356744"/>
    <nd ref="12797356743"/>
    <nd ref="12797356742"/>
    <nd ref="12797356741"/>
    <nd ref="12797356740"/>
    <nd ref="12797356739"/>
    <nd ref="12797356738"/>
    <nd ref="12797356737"/>
    <nd ref="12797356736"/>
    <nd ref="12797356735"/>
    <nd ref="12797356734"/>
    <nd ref="12797356733"/>
    <nd ref="12797356732"/>
    <nd ref="12797356731"/>
    <nd ref="12797356730"/>
    <nd ref="12797356729"/>
    <nd ref="12797356728"/>
  </way>
  <way id="787657260">
    <nd ref="960388278"/>
    <nd ref="12797355724"/>
    <nd ref="12797355725"/>
    <nd ref="12797355726"/>
    <nd ref="7364429831"/>
    <nd ref="7364429830"/>
    <nd ref="7364429829"/>
    <nd ref="7364429828"/>
    <nd ref="7364429827"/>
    <nd ref="7364429826"/>
    <nd ref="7364429825"/>
    <nd ref="7364429824"/>
    <nd ref="7364429823"/>
    <nd ref="7364429822"/>
    <nd ref="7364429821"/>
    <nd ref="7364429820"/>
    <nd ref="7364429819"/>
    <nd ref="7364429818"/>
    <nd ref="7364429817"/>
    <nd ref="7364429816"/>
    <nd ref="7364429815"/>
    <nd ref="7364429814"/>
    <nd ref="7364429813"/>
    <nd ref="7364429812"/>
    <nd ref="7364429811"/>
    <nd ref="7364429810"/>
    <nd ref="7364429809"/>
    <nd ref="7364429808"/>
    <nd ref="7364429807"/>
    <nd ref="7364429806"/>
    <nd ref="7364429805"/>
    <nd ref="7364429804"/>
    <nd ref="7364429803"/>
  </way>
  <way id="1510317144">
    <nd ref="12797356728"/>
    <nd ref="12797356727"/>
    <nd ref="12797356726"/>
    <nd ref="12797356725"/>
    <nd ref="12797356724"/>
    <nd ref="12797356723"/>
    <nd ref="12797356722"/>
    <nd ref="12797356721"/>
    <nd ref="12797356720"/>
    <nd ref="12797356719"/>
    <nd ref="12797356718"/>
    <nd ref="12797356717"/>
    <nd ref="12797356716"/>
    <nd ref="12797356715"/>
    <nd ref="12797356714"/>
    <nd ref="12797356713"/>
    <nd ref="12797356712"/>
    <nd ref="12797356711"/>
    <nd ref="12797356710"/>
    <nd ref="12797356709"/>
    <nd ref="12797356708"/>
    <nd ref="12797356707"/>
    <nd ref="12797356706"/>
    <nd ref="12797356705"/>
    <nd ref="12797356704"/>
    <nd ref="12797356703"/>
    <nd ref="12797356702"/>
    <nd ref="12797356701"/>
    <nd ref="12797356700"/>
    <nd ref="12797356699"/>
    <nd ref="12797356698"/>
    <nd ref="12797356697"/>
    <nd ref="12797356696"/>
    <nd ref="12797356695"/>
    <nd ref="12797356694"/>
    <nd ref="12797356693"/>
    <nd ref="12797356692"/>
    <nd ref="12797356691"/>
    <nd ref="12797356690"/>
  </way>
  <way id="1382237469">
    <nd ref="12797356690"/>
    <nd ref="12797355765"/>
    <nd ref="12797355764"/>
    <nd ref="12797355763"/>
    <nd ref="12797355762"/>
    <nd ref="12797355761"/>
    <nd ref="12797355760"/>
    <nd ref="12797355759"/>
    <nd ref="12797355758"/>
    <nd ref="12797355757"/>
    <nd ref="12797355756"/>
    <nd ref="12797355755"/>
    <nd ref="12797355754"/>
    <nd ref="12797355753"/>
    <nd ref="12797355752"/>
    <nd ref="12797355751"/>
    <nd ref="12797355750"/>
    <nd ref="12797355749"/>
    <nd ref="12797355748"/>
    <nd ref="12797355747"/>
    <nd ref="12797355746"/>
    <nd ref="12797355745"/>
    <nd ref="12797355744"/>
    <nd ref="12797355743"/>
    <nd ref="12797355742"/>
    <nd ref="12797355741"/>
    <nd ref="12797355740"/>
    <nd ref="960388278"/>
  </way>
  <way id="1382237483">
    <nd ref="973568618"/>
    <nd ref="12797355702"/>
    <nd ref="12797355697"/>
    <nd ref="12797355698"/>
    <nd ref="12797355703"/>
    <nd ref="12797355701"/>
    <nd ref="12797355700"/>
    <nd ref="12797355699"/>
    <nd ref="7364453235"/>
    <nd ref="12797355705"/>
    <nd ref="7364453234"/>
    <nd ref="12797355706"/>
    <nd ref="12797355707"/>
    <nd ref="7364453233"/>
    <nd ref="12797355708"/>
    <nd ref="7364453232"/>
    <nd ref="12797355709"/>
    <nd ref="12797355693"/>
    <nd ref="7364453231"/>
    <nd ref="7364453230"/>
    <nd ref="12797355694"/>
    <nd ref="12797355695"/>
    <nd ref="12797355696"/>
    <nd ref="7364453229"/>
    <nd ref="7364453228"/>
    <nd ref="12797355692"/>
    <nd ref="12797355691"/>
    <nd ref="12797355690"/>
    <nd ref="12797355688"/>
    <nd ref="12797355689"/>
    <nd ref="12797355687"/>
    <nd ref="12797355686"/>
    <nd ref="12797355685"/>
    <nd ref="12797355684"/>
    <nd ref="12797355683"/>
    <nd ref="12797355682"/>
    <nd ref="12797355681"/>
    <nd ref="7364453227"/>
    <nd ref="7364453226"/>
    <nd ref="12797355710"/>
    <nd ref="7364453225"/>
    <nd ref="12797355711"/>
    <nd ref="7364453224"/>
    <nd ref="12797355712"/>
    <nd ref="7364453223"/>
    <nd ref="7364453222"/>
    <nd ref="12797355713"/>
    <nd ref="12797355714"/>
    <nd ref="12797355715"/>
    <nd ref="12797355716"/>
    <nd ref="7364453221"/>
    <nd ref="7364453220"/>
    <nd ref="7364453219"/>
    <nd ref="12797355717"/>
    <nd ref="7364453218"/>
    <nd ref="7364453217"/>
    <nd ref="7364453216"/>
    <nd ref="7364453215"/>
    <nd ref="7364453214"/>
    <nd ref="7364453213"/>
    <nd ref="7364453212"/>
    <nd ref="12797355718"/>
    <nd ref="7364453211"/>
  </way>
  <way id="134640863">
    <nd ref="1480054478"/>
    <nd ref="1480054482"/>
    <nd ref="1480054509"/>
    <nd ref="1480054511"/>
    <nd ref="1480054529"/>
    <nd ref="1480054562"/>
    <nd ref="1480054656"/>
  </way>
  <way id="1493592579">
    <nd ref="7364429795"/>
    <nd ref="1480054478"/>
  </way>
  <way id="787657266">
    <nd ref="1480054656"/>
    <nd ref="1480054729"/>
    <nd ref="7364453395"/>
    <nd ref="7364453394"/>
    <nd ref="7364453393"/>
    <nd ref="7364453392"/>
    <nd ref="7364453391"/>
    <nd ref="7364453390"/>
    <nd ref="7364453389"/>
    <nd ref="1480054861"/>
  </way>
  <way id="134637195">
    <nd ref="1480054861"/>
    <nd ref="1480054851"/>
    <nd ref="1480054806"/>
    <nd ref="1480054789"/>
    <nd ref="1480054760"/>
    <nd ref="1480054759"/>
    <nd ref="1480054790"/>
    <nd ref="1480054786"/>
    <nd ref="1480054781"/>
    <nd ref="1480054776"/>
    <nd ref="1480054800"/>
    <nd ref="1480054831"/>
    <nd ref="1480054828"/>
    <nd ref="1480054859"/>
    <nd ref="1480054902"/>
    <nd ref="1480054933"/>
    <nd ref="1480054938"/>
    <nd ref="1480054930"/>
    <nd ref="1480054928"/>
    <nd ref="1480054932"/>
    <nd ref="1480054952"/>
    <nd ref="1480054957"/>
    <nd ref="1480054992"/>
  </way>
  <way id="1469995985">
    <nd ref="1480054992"/>
    <nd ref="1480054994"/>
    <nd ref="1480054990"/>
    <nd ref="1480054974"/>
    <nd ref="1480054961"/>
    <nd ref="1480054953"/>
    <nd ref="1480054956"/>
    <nd ref="1480054989"/>
    <nd ref="1480054996"/>
    <nd ref="1480054997"/>
  </way>
  <way id="787834149">
    <nd ref="1480055004"/>
    <nd ref="1480055006"/>
    <nd ref="1480055008"/>
    <nd ref="1480055018"/>
    <nd ref="1480055041"/>
    <nd ref="1480055044"/>
    <nd ref="1480055045"/>
    <nd ref="1480085417"/>
    <nd ref="1480085421"/>
    <nd ref="1480085429"/>
    <nd ref="1480085433"/>
    <nd ref="1480085437"/>
    <nd ref="13479341639"/>
    <nd ref="7365636774"/>
    <nd ref="7365636773"/>
    <nd ref="7365636772"/>
    <nd ref="7365636771"/>
    <nd ref="7365636770"/>
    <nd ref="7365636769"/>
    <nd ref="7365636768"/>
    <nd ref="7365636767"/>
  </way>
  <way id="1469995986">
    <nd ref="1480054997"/>
    <nd ref="1480054999"/>
    <nd ref="1480055000"/>
    <nd ref="1480055004"/>
  </way>
  <way id="1469812393">
    <nd ref="7365636761"/>
    <nd ref="7365636760"/>
    <nd ref="7365636759"/>
    <nd ref="7365636758"/>
    <nd ref="7365636757"/>
    <nd ref="7365636756"/>
    <nd ref="7365636755"/>
    <nd ref="7365636754"/>
    <nd ref="7365636753"/>
    <nd ref="7365636752"/>
    <nd ref="7365636751"/>
    <nd ref="7365636750"/>
    <nd ref="7365636749"/>
    <nd ref="7365636748"/>
    <nd ref="1480085479"/>
  </way>
  <way id="1469812399">
    <nd ref="7365636767"/>
    <nd ref="7365636766"/>
    <nd ref="7365636765"/>
    <nd ref="7365636764"/>
    <nd ref="7365636763"/>
    <nd ref="7365636762"/>
    <nd ref="7365636761"/>
  </way>
  <way id="134637199">
    <nd ref="1480085479"/>
    <nd ref="1480085535"/>
    <nd ref="1480085606"/>
    <nd ref="1480085608"/>
    <nd ref="1480085609"/>
    <nd ref="1480085611"/>
    <nd ref="1480085612"/>
    <nd ref="1480085615"/>
    <nd ref="1480085618"/>
    <nd ref="1480085619"/>
  </way>
  <way id="787541790">
    <nd ref="11883113190"/>
    <nd ref="7363363017"/>
    <nd ref="7363363016"/>
    <nd ref="7363363015"/>
    <nd ref="7363363014"/>
    <nd ref="7363363013"/>
    <nd ref="7363363012"/>
    <nd ref="7363363011"/>
    <nd ref="7363363010"/>
    <nd ref="7363363009"/>
    <nd ref="7363363008"/>
    <nd ref="7363363007"/>
    <nd ref="7363363006"/>
    <nd ref="7363363005"/>
    <nd ref="7363363004"/>
    <nd ref="7363363003"/>
    <nd ref="7363363002"/>
    <nd ref="7363363001"/>
    <nd ref="7363363000"/>
    <nd ref="7363362999"/>
    <nd ref="7363362998"/>
    <nd ref="7363362997"/>
    <nd ref="7363362995"/>
    <nd ref="7363362994"/>
    <nd ref="7363362993"/>
    <nd ref="9410158102"/>
    <nd ref="7363362992"/>
    <nd ref="7363362991"/>
    <nd ref="7363362990"/>
    <nd ref="7363362989"/>
    <nd ref="9410158101"/>
    <nd ref="7363362988"/>
    <nd ref="7363362987"/>
    <nd ref="7363362986"/>
    <nd ref="7363362985"/>
    <nd ref="7363362984"/>
    <nd ref="7363362983"/>
    <nd ref="7363362982"/>
    <nd ref="7363362981"/>
    <nd ref="7363362980"/>
    <nd ref="7363362979"/>
    <nd ref="7363362978"/>
    <nd ref="7363362977"/>
    <nd ref="7363362976"/>
    <nd ref="7363362975"/>
    <nd ref="7363362974"/>
    <nd ref="7363362973"/>
    <nd ref="7363362972"/>
    <nd ref="7363362971"/>
    <nd ref="7363362970"/>
    <nd ref="151020888"/>
  </way>
  <way id="15244784">
    <nd ref="151019979"/>
    <nd ref="1480796935"/>
    <nd ref="11883113210"/>
    <nd ref="151021276"/>
    <nd ref="151021255"/>
    <nd ref="7363363431"/>
    <nd ref="7363363432"/>
    <nd ref="7363363412"/>
    <nd ref="7363363413"/>
    <nd ref="7363363414"/>
    <nd ref="7363363415"/>
    <nd ref="7363363416"/>
    <nd ref="7363363417"/>
    <nd ref="7363363418"/>
    <nd ref="7363363419"/>
    <nd ref="7363363420"/>
    <nd ref="7363363421"/>
    <nd ref="7363363422"/>
    <nd ref="7363363424"/>
    <nd ref="7363363426"/>
    <nd ref="959404551"/>
  </way>
  <way id="1280104163">
    <nd ref="959404551"/>
    <nd ref="7363363026"/>
    <nd ref="7363363025"/>
    <nd ref="7363363024"/>
    <nd ref="7363363023"/>
    <nd ref="7363363022"/>
    <nd ref="7363363021"/>
    <nd ref="7363363020"/>
    <nd ref="7363363019"/>
    <nd ref="7363363018"/>
    <nd ref="11883113190"/>
  </way>
  <way id="1279674424">
    <nd ref="151019979"/>
    <nd ref="11879195045"/>
    <nd ref="11879195046"/>
    <nd ref="11879195047"/>
  </way>
  <way id="1484170931">
    <nd ref="7721524807"/>
    <nd ref="13608529480"/>
    <nd ref="13608529479"/>
    <nd ref="13608529478"/>
    <nd ref="13608529477"/>
    <nd ref="13608529476"/>
    <nd ref="13608529475"/>
    <nd ref="13608529474"/>
    <nd ref="13608529473"/>
    <nd ref="13608529472"/>
    <nd ref="13608529471"/>
    <nd ref="13608529470"/>
    <nd ref="13608529469"/>
    <nd ref="13608529468"/>
    <nd ref="13608529467"/>
    <nd ref="13608529466"/>
    <nd ref="13608529465"/>
    <nd ref="13608529464"/>
    <nd ref="13608529463"/>
    <nd ref="13608529462"/>
    <nd ref="13608529461"/>
    <nd ref="13608529460"/>
    <nd ref="13608529459"/>
    <nd ref="13608529458"/>
    <nd ref="13608529457"/>
    <nd ref="13608529456"/>
    <nd ref="13608529455"/>
    <nd ref="13608529454"/>
    <nd ref="13608529453"/>
    <nd ref="13608529452"/>
    <nd ref="13608529451"/>
    <nd ref="13608529450"/>
    <nd ref="13608529449"/>
    <nd ref="13608529448"/>
    <nd ref="13608529447"/>
    <nd ref="13608529446"/>
    <nd ref="13608529445"/>
    <nd ref="13608529444"/>
    <nd ref="13608529443"/>
    <nd ref="13608529442"/>
    <nd ref="13608529441"/>
    <nd ref="13608529440"/>
    <nd ref="13608529439"/>
    <nd ref="13608529438"/>
    <nd ref="13608529437"/>
    <nd ref="13608529436"/>
    <nd ref="13608529435"/>
    <nd ref="13608529434"/>
    <nd ref="13608529433"/>
    <nd ref="13608529432"/>
    <nd ref="13608529431"/>
    <nd ref="13608529430"/>
    <nd ref="13608529429"/>
    <nd ref="13608529428"/>
    <nd ref="13608529427"/>
    <nd ref="13608529426"/>
    <nd ref="13608529425"/>
    <nd ref="13608529424"/>
    <nd ref="13608529423"/>
    <nd ref="13608529422"/>
    <nd ref="13608529421"/>
    <nd ref="13608529420"/>
    <nd ref="13608529419"/>
    <nd ref="13608529418"/>
    <nd ref="13608529417"/>
    <nd ref="13608529416"/>
    <nd ref="13608529415"/>
    <nd ref="13608529414"/>
    <nd ref="13608529413"/>
    <nd ref="13608529412"/>
    <nd ref="13608529411"/>
    <nd ref="13608529410"/>
    <nd ref="13608529409"/>
    <nd ref="13608529408"/>
    <nd ref="13608529407"/>
    <nd ref="13608529406"/>
    <nd ref="13608529405"/>
    <nd ref="13608529404"/>
    <nd ref="13608529403"/>
    <nd ref="13608529402"/>
    <nd ref="13608529401"/>
    <nd ref="13608529400"/>
    <nd ref="13608529399"/>
    <nd ref="13608529398"/>
    <nd ref="13608529397"/>
    <nd ref="13608529396"/>
    <nd ref="13608529395"/>
    <nd ref="13608529394"/>
    <nd ref="13608529393"/>
    <nd ref="13608529392"/>
    <nd ref="13608529391"/>
    <nd ref="13608529390"/>
    <nd ref="13608529389"/>
    <nd ref="13608529388"/>
    <nd ref="13608529387"/>
    <nd ref="13608529386"/>
    <nd ref="13608529385"/>
    <nd ref="13608529384"/>
    <nd ref="13608529383"/>
    <nd ref="13608529382"/>
    <nd ref="13608529381"/>
    <nd ref="13608529380"/>
    <nd ref="13608529379"/>
    <nd ref="13608529378"/>
    <nd ref="13608529377"/>
    <nd ref="13608529376"/>
    <nd ref="13608529375"/>
    <nd ref="13608529374"/>
    <nd ref="13608529373"/>
    <nd ref="13608529372"/>
    <nd ref="13608529371"/>
    <nd ref="13608529370"/>
    <nd ref="13608529369"/>
    <nd ref="13608529368"/>
    <nd ref="13608529367"/>
    <nd ref="13608529366"/>
    <nd ref="13608529365"/>
    <nd ref="13608529364"/>
    <nd ref="13608529363"/>
    <nd ref="13608529362"/>
    <nd ref="13608529361"/>
    <nd ref="13608529360"/>
    <nd ref="13608529359"/>
    <nd ref="13608529358"/>
    <nd ref="13608529357"/>
    <nd ref="13608529356"/>
    <nd ref="13608529355"/>
    <nd ref="13608529354"/>
    <nd ref="13608529353"/>
    <nd ref="13608529352"/>
    <nd ref="13608529351"/>
    <nd ref="13608529350"/>
    <nd ref="13608529349"/>
    <nd ref="13608529348"/>
    <nd ref="13608529347"/>
    <nd ref="13608529346"/>
    <nd ref="13608529345"/>
    <nd ref="13608529344"/>
    <nd ref="13608529343"/>
    <nd ref="13608529342"/>
    <nd ref="13608529341"/>
    <nd ref="13608529340"/>
    <nd ref="13608529339"/>
    <nd ref="13608529338"/>
    <nd ref="13608529337"/>
    <nd ref="13608529336"/>
    <nd ref="13608529335"/>
    <nd ref="13608529334"/>
    <nd ref="13608529333"/>
    <nd ref="13608529332"/>
    <nd ref="13608529331"/>
    <nd ref="13608529330"/>
    <nd ref="13608529329"/>
    <nd ref="13608529328"/>
    <nd ref="13608529327"/>
    <nd ref="13608529326"/>
    <nd ref="13608529325"/>
    <nd ref="13608529324"/>
    <nd ref="13608529323"/>
    <nd ref="13608529322"/>
    <nd ref="13608529321"/>
    <nd ref="13608529320"/>
    <nd ref="13608529319"/>
    <nd ref="13608529318"/>
    <nd ref="13608529317"/>
    <nd ref="13608529316"/>
    <nd ref="13608529315"/>
    <nd ref="13608529314"/>
    <nd ref="13608529313"/>
    <nd ref="13608529311"/>
    <nd ref="13608529310"/>
    <nd ref="13608529312"/>
    <nd ref="13608529309"/>
    <nd ref="13608529308"/>
    <nd ref="13608529306"/>
    <nd ref="13608529305"/>
    <nd ref="13608529304"/>
    <nd ref="13608529307"/>
    <nd ref="13608529303"/>
    <nd ref="13608529302"/>
    <nd ref="13608529301"/>
    <nd ref="13608529300"/>
    <nd ref="13608529299"/>
    <nd ref="13608529298"/>
    <nd ref="13608529297"/>
    <nd ref="13608529296"/>
    <nd ref="13608529295"/>
    <nd ref="13608529294"/>
    <nd ref="13608529293"/>
    <nd ref="13608529292"/>
    <nd ref="13608529291"/>
    <nd ref="13608529290"/>
    <nd ref="13608529289"/>
    <nd ref="13608529288"/>
    <nd ref="13608529287"/>
    <nd ref="13608529286"/>
    <nd ref="13608529285"/>
    <nd ref="13608529284"/>
    <nd ref="13608529283"/>
    <nd ref="13608529282"/>
    <nd ref="13608529281"/>
    <nd ref="13608529280"/>
    <nd ref="13608529279"/>
    <nd ref="13608529278"/>
    <nd ref="13608529277"/>
    <nd ref="13608529276"/>
    <nd ref="13608529275"/>
    <nd ref="13608529274"/>
    <nd ref="13608529273"/>
    <nd ref="13608529272"/>
    <nd ref="13608529271"/>
    <nd ref="13608529270"/>
    <nd ref="13608529269"/>
    <nd ref="13608529268"/>
    <nd ref="13608529267"/>
    <nd ref="13608529266"/>
    <nd ref="13608529265"/>
    <nd ref="13608529264"/>
    <nd ref="13608529263"/>
    <nd ref="13608529262"/>
    <nd ref="13608529261"/>
    <nd ref="13608529260"/>
    <nd ref="13608529259"/>
    <nd ref="13608529258"/>
    <nd ref="13608529257"/>
    <nd ref="13608529256"/>
    <nd ref="13608529255"/>
    <nd ref="13608529254"/>
    <nd ref="13608529253"/>
    <nd ref="13608529252"/>
    <nd ref="13608529251"/>
    <nd ref="13608529250"/>
    <nd ref="13608529249"/>
    <nd ref="13608529248"/>
    <nd ref="13608529247"/>
    <nd ref="151019962"/>
  </way>
  <way id="1279674426">
    <nd ref="11879195047"/>
    <nd ref="11879195049"/>
    <nd ref="11879195050"/>
    <nd ref="11879195051"/>
    <nd ref="11879195052"/>
    <nd ref="11879195053"/>
    <nd ref="11879195054"/>
    <nd ref="11879195055"/>
    <nd ref="11879195056"/>
    <nd ref="11879195057"/>
    <nd ref="11879195058"/>
    <nd ref="11879195059"/>
    <nd ref="11879195060"/>
    <nd ref="11879195061"/>
    <nd ref="11879195062"/>
    <nd ref="11879195063"/>
    <nd ref="11879195064"/>
    <nd ref="7363363135"/>
    <nd ref="7363363134"/>
  </way>
  <way id="1279674429">
    <nd ref="7363363134"/>
    <nd ref="11879195099"/>
    <nd ref="11879195098"/>
    <nd ref="11879195097"/>
    <nd ref="11879195096"/>
    <nd ref="11879195095"/>
    <nd ref="11879195094"/>
    <nd ref="11879195093"/>
    <nd ref="11879195092"/>
    <nd ref="11879195091"/>
    <nd ref="11879195090"/>
    <nd ref="11879195089"/>
    <nd ref="11879195088"/>
    <nd ref="11879195087"/>
    <nd ref="11879195086"/>
    <nd ref="11879195085"/>
    <nd ref="11879195084"/>
    <nd ref="11879195083"/>
    <nd ref="11879195082"/>
    <nd ref="11879195081"/>
    <nd ref="11879195080"/>
    <nd ref="11879195079"/>
    <nd ref="11879195078"/>
    <nd ref="7721524807"/>
  </way>
  <way id="82415131">
    <nd ref="151021349"/>
    <nd ref="7363362909"/>
    <nd ref="10647913202"/>
    <nd ref="7363362910"/>
    <nd ref="7363362911"/>
    <nd ref="7363362912"/>
    <nd ref="7363362913"/>
    <nd ref="7363362914"/>
    <nd ref="7363362915"/>
    <nd ref="7363362916"/>
    <nd ref="7363362917"/>
    <nd ref="7363362918"/>
    <nd ref="7363362919"/>
    <nd ref="7363362920"/>
    <nd ref="7363362921"/>
    <nd ref="7363362922"/>
    <nd ref="7363362923"/>
    <nd ref="7363362924"/>
    <nd ref="7363362925"/>
    <nd ref="7363362926"/>
    <nd ref="7363362927"/>
    <nd ref="7363362928"/>
    <nd ref="7363362929"/>
    <nd ref="7363362930"/>
    <nd ref="7363362931"/>
    <nd ref="7363362932"/>
    <nd ref="7363362933"/>
    <nd ref="7363362934"/>
    <nd ref="7363362935"/>
    <nd ref="7363362936"/>
    <nd ref="7363362937"/>
    <nd ref="7363362938"/>
    <nd ref="7363362939"/>
    <nd ref="7363362940"/>
    <nd ref="7363362941"/>
    <nd ref="7363362942"/>
    <nd ref="7363362943"/>
    <nd ref="9409683366"/>
    <nd ref="9409683367"/>
    <nd ref="9409683368"/>
    <nd ref="7363362944"/>
    <nd ref="7363362945"/>
    <nd ref="7363362946"/>
    <nd ref="7363362947"/>
    <nd ref="7363362948"/>
    <nd ref="7363362949"/>
    <nd ref="7363362950"/>
    <nd ref="7363362951"/>
    <nd ref="7363362952"/>
    <nd ref="7363362953"/>
    <nd ref="7363362954"/>
    <nd ref="7363362955"/>
    <nd ref="7363362956"/>
    <nd ref="7363362957"/>
    <nd ref="7363362958"/>
    <nd ref="7363362959"/>
    <nd ref="7363362960"/>
    <nd ref="9409683365"/>
    <nd ref="7363362961"/>
    <nd ref="9409683364"/>
    <nd ref="7363362962"/>
    <nd ref="7363362963"/>
    <nd ref="7363362964"/>
    <nd ref="7363362965"/>
    <nd ref="7363362966"/>
    <nd ref="7363362967"/>
    <nd ref="7363362968"/>
    <nd ref="7363362969"/>
    <nd ref="495424636"/>
    <nd ref="495424639"/>
    <nd ref="151021222"/>
    <nd ref="151021568"/>
    <nd ref="151021185"/>
    <nd ref="495424650"/>
    <nd ref="151021656"/>
    <nd ref="151021515"/>
    <nd ref="151021582"/>
    <nd ref="151021531"/>
    <nd ref="151021123"/>
    <nd ref="151021261"/>
    <nd ref="151021689"/>
    <nd ref="151021252"/>
    <nd ref="151021673"/>
    <nd ref="151021247"/>
    <nd ref="151021382"/>
    <nd ref="151020995"/>
    <nd ref="151021389"/>
    <nd ref="151021685"/>
    <nd ref="151021294"/>
    <nd ref="151021694"/>
    <nd ref="151021345"/>
    <nd ref="151020906"/>
    <nd ref="151021381"/>
    <nd ref="151020940"/>
    <nd ref="151021553"/>
    <nd ref="151021161"/>
    <nd ref="151021549"/>
    <nd ref="151021156"/>
    <nd ref="151021557"/>
    <nd ref="151021152"/>
    <nd ref="151021570"/>
    <nd ref="151021178"/>
    <nd ref="151021368"/>
    <nd ref="151021671"/>
    <nd ref="151021380"/>
    <nd ref="151020912"/>
    <nd ref="151021300"/>
    <nd ref="151021662"/>
    <nd ref="151021283"/>
    <nd ref="151021707"/>
    <nd ref="151021394"/>
    <nd ref="151020934"/>
    <nd ref="151021401"/>
    <nd ref="151021646"/>
    <nd ref="151021278"/>
    <nd ref="151021693"/>
    <nd ref="151021256"/>
    <nd ref="151021663"/>
    <nd ref="151021564"/>
    <nd ref="151021162"/>
    <nd ref="151021526"/>
    <nd ref="151021654"/>
  </way>
  <way id="787541791">
    <nd ref="151020888"/>
    <nd ref="151021349"/>
  </way>
  <way id="1510942258">
    <nd ref="7363555952"/>
    <nd ref="7363555953"/>
    <nd ref="7363555954"/>
    <nd ref="7721524784"/>
    <nd ref="7721524783"/>
    <nd ref="7363555955"/>
    <nd ref="7363555956"/>
    <nd ref="7363555957"/>
    <nd ref="7363555958"/>
    <nd ref="7363555959"/>
    <nd ref="7363555960"/>
    <nd ref="7721524782"/>
    <nd ref="7721524781"/>
    <nd ref="7363555961"/>
    <nd ref="7363555962"/>
    <nd ref="7363555963"/>
    <nd ref="7363555964"/>
    <nd ref="7721524780"/>
    <nd ref="7363555965"/>
    <nd ref="7363555966"/>
    <nd ref="7363555967"/>
    <nd ref="7721524779"/>
    <nd ref="7363555968"/>
    <nd ref="7363555969"/>
    <nd ref="7363555970"/>
    <nd ref="7363555971"/>
  </way>
  <way id="1511503773">
    <nd ref="151021305"/>
    <nd ref="7721524803"/>
    <nd ref="7721524804"/>
    <nd ref="7363555904"/>
    <nd ref="7721524802"/>
    <nd ref="7363555905"/>
    <nd ref="7363555906"/>
    <nd ref="7363555907"/>
    <nd ref="7363555908"/>
    <nd ref="7363555909"/>
    <nd ref="7363555910"/>
    <nd ref="7363555911"/>
    <nd ref="7721524801"/>
    <nd ref="7363555912"/>
    <nd ref="7363555913"/>
    <nd ref="7363555914"/>
    <nd ref="7363555915"/>
    <nd ref="7721524800"/>
    <nd ref="7721524798"/>
    <nd ref="7721524799"/>
    <nd ref="7721524797"/>
    <nd ref="7363555916"/>
    <nd ref="7721524796"/>
    <nd ref="7363555917"/>
    <nd ref="7721524795"/>
    <nd ref="7363555918"/>
    <nd ref="7363555919"/>
  </way>
  <way id="1511503775">
    <nd ref="7363555919"/>
    <nd ref="7363555920"/>
    <nd ref="7363555921"/>
    <nd ref="7363555922"/>
    <nd ref="7363555923"/>
    <nd ref="9381170460"/>
    <nd ref="9381170459"/>
    <nd ref="7721524794"/>
    <nd ref="7721524793"/>
    <nd ref="7363555924"/>
    <nd ref="9381170461"/>
    <nd ref="7363555925"/>
    <nd ref="7363555926"/>
    <nd ref="9381134156"/>
    <nd ref="7363555927"/>
    <nd ref="9381134157"/>
    <nd ref="7721524792"/>
    <nd ref="7363555928"/>
    <nd ref="7363555929"/>
    <nd ref="7721524791"/>
    <nd ref="7363555930"/>
    <nd ref="7721524790"/>
    <nd ref="7363555931"/>
    <nd ref="7721524789"/>
    <nd ref="7363555932"/>
    <nd ref="13814663464"/>
  </way>
  <way id="1510942257">
    <nd ref="13814663464"/>
    <nd ref="7363555933"/>
    <nd ref="7721524788"/>
    <nd ref="7363555934"/>
    <nd ref="7363555935"/>
    <nd ref="7363555936"/>
    <nd ref="7363555937"/>
    <nd ref="7721524787"/>
    <nd ref="7363555938"/>
    <nd ref="7721524786"/>
    <nd ref="7363555939"/>
    <nd ref="7363555940"/>
    <nd ref="7363555941"/>
    <nd ref="7363555942"/>
    <nd ref="7721524785"/>
    <nd ref="7363555943"/>
    <nd ref="7363555944"/>
    <nd ref="7363555945"/>
    <nd ref="7363555946"/>
    <nd ref="7363555948"/>
    <nd ref="7363555949"/>
    <nd ref="7363555950"/>
    <nd ref="7363555951"/>
    <nd ref="7363555952"/>
  </way>
  <way id="1511503747">
    <nd ref="7363555971"/>
    <nd ref="7363555972"/>
    <nd ref="9772656828"/>
    <nd ref="7363555973"/>
    <nd ref="7363555974"/>
    <nd ref="7363555975"/>
    <nd ref="9772656882"/>
    <nd ref="7363555976"/>
    <nd ref="7721524778"/>
    <nd ref="7721524777"/>
    <nd ref="7721524776"/>
    <nd ref="7721524775"/>
    <nd ref="7721524774"/>
    <nd ref="7721524773"/>
    <nd ref="7721524772"/>
    <nd ref="7721524771"/>
    <nd ref="7721524770"/>
    <nd ref="7721524769"/>
    <nd ref="7721524768"/>
    <nd ref="7721524767"/>
    <nd ref="7721524766"/>
    <nd ref="7721524765"/>
    <nd ref="7721524764"/>
    <nd ref="7721524763"/>
    <nd ref="7721524762"/>
    <nd ref="7721524761"/>
    <nd ref="7721524760"/>
    <nd ref="7721524759"/>
    <nd ref="7721524758"/>
    <nd ref="7721524757"/>
    <nd ref="7721524748"/>
    <nd ref="7721524741"/>
    <nd ref="7721524736"/>
    <nd ref="7721524735"/>
    <nd ref="7721524734"/>
    <nd ref="7721524733"/>
    <nd ref="7721524732"/>
    <nd ref="7721524731"/>
    <nd ref="7721524730"/>
    <nd ref="7721524729"/>
    <nd ref="7721524728"/>
    <nd ref="7721524727"/>
    <nd ref="7721524726"/>
    <nd ref="7721524725"/>
    <nd ref="7721524724"/>
    <nd ref="7721524723"/>
    <nd ref="7721524722"/>
    <nd ref="7721524721"/>
    <nd ref="7721524720"/>
    <nd ref="7721524719"/>
    <nd ref="7721524718"/>
    <nd ref="7721524717"/>
    <nd ref="7721524716"/>
    <nd ref="7721524715"/>
    <nd ref="7721524714"/>
    <nd ref="7721524713"/>
    <nd ref="7721524712"/>
    <nd ref="7721524711"/>
  </way>
  <way id="1511912255">
    <nd ref="7721524711"/>
    <nd ref="7721524710"/>
    <nd ref="7721524709"/>
    <nd ref="7721524708"/>
    <nd ref="7721524707"/>
    <nd ref="7721524706"/>
    <nd ref="7721524705"/>
    <nd ref="7721524704"/>
    <nd ref="7721524703"/>
    <nd ref="7721524702"/>
    <nd ref="7721524701"/>
    <nd ref="7721524700"/>
    <nd ref="7721524699"/>
    <nd ref="7721524698"/>
    <nd ref="7721524697"/>
    <nd ref="7721524696"/>
    <nd ref="7721524695"/>
    <nd ref="7721524694"/>
    <nd ref="7721524693"/>
    <nd ref="7721524692"/>
    <nd ref="7721524691"/>
    <nd ref="7721524690"/>
    <nd ref="7721524689"/>
    <nd ref="7721524688"/>
    <nd ref="7721524687"/>
    <nd ref="7721524686"/>
    <nd ref="7721524685"/>
    <nd ref="7721524684"/>
    <nd ref="7721524683"/>
    <nd ref="7721524682"/>
    <nd ref="7721524681"/>
  </way>
  <way id="787560431">
    <nd ref="151021654"/>
    <nd ref="151021224"/>
    <nd ref="151020909"/>
    <nd ref="1988378358"/>
    <nd ref="7721524806"/>
    <nd ref="7721524805"/>
    <nd ref="151021305"/>
  </way>
  <way id="1231881374">
    <nd ref="3157844915"/>
    <nd ref="11425427197"/>
    <nd ref="11425427198"/>
    <nd ref="11425427199"/>
    <nd ref="11425427200"/>
    <nd ref="11425427201"/>
    <nd ref="11425427202"/>
    <nd ref="11425427203"/>
    <nd ref="11425427204"/>
    <nd ref="11425427205"/>
    <nd ref="11425427206"/>
    <nd ref="11425427207"/>
    <nd ref="11425427208"/>
    <nd ref="11425427209"/>
    <nd ref="11425427210"/>
    <nd ref="11425427211"/>
    <nd ref="11425427212"/>
    <nd ref="11425427213"/>
    <nd ref="11425427214"/>
    <nd ref="9863927709"/>
    <nd ref="3157846020"/>
  </way>
  <way id="1231881368">
    <nd ref="11425427191"/>
    <nd ref="11425427192"/>
    <nd ref="11425427193"/>
    <nd ref="11425427194"/>
    <nd ref="6872322554"/>
    <nd ref="11425427195"/>
    <nd ref="11425427196"/>
    <nd ref="14172550538"/>
    <nd ref="3157844915"/>
  </way>
  <way id="787541793">
    <nd ref="151019962"/>
    <nd ref="7363363291"/>
    <nd ref="7363363290"/>
    <nd ref="13608222893"/>
    <nd ref="13608222892"/>
    <nd ref="13608222891"/>
    <nd ref="13608222890"/>
    <nd ref="7363363289"/>
    <nd ref="7363363288"/>
    <nd ref="7363363287"/>
    <nd ref="7363363286"/>
    <nd ref="7363363284"/>
    <nd ref="7363363281"/>
    <nd ref="7363363278"/>
    <nd ref="7363363277"/>
    <nd ref="7363363274"/>
    <nd ref="7363363273"/>
    <nd ref="7363363272"/>
    <nd ref="13608222889"/>
    <nd ref="7363363270"/>
    <nd ref="7363363266"/>
    <nd ref="13608222888"/>
    <nd ref="7363363265"/>
    <nd ref="7363363263"/>
    <nd ref="7363363262"/>
    <nd ref="7363363261"/>
    <nd ref="7363363257"/>
    <nd ref="7363363255"/>
    <nd ref="7363363250"/>
    <nd ref="7363363248"/>
    <nd ref="7363363247"/>
    <nd ref="7363363243"/>
    <nd ref="13608222887"/>
    <nd ref="13608222886"/>
    <nd ref="7363363242"/>
    <nd ref="7363363241"/>
    <nd ref="7363363236"/>
    <nd ref="7363363235"/>
    <nd ref="7363363234"/>
    <nd ref="13608222885"/>
    <nd ref="13608222884"/>
    <nd ref="7363363233"/>
    <nd ref="7363363232"/>
    <nd ref="13608222883"/>
    <nd ref="13608222882"/>
    <nd ref="13608222881"/>
    <nd ref="7363363231"/>
    <nd ref="13608222880"/>
    <nd ref="13608222879"/>
    <nd ref="7363363230"/>
    <nd ref="7363363229"/>
    <nd ref="13608222878"/>
    <nd ref="13608222877"/>
    <nd ref="13608222876"/>
    <nd ref="13608222875"/>
    <nd ref="7363363228"/>
    <nd ref="13608222874"/>
    <nd ref="13608222873"/>
    <nd ref="7363363227"/>
    <nd ref="13608222872"/>
    <nd ref="13608222871"/>
    <nd ref="13608222870"/>
    <nd ref="13608222869"/>
    <nd ref="13608222868"/>
    <nd ref="7363363226"/>
    <nd ref="7363363225"/>
    <nd ref="7363363222"/>
    <nd ref="13608222867"/>
    <nd ref="7363363221"/>
    <nd ref="7363363220"/>
    <nd ref="7363363219"/>
    <nd ref="7363363218"/>
    <nd ref="7363363217"/>
    <nd ref="13608222866"/>
    <nd ref="7363363216"/>
    <nd ref="13608222865"/>
    <nd ref="7363363215"/>
    <nd ref="7363363214"/>
    <nd ref="7363363213"/>
    <nd ref="7363363212"/>
    <nd ref="7363363211"/>
    <nd ref="7363363209"/>
    <nd ref="7363363208"/>
    <nd ref="13608222864"/>
    <nd ref="7363363207"/>
    <nd ref="13608222863"/>
    <nd ref="7363363206"/>
    <nd ref="13608222862"/>
    <nd ref="7363363205"/>
    <nd ref="13608222861"/>
    <nd ref="7363363204"/>
    <nd ref="7363363203"/>
    <nd ref="7363363202"/>
    <nd ref="7363363201"/>
    <nd ref="7363363200"/>
    <nd ref="7363363199"/>
    <nd ref="7363363198"/>
    <nd ref="11883113189"/>
  </way>
  <way id="1231881376">
    <nd ref="3157846020"/>
    <nd ref="11425427215"/>
    <nd ref="11425427216"/>
    <nd ref="11425427217"/>
    <nd ref="11425427218"/>
    <nd ref="11425427219"/>
    <nd ref="11425427220"/>
    <nd ref="11425427221"/>
    <nd ref="11425427222"/>
    <nd ref="11425427223"/>
    <nd ref="11425427224"/>
    <nd ref="11425427225"/>
    <nd ref="11425427226"/>
  </way>
  <way id="1280104160">
    <nd ref="11425427226"/>
    <nd ref="11425427227"/>
    <nd ref="11425427228"/>
    <nd ref="9863927763"/>
  </way>
  <way id="1231881375">
    <nd ref="11425427229"/>
    <nd ref="9863927758"/>
    <nd ref="9863927759"/>
    <nd ref="9863927760"/>
    <nd ref="9863927756"/>
    <nd ref="9863927755"/>
    <nd ref="9863927754"/>
    <nd ref="9863927751"/>
    <nd ref="7363363324"/>
    <nd ref="9863927753"/>
    <nd ref="7363363323"/>
    <nd ref="9863927752"/>
    <nd ref="7363363322"/>
    <nd ref="9863927750"/>
    <nd ref="9863927749"/>
    <nd ref="7363363321"/>
    <nd ref="11425427240"/>
    <nd ref="9863927748"/>
    <nd ref="9863927747"/>
    <nd ref="9863927746"/>
    <nd ref="7363363320"/>
    <nd ref="7363363319"/>
    <nd ref="9863927744"/>
    <nd ref="9863927743"/>
    <nd ref="9863927742"/>
    <nd ref="7363363318"/>
    <nd ref="9863927745"/>
    <nd ref="7363363317"/>
    <nd ref="11425427241"/>
    <nd ref="11425427242"/>
    <nd ref="7363363316"/>
    <nd ref="7363363315"/>
    <nd ref="9863927741"/>
    <nd ref="9863927739"/>
    <nd ref="9863927740"/>
    <nd ref="11425427243"/>
    <nd ref="7363363314"/>
    <nd ref="7363363313"/>
    <nd ref="11425427244"/>
    <nd ref="7363363312"/>
    <nd ref="7363363309"/>
    <nd ref="9863927734"/>
    <nd ref="151019356"/>
  </way>
  <way id="1280104166">
    <nd ref="9863927763"/>
    <nd ref="11425427239"/>
    <nd ref="11425427238"/>
    <nd ref="11425427237"/>
    <nd ref="11425427236"/>
    <nd ref="11425427235"/>
    <nd ref="11425427234"/>
    <nd ref="11425427233"/>
    <nd ref="11425427232"/>
    <nd ref="11425427231"/>
    <nd ref="11425427230"/>
    <nd ref="11425427229"/>
  </way>
  <way id="1280104168">
    <nd ref="11883113292"/>
    <nd ref="11883113291"/>
    <nd ref="11883113290"/>
    <nd ref="11883113289"/>
    <nd ref="11883113288"/>
    <nd ref="11883113287"/>
    <nd ref="11883113286"/>
    <nd ref="11883113285"/>
    <nd ref="11883113284"/>
    <nd ref="11883113283"/>
    <nd ref="11883113282"/>
    <nd ref="11883113281"/>
    <nd ref="11883113280"/>
    <nd ref="11883113279"/>
    <nd ref="11883113278"/>
    <nd ref="11883113277"/>
    <nd ref="11883113276"/>
    <nd ref="11883113275"/>
    <nd ref="11883113274"/>
    <nd ref="11883113273"/>
    <nd ref="11883113272"/>
    <nd ref="11883113271"/>
    <nd ref="11883113270"/>
    <nd ref="11883113269"/>
    <nd ref="11883113268"/>
    <nd ref="11883113267"/>
    <nd ref="11883113266"/>
    <nd ref="11883113265"/>
    <nd ref="11883113264"/>
    <nd ref="11883113263"/>
    <nd ref="11883113262"/>
    <nd ref="11883113261"/>
    <nd ref="11883113260"/>
    <nd ref="11883113259"/>
    <nd ref="11883113258"/>
    <nd ref="11883113257"/>
    <nd ref="11883113256"/>
    <nd ref="11883113255"/>
    <nd ref="11883113254"/>
    <nd ref="11883113253"/>
    <nd ref="11883113252"/>
    <nd ref="11883113251"/>
    <nd ref="11883113250"/>
    <nd ref="11883113249"/>
    <nd ref="11883113248"/>
    <nd ref="11883113247"/>
    <nd ref="11883113246"/>
    <nd ref="11883113245"/>
    <nd ref="11883113244"/>
    <nd ref="11883113243"/>
    <nd ref="11883113242"/>
    <nd ref="11883113241"/>
    <nd ref="11883113240"/>
    <nd ref="11883113239"/>
    <nd ref="11883113238"/>
    <nd ref="11883113237"/>
    <nd ref="151019356"/>
  </way>
  <way id="1280104162">
    <nd ref="11883113189"/>
    <nd ref="7363363197"/>
    <nd ref="7363363196"/>
    <nd ref="11883113188"/>
    <nd ref="11883113187"/>
    <nd ref="7363363195"/>
    <nd ref="7363363194"/>
    <nd ref="7363363193"/>
    <nd ref="7363363192"/>
    <nd ref="11883113186"/>
    <nd ref="7363363191"/>
  </way>
  <way id="1437024076">
    <nd ref="7363363191"/>
    <nd ref="11883113300"/>
    <nd ref="11883113299"/>
    <nd ref="11883113298"/>
    <nd ref="11883113297"/>
    <nd ref="11883113296"/>
    <nd ref="11883113295"/>
    <nd ref="11883113294"/>
    <nd ref="11883113293"/>
    <nd ref="13207781129"/>
    <nd ref="11883113292"/>
  </way>
  <way id="1231881373">
    <nd ref="11425419468"/>
    <nd ref="11425419463"/>
    <nd ref="11425427181"/>
    <nd ref="11425427182"/>
    <nd ref="11425427183"/>
    <nd ref="11425427184"/>
    <nd ref="11425427185"/>
    <nd ref="11425427186"/>
    <nd ref="11425427187"/>
    <nd ref="11425427188"/>
    <nd ref="11425427189"/>
    <nd ref="11425427190"/>
    <nd ref="11425427191"/>
  </way>
  <way id="1459960222">
    <nd ref="7363556235"/>
    <nd ref="13389876969"/>
    <nd ref="7363556236"/>
    <nd ref="7363556237"/>
    <nd ref="7363556238"/>
    <nd ref="7363556239"/>
    <nd ref="13389876970"/>
    <nd ref="7363556240"/>
    <nd ref="7363556241"/>
    <nd ref="13389876971"/>
    <nd ref="7363556242"/>
    <nd ref="13389876972"/>
    <nd ref="7363556243"/>
    <nd ref="13389876973"/>
    <nd ref="13389876974"/>
    <nd ref="7363556244"/>
    <nd ref="13389876975"/>
    <nd ref="13389876976"/>
    <nd ref="13389876977"/>
    <nd ref="7363556245"/>
    <nd ref="7363556246"/>
    <nd ref="7363556247"/>
    <nd ref="7363556248"/>
    <nd ref="7363556249"/>
    <nd ref="3157848882"/>
    <nd ref="13389876978"/>
    <nd ref="3157848877"/>
    <nd ref="13389876979"/>
    <nd ref="13389876980"/>
    <nd ref="13389876981"/>
    <nd ref="3157848869"/>
  </way>
  <way id="1075532259">
    <nd ref="11425419468"/>
    <nd ref="9863927359"/>
    <nd ref="9863927358"/>
    <nd ref="9863927357"/>
    <nd ref="9863927356"/>
    <nd ref="9863927355"/>
    <nd ref="9863927354"/>
    <nd ref="9863927353"/>
    <nd ref="2285285139"/>
  </way>
  <way id="787541789">
    <nd ref="3157848869"/>
    <nd ref="2285285139"/>
  </way>
  <way id="1510465992">
    <nd ref="13389876889"/>
    <nd ref="7363556232"/>
    <nd ref="7363556235"/>
  </way>
  <way id="787560435">
    <nd ref="13392548537"/>
    <nd ref="7363556203"/>
    <nd ref="13392548536"/>
    <nd ref="7363556204"/>
    <nd ref="13392548535"/>
    <nd ref="13392548534"/>
    <nd ref="7363556205"/>
    <nd ref="13392548533"/>
    <nd ref="13392548532"/>
    <nd ref="13392548531"/>
    <nd ref="13392548530"/>
    <nd ref="13392548529"/>
    <nd ref="13392548528"/>
    <nd ref="7363556206"/>
    <nd ref="13392548527"/>
    <nd ref="13392548526"/>
    <nd ref="13392548525"/>
    <nd ref="7363556207"/>
    <nd ref="7363556208"/>
    <nd ref="13392548524"/>
    <nd ref="13392548523"/>
    <nd ref="13392548522"/>
    <nd ref="13392548521"/>
    <nd ref="7363556209"/>
    <nd ref="13392548520"/>
    <nd ref="13392548519"/>
    <nd ref="13392548518"/>
    <nd ref="7363556210"/>
    <nd ref="7363556212"/>
    <nd ref="7363556213"/>
    <nd ref="13392548517"/>
    <nd ref="7363556214"/>
    <nd ref="13392548516"/>
    <nd ref="13392548515"/>
    <nd ref="7363556215"/>
    <nd ref="13392548513"/>
    <nd ref="13392548514"/>
    <nd ref="13392548512"/>
    <nd ref="13392548511"/>
    <nd ref="13392548510"/>
    <nd ref="7363556216"/>
    <nd ref="13392548509"/>
    <nd ref="7363556217"/>
    <nd ref="13392548508"/>
  </way>
  <way id="1459960219">
    <nd ref="7363556224"/>
    <nd ref="7363556225"/>
    <nd ref="13389876893"/>
    <nd ref="13389876892"/>
    <nd ref="13389876891"/>
    <nd ref="7363556226"/>
    <nd ref="13389876890"/>
    <nd ref="7363556227"/>
    <nd ref="7363556228"/>
    <nd ref="7363556230"/>
    <nd ref="7363556231"/>
    <nd ref="13389876889"/>
  </way>
  <way id="1511912272">
    <nd ref="13392548508"/>
    <nd ref="7363556221"/>
    <nd ref="13392548507"/>
    <nd ref="13392548505"/>
    <nd ref="13392548506"/>
    <nd ref="13392548504"/>
    <nd ref="13392548503"/>
    <nd ref="13392548502"/>
    <nd ref="13392548501"/>
    <nd ref="13392548500"/>
    <nd ref="13389876884"/>
    <nd ref="7363556222"/>
    <nd ref="13389876885"/>
    <nd ref="7363556223"/>
    <nd ref="13389876886"/>
    <nd ref="13389876887"/>
    <nd ref="13389876888"/>
    <nd ref="7363556224"/>
  </way>
  <way id="1511912268">
    <nd ref="7363556196"/>
    <nd ref="7363556198"/>
    <nd ref="13392548548"/>
    <nd ref="7363556199"/>
    <nd ref="7363556200"/>
    <nd ref="13392548547"/>
    <nd ref="13392548546"/>
    <nd ref="13392548545"/>
    <nd ref="13392548544"/>
    <nd ref="13392548543"/>
    <nd ref="13392548542"/>
    <nd ref="7363556201"/>
    <nd ref="13392548541"/>
    <nd ref="13392548540"/>
    <nd ref="13392548539"/>
    <nd ref="7363556202"/>
    <nd ref="13392548538"/>
    <nd ref="13392548537"/>
  </way>
  <way id="1510466000">
    <nd ref="7363556186"/>
    <nd ref="13392548553"/>
    <nd ref="7363556187"/>
    <nd ref="13392548552"/>
    <nd ref="13392548551"/>
    <nd ref="7363556188"/>
    <nd ref="13392548550"/>
    <nd ref="7363556189"/>
    <nd ref="7363556190"/>
    <nd ref="7363556192"/>
    <nd ref="7363556193"/>
    <nd ref="13392548549"/>
    <nd ref="7363556196"/>
  </way>
  <way id="787560433">
    <nd ref="1470695898"/>
    <nd ref="13392548438"/>
    <nd ref="7363556116"/>
    <nd ref="7363556115"/>
    <nd ref="7363556114"/>
    <nd ref="13392548437"/>
    <nd ref="7363556113"/>
    <nd ref="7363556112"/>
    <nd ref="13392548436"/>
    <nd ref="7363556111"/>
    <nd ref="13392548435"/>
    <nd ref="13392548434"/>
    <nd ref="7363556110"/>
    <nd ref="7363556109"/>
    <nd ref="7363556108"/>
    <nd ref="7363556107"/>
    <nd ref="7363556106"/>
    <nd ref="7363556105"/>
    <nd ref="7363556104"/>
    <nd ref="7363556103"/>
    <nd ref="7363556101"/>
    <nd ref="7363556100"/>
    <nd ref="7363556099"/>
    <nd ref="7363556098"/>
    <nd ref="7363556097"/>
    <nd ref="7363556096"/>
    <nd ref="7363556095"/>
    <nd ref="7363556094"/>
    <nd ref="13392548433"/>
    <nd ref="13392548432"/>
    <nd ref="7363556093"/>
    <nd ref="13392548431"/>
    <nd ref="13392548430"/>
    <nd ref="7363556092"/>
    <nd ref="13392548429"/>
    <nd ref="7363556091"/>
    <nd ref="7363556090"/>
    <nd ref="7363556089"/>
    <nd ref="7363556087"/>
    <nd ref="7363556086"/>
    <nd ref="13392548428"/>
    <nd ref="7363556084"/>
    <nd ref="7363556082"/>
    <nd ref="7363556081"/>
    <nd ref="7363556080"/>
    <nd ref="7363556079"/>
    <nd ref="7363556078"/>
    <nd ref="7363556077"/>
    <nd ref="7363556076"/>
    <nd ref="7363556075"/>
    <nd ref="7363556073"/>
    <nd ref="13392548427"/>
  </way>
  <way id="1510466001">
    <nd ref="13392548558"/>
    <nd ref="13393022245"/>
    <nd ref="13807872918"/>
    <nd ref="7363556181"/>
    <nd ref="7363556182"/>
    <nd ref="7363556183"/>
    <nd ref="7363556184"/>
    <nd ref="13392548557"/>
    <nd ref="13392548556"/>
    <nd ref="7363556185"/>
    <nd ref="13392548555"/>
    <nd ref="13392548554"/>
    <nd ref="7363556186"/>
  </way>
  <way id="1460274346">
    <nd ref="7363556176"/>
    <nd ref="7363556177"/>
    <nd ref="7363556179"/>
    <nd ref="7363556180"/>
    <nd ref="13392548558"/>
  </way>
  <way id="1460218244">
    <nd ref="7363556169"/>
    <nd ref="7363556170"/>
    <nd ref="7363556172"/>
    <nd ref="7363556173"/>
    <nd ref="13392548570"/>
    <nd ref="13392548569"/>
    <nd ref="13392548568"/>
    <nd ref="7363556174"/>
    <nd ref="7363556175"/>
    <nd ref="13392548567"/>
    <nd ref="13392548566"/>
    <nd ref="13392548565"/>
    <nd ref="13392548564"/>
    <nd ref="13392548563"/>
    <nd ref="13392548562"/>
    <nd ref="13392548561"/>
    <nd ref="13392548560"/>
    <nd ref="13807872874"/>
  </way>
  <way id="1511503766">
    <nd ref="13814663300"/>
    <nd ref="7363556157"/>
    <nd ref="7363556160"/>
    <nd ref="7363556161"/>
    <nd ref="7363556163"/>
    <nd ref="7363556164"/>
    <nd ref="13392548577"/>
    <nd ref="13392548576"/>
    <nd ref="13392548575"/>
    <nd ref="7363556165"/>
    <nd ref="7363556166"/>
    <nd ref="7363556167"/>
  </way>
  <way id="1460259591">
    <nd ref="13392548559"/>
    <nd ref="7363556176"/>
  </way>
  <way id="1510466015">
    <nd ref="13807872874"/>
    <nd ref="13392548559"/>
  </way>
  <way id="1460218245">
    <nd ref="7363556167"/>
    <nd ref="7363556169"/>
  </way>
  <way id="1460218248">
    <nd ref="13392548593"/>
    <nd ref="13392548592"/>
    <nd ref="13392548591"/>
    <nd ref="7363556137"/>
    <nd ref="13392548589"/>
    <nd ref="13392548590"/>
    <nd ref="13392548588"/>
    <nd ref="7363556138"/>
    <nd ref="7363556139"/>
    <nd ref="13392548587"/>
    <nd ref="13392548586"/>
    <nd ref="7363556140"/>
    <nd ref="7363556141"/>
    <nd ref="7363556142"/>
    <nd ref="7363556143"/>
    <nd ref="13392548585"/>
    <nd ref="7363556144"/>
    <nd ref="13392548584"/>
    <nd ref="7363556145"/>
    <nd ref="7363556147"/>
    <nd ref="13392548583"/>
    <nd ref="7363556148"/>
    <nd ref="7363556149"/>
    <nd ref="13392548582"/>
    <nd ref="7363556150"/>
    <nd ref="13392548581"/>
    <nd ref="13392548580"/>
    <nd ref="7363556151"/>
    <nd ref="7363556152"/>
    <nd ref="7363556153"/>
    <nd ref="13392548579"/>
    <nd ref="7363556154"/>
    <nd ref="13392548578"/>
    <nd ref="7363556155"/>
    <nd ref="13814663300"/>
  </way>
  <way id="1460218249">
    <nd ref="1480924836"/>
    <nd ref="7363556122"/>
    <nd ref="7363556123"/>
    <nd ref="13392548597"/>
    <nd ref="7363556124"/>
    <nd ref="7363556125"/>
    <nd ref="7363556126"/>
    <nd ref="7363556127"/>
    <nd ref="7363556128"/>
    <nd ref="13392548596"/>
    <nd ref="7363556129"/>
    <nd ref="13392548595"/>
    <nd ref="7363556130"/>
    <nd ref="7363556133"/>
    <nd ref="7363556134"/>
    <nd ref="7363556135"/>
    <nd ref="7363556136"/>
    <nd ref="13392548594"/>
    <nd ref="13392548593"/>
  </way>
  <way id="1460218247">
    <nd ref="13392548601"/>
    <nd ref="7363556052"/>
    <nd ref="13392548600"/>
    <nd ref="13392548599"/>
    <nd ref="2285456910"/>
    <nd ref="7363556117"/>
    <nd ref="7363556118"/>
    <nd ref="7363556120"/>
    <nd ref="7363556121"/>
    <nd ref="2285456803"/>
    <nd ref="13392548598"/>
    <nd ref="2285456711"/>
    <nd ref="1480924836"/>
  </way>
  <way id="1460218246">
    <nd ref="13392548601"/>
    <nd ref="13392548574"/>
    <nd ref="13392548573"/>
    <nd ref="13392548572"/>
    <nd ref="13392548571"/>
    <nd ref="13392548602"/>
  </way>
  <way id="133614817">
    <nd ref="1470695898"/>
    <nd ref="13392548615"/>
    <nd ref="7363556027"/>
    <nd ref="7363556029"/>
    <nd ref="13392548614"/>
    <nd ref="7363556030"/>
    <nd ref="7363556031"/>
    <nd ref="7363556032"/>
    <nd ref="13392548613"/>
    <nd ref="7363556033"/>
    <nd ref="13392548612"/>
    <nd ref="13392548611"/>
    <nd ref="7363556034"/>
    <nd ref="13392548610"/>
    <nd ref="7363556035"/>
    <nd ref="7363556036"/>
    <nd ref="13392548609"/>
    <nd ref="7363556037"/>
    <nd ref="7363556038"/>
    <nd ref="7363556039"/>
    <nd ref="13392548608"/>
    <nd ref="7363556040"/>
    <nd ref="7363556041"/>
    <nd ref="13392548607"/>
    <nd ref="13392548606"/>
    <nd ref="13392548605"/>
    <nd ref="7363556042"/>
    <nd ref="7363556043"/>
    <nd ref="7363556044"/>
    <nd ref="7363556045"/>
    <nd ref="7363556046"/>
    <nd ref="13392548604"/>
    <nd ref="7363556047"/>
    <nd ref="13392548603"/>
    <nd ref="7363556048"/>
    <nd ref="7363556049"/>
    <nd ref="13392548602"/>
  </way>
  <way id="787560432">
    <nd ref="7363556067"/>
    <nd ref="13392548413"/>
    <nd ref="13392548414"/>
    <nd ref="7363556068"/>
    <nd ref="13392548415"/>
    <nd ref="13392548416"/>
    <nd ref="13392548417"/>
    <nd ref="13392548418"/>
    <nd ref="7363556069"/>
    <nd ref="13392548419"/>
    <nd ref="13392548420"/>
    <nd ref="7363556070"/>
    <nd ref="13392548421"/>
    <nd ref="151019799"/>
    <nd ref="13392548422"/>
    <nd ref="13392548423"/>
    <nd ref="13814663260"/>
    <nd ref="13392548424"/>
    <nd ref="13392548425"/>
    <nd ref="13392548426"/>
    <nd ref="13392548427"/>
  </way>
  <way id="1484170936">
    <nd ref="7363556067"/>
    <nd ref="13608529865"/>
    <nd ref="13608529866"/>
    <nd ref="13608529867"/>
    <nd ref="13608529868"/>
    <nd ref="13608529869"/>
    <nd ref="13608529870"/>
    <nd ref="13608529871"/>
    <nd ref="13608529872"/>
    <nd ref="13608529873"/>
    <nd ref="13608529874"/>
    <nd ref="13608529875"/>
    <nd ref="13608529876"/>
    <nd ref="13608529877"/>
    <nd ref="13608529878"/>
    <nd ref="13608529879"/>
    <nd ref="13608529880"/>
    <nd ref="13608529881"/>
    <nd ref="13608529882"/>
    <nd ref="13608529883"/>
    <nd ref="13608529884"/>
    <nd ref="13608529885"/>
    <nd ref="1470695959"/>
  </way>
  <way id="1511503762">
    <nd ref="1470695959"/>
    <nd ref="13608529886"/>
    <nd ref="13608529887"/>
    <nd ref="13608529888"/>
    <nd ref="13608529889"/>
    <nd ref="13608529890"/>
    <nd ref="13608529891"/>
    <nd ref="13608529892"/>
    <nd ref="13608529893"/>
    <nd ref="13608529894"/>
    <nd ref="13608529895"/>
    <nd ref="13608529896"/>
    <nd ref="13608529897"/>
    <nd ref="13608529898"/>
    <nd ref="13608529899"/>
    <nd ref="13608529900"/>
    <nd ref="13608529901"/>
    <nd ref="13608529902"/>
    <nd ref="13608529903"/>
    <nd ref="13608529904"/>
    <nd ref="13608529905"/>
    <nd ref="13608529906"/>
    <nd ref="13608529907"/>
    <nd ref="13608529908"/>
    <nd ref="13608529909"/>
    <nd ref="13608529910"/>
    <nd ref="13608529911"/>
    <nd ref="13608529912"/>
    <nd ref="13608529913"/>
    <nd ref="13608529914"/>
    <nd ref="13608529915"/>
    <nd ref="13608529916"/>
    <nd ref="13608529917"/>
    <nd ref="13608529918"/>
    <nd ref="13608529919"/>
    <nd ref="13608529920"/>
    <nd ref="13608529921"/>
    <nd ref="13608529922"/>
    <nd ref="13608529923"/>
    <nd ref="13608529924"/>
    <nd ref="13608529925"/>
    <nd ref="13608529926"/>
    <nd ref="13608529927"/>
    <nd ref="13608529928"/>
    <nd ref="13608529929"/>
    <nd ref="13608529930"/>
    <nd ref="13608529931"/>
    <nd ref="13608529932"/>
    <nd ref="13608529933"/>
    <nd ref="13608529934"/>
    <nd ref="13608529935"/>
    <nd ref="13608529936"/>
    <nd ref="13608529937"/>
    <nd ref="13608529938"/>
    <nd ref="13608529939"/>
    <nd ref="13814663258"/>
  </way>
  <way id="1517167376">
    <nd ref="13814663258"/>
    <nd ref="13608529940"/>
    <nd ref="13608529941"/>
    <nd ref="13608529942"/>
    <nd ref="13608529943"/>
    <nd ref="13608529944"/>
    <nd ref="13608529945"/>
    <nd ref="13608529946"/>
    <nd ref="13608529947"/>
    <nd ref="13608529948"/>
    <nd ref="13608529949"/>
    <nd ref="13608529950"/>
    <nd ref="13608529951"/>
    <nd ref="13608529952"/>
    <nd ref="13608529953"/>
    <nd ref="13608529954"/>
    <nd ref="13608529955"/>
    <nd ref="13608529956"/>
    <nd ref="13608529957"/>
    <nd ref="13608529958"/>
    <nd ref="13608529959"/>
    <nd ref="13608529960"/>
    <nd ref="13608529961"/>
    <nd ref="13608529962"/>
    <nd ref="13608529963"/>
    <nd ref="13608529964"/>
    <nd ref="13608529965"/>
    <nd ref="13608529966"/>
    <nd ref="13608529967"/>
    <nd ref="13608529968"/>
    <nd ref="13608529969"/>
    <nd ref="13608529970"/>
    <nd ref="13608529971"/>
    <nd ref="13608529972"/>
    <nd ref="13608529973"/>
    <nd ref="13608529975"/>
    <nd ref="13608529974"/>
    <nd ref="13608529976"/>
    <nd ref="13608529977"/>
    <nd ref="13608529978"/>
    <nd ref="13608529979"/>
    <nd ref="13608529980"/>
    <nd ref="13608529981"/>
    <nd ref="13608529982"/>
    <nd ref="13608529983"/>
    <nd ref="13608529984"/>
    <nd ref="13608529985"/>
    <nd ref="13608529986"/>
    <nd ref="13850121599"/>
    <nd ref="13608529987"/>
  </way>
  <way id="1517167393">
    <nd ref="13608529987"/>
    <nd ref="13608529988"/>
    <nd ref="13608529989"/>
    <nd ref="13608529990"/>
    <nd ref="13608529991"/>
    <nd ref="13608529992"/>
    <nd ref="13608529993"/>
    <nd ref="13608529994"/>
    <nd ref="13608529995"/>
    <nd ref="13608529996"/>
    <nd ref="13608529997"/>
    <nd ref="13608529998"/>
    <nd ref="13608529999"/>
    <nd ref="13608530000"/>
    <nd ref="13608530001"/>
    <nd ref="13608530002"/>
    <nd ref="13608530003"/>
    <nd ref="13608530004"/>
    <nd ref="13608530005"/>
    <nd ref="13608530006"/>
    <nd ref="13608530007"/>
    <nd ref="13608530008"/>
    <nd ref="13608530009"/>
    <nd ref="13608530010"/>
    <nd ref="13608530011"/>
    <nd ref="13608530012"/>
    <nd ref="13608530013"/>
    <nd ref="13608530014"/>
    <nd ref="13608530015"/>
    <nd ref="13608530016"/>
    <nd ref="13608530017"/>
    <nd ref="13608530018"/>
    <nd ref="13608530019"/>
    <nd ref="13608530020"/>
    <nd ref="13608530021"/>
    <nd ref="13608530022"/>
    <nd ref="13608530023"/>
  </way>
  <way id="1516994922">
    <nd ref="13608530023"/>
    <nd ref="13608530024"/>
    <nd ref="13608530025"/>
    <nd ref="13608530026"/>
    <nd ref="13608530027"/>
    <nd ref="13608530028"/>
    <nd ref="13608530029"/>
    <nd ref="13608530030"/>
    <nd ref="13608530031"/>
    <nd ref="13608530032"/>
    <nd ref="13608530033"/>
    <nd ref="13608530034"/>
    <nd ref="13608530035"/>
    <nd ref="13608530036"/>
    <nd ref="13608530037"/>
    <nd ref="13608530038"/>
    <nd ref="13608530039"/>
    <nd ref="13608530040"/>
    <nd ref="13608530041"/>
    <nd ref="13608530042"/>
    <nd ref="13608530043"/>
    <nd ref="13608530044"/>
    <nd ref="13608530045"/>
    <nd ref="13608530046"/>
    <nd ref="13608530047"/>
    <nd ref="13608530048"/>
    <nd ref="13608530049"/>
    <nd ref="13608530050"/>
    <nd ref="13608530051"/>
    <nd ref="13608530052"/>
    <nd ref="13608530053"/>
    <nd ref="13608530054"/>
    <nd ref="13608530055"/>
    <nd ref="13608530056"/>
    <nd ref="13608530057"/>
    <nd ref="13608530058"/>
    <nd ref="13608530059"/>
    <nd ref="13608530060"/>
    <nd ref="13608530061"/>
    <nd ref="13608530062"/>
    <nd ref="13608530063"/>
    <nd ref="13608530064"/>
    <nd ref="13608530065"/>
    <nd ref="13608530066"/>
    <nd ref="13849041360"/>
  </way>
  <way id="1516994926">
    <nd ref="13849041360"/>
    <nd ref="13608530067"/>
    <nd ref="13608530068"/>
    <nd ref="13608530069"/>
    <nd ref="13608530070"/>
    <nd ref="13608530071"/>
    <nd ref="13608530072"/>
    <nd ref="13608530073"/>
    <nd ref="13608530074"/>
    <nd ref="13608530075"/>
    <nd ref="13608530076"/>
    <nd ref="13608530077"/>
    <nd ref="13608530078"/>
    <nd ref="13608530079"/>
    <nd ref="13608530080"/>
    <nd ref="13608530081"/>
    <nd ref="13608530082"/>
    <nd ref="13608530083"/>
    <nd ref="13608530084"/>
    <nd ref="13608530085"/>
    <nd ref="13608530086"/>
    <nd ref="13608530087"/>
    <nd ref="13608530088"/>
    <nd ref="13608530089"/>
    <nd ref="13608530090"/>
    <nd ref="13608530091"/>
    <nd ref="13608530092"/>
    <nd ref="13608530093"/>
    <nd ref="13608530094"/>
    <nd ref="13608530095"/>
    <nd ref="13608530096"/>
    <nd ref="13608530097"/>
    <nd ref="13608530098"/>
    <nd ref="13608530099"/>
    <nd ref="13608530100"/>
    <nd ref="13608530101"/>
    <nd ref="13608530102"/>
    <nd ref="13608530103"/>
    <nd ref="13608530104"/>
    <nd ref="13608530106"/>
    <nd ref="13608530105"/>
    <nd ref="13608530107"/>
    <nd ref="13608530108"/>
    <nd ref="13608530109"/>
    <nd ref="13608530110"/>
    <nd ref="13608530111"/>
    <nd ref="13608530112"/>
    <nd ref="13608530113"/>
    <nd ref="13608530114"/>
    <nd ref="13608530115"/>
    <nd ref="13608530116"/>
    <nd ref="13608530117"/>
    <nd ref="13608530118"/>
    <nd ref="13608530119"/>
    <nd ref="13608530120"/>
    <nd ref="13608530121"/>
    <nd ref="13608530122"/>
    <nd ref="13608530123"/>
    <nd ref="13608530124"/>
    <nd ref="13608530125"/>
    <nd ref="13608530126"/>
    <nd ref="13608530127"/>
    <nd ref="13608530128"/>
    <nd ref="13608530129"/>
    <nd ref="13608530130"/>
    <nd ref="13608530131"/>
    <nd ref="13608530132"/>
    <nd ref="13608530133"/>
  </way>
  <way id="1517167355">
    <nd ref="13608530133"/>
    <nd ref="13608530135"/>
    <nd ref="13608530134"/>
    <nd ref="13608530136"/>
    <nd ref="13608530137"/>
    <nd ref="13608530138"/>
    <nd ref="13608530139"/>
    <nd ref="13608530140"/>
    <nd ref="13608530141"/>
    <nd ref="13608530142"/>
    <nd ref="13608530143"/>
    <nd ref="13608530144"/>
    <nd ref="13608530145"/>
    <nd ref="13608530146"/>
    <nd ref="13608530147"/>
    <nd ref="13608530148"/>
    <nd ref="13608530149"/>
    <nd ref="13608530152"/>
  </way>
  <way id="1517167368">
    <nd ref="13608530152"/>
    <nd ref="13608530150"/>
    <nd ref="13608530151"/>
    <nd ref="13608530153"/>
    <nd ref="13608530154"/>
    <nd ref="13608530155"/>
    <nd ref="13608530156"/>
    <nd ref="13608530157"/>
    <nd ref="13608530158"/>
    <nd ref="13608530159"/>
    <nd ref="13608530160"/>
    <nd ref="13608530161"/>
    <nd ref="13608530162"/>
    <nd ref="13608530163"/>
    <nd ref="13608530164"/>
    <nd ref="13608530165"/>
    <nd ref="13608530166"/>
    <nd ref="13608530167"/>
    <nd ref="13608530168"/>
    <nd ref="13608530169"/>
    <nd ref="13608530170"/>
    <nd ref="13608530171"/>
    <nd ref="13608530172"/>
    <nd ref="13608530173"/>
    <nd ref="13608530174"/>
    <nd ref="13608530175"/>
    <nd ref="13608530176"/>
    <nd ref="13608530177"/>
    <nd ref="13608530179"/>
    <nd ref="13608530178"/>
    <nd ref="13608530180"/>
    <nd ref="13608530181"/>
    <nd ref="13608530182"/>
    <nd ref="13608530183"/>
    <nd ref="13608530184"/>
    <nd ref="13608530185"/>
    <nd ref="13608530186"/>
    <nd ref="13608530187"/>
    <nd ref="13608530188"/>
    <nd ref="13608530192"/>
    <nd ref="13608530189"/>
    <nd ref="13608530190"/>
    <nd ref="13608530191"/>
    <nd ref="13608530193"/>
    <nd ref="13608530194"/>
    <nd ref="13608530195"/>
    <nd ref="13608530196"/>
    <nd ref="13608530197"/>
    <nd ref="13608530198"/>
    <nd ref="13608530199"/>
    <nd ref="13608530200"/>
    <nd ref="13608530201"/>
    <nd ref="13608530202"/>
    <nd ref="13608530203"/>
    <nd ref="13608530204"/>
    <nd ref="13608530205"/>
    <nd ref="13608530206"/>
    <nd ref="13608530207"/>
    <nd ref="13608530208"/>
    <nd ref="13608530209"/>
    <nd ref="13608530210"/>
    <nd ref="13608530211"/>
    <nd ref="13608530212"/>
    <nd ref="13608530213"/>
  </way>
  <way id="1484170937">
    <nd ref="13608530247"/>
    <nd ref="13608530248"/>
    <nd ref="13608530249"/>
    <nd ref="13608530250"/>
    <nd ref="13608530251"/>
    <nd ref="13608530252"/>
    <nd ref="13608530253"/>
    <nd ref="13608530254"/>
    <nd ref="13608530255"/>
    <nd ref="13608530256"/>
    <nd ref="13608530257"/>
    <nd ref="13608530258"/>
    <nd ref="13608530259"/>
    <nd ref="13608530260"/>
    <nd ref="13608530261"/>
    <nd ref="13608530262"/>
    <nd ref="13608530263"/>
    <nd ref="13608530264"/>
    <nd ref="13608530265"/>
    <nd ref="13608530266"/>
    <nd ref="13608530267"/>
    <nd ref="13608530268"/>
    <nd ref="13608530270"/>
    <nd ref="13608530271"/>
    <nd ref="13608530272"/>
    <nd ref="13608530273"/>
    <nd ref="13608530274"/>
    <nd ref="13608530275"/>
    <nd ref="13608530276"/>
    <nd ref="13608530277"/>
    <nd ref="13608530278"/>
    <nd ref="13608530279"/>
    <nd ref="13608530280"/>
    <nd ref="13608530281"/>
    <nd ref="13608530282"/>
    <nd ref="13608530283"/>
    <nd ref="13608530284"/>
    <nd ref="13608530285"/>
    <nd ref="13608530286"/>
    <nd ref="13608530269"/>
    <nd ref="13608530287"/>
    <nd ref="13608530288"/>
    <nd ref="13608530289"/>
    <nd ref="13608530290"/>
    <nd ref="13608530291"/>
    <nd ref="13608530292"/>
    <nd ref="13608530293"/>
    <nd ref="13608530294"/>
    <nd ref="13608530295"/>
    <nd ref="13608530296"/>
    <nd ref="13608530297"/>
    <nd ref="13608530298"/>
    <nd ref="13608530299"/>
    <nd ref="13608530300"/>
    <nd ref="13608530301"/>
    <nd ref="13608530302"/>
    <nd ref="13608530304"/>
    <nd ref="13608530305"/>
    <nd ref="13608530306"/>
    <nd ref="13608530307"/>
    <nd ref="13608530308"/>
    <nd ref="13608530309"/>
    <nd ref="13608530310"/>
    <nd ref="13608530311"/>
    <nd ref="13608530312"/>
    <nd ref="13608530313"/>
    <nd ref="13608530314"/>
    <nd ref="13608530315"/>
    <nd ref="13608530316"/>
    <nd ref="13608530317"/>
    <nd ref="13608530318"/>
    <nd ref="13608530319"/>
    <nd ref="13608530320"/>
    <nd ref="13608530321"/>
    <nd ref="13608530322"/>
    <nd ref="13608530323"/>
    <nd ref="13608530324"/>
    <nd ref="13608530325"/>
    <nd ref="13608530326"/>
    <nd ref="13608530327"/>
    <nd ref="13608530328"/>
    <nd ref="13608530329"/>
    <nd ref="13608530330"/>
    <nd ref="13608530331"/>
    <nd ref="13608530332"/>
    <nd ref="13608530333"/>
    <nd ref="13608530334"/>
    <nd ref="13608530335"/>
    <nd ref="13608530336"/>
    <nd ref="13608530337"/>
    <nd ref="13608530338"/>
    <nd ref="13608530339"/>
    <nd ref="13608530340"/>
    <nd ref="13608530341"/>
    <nd ref="13608530342"/>
    <nd ref="13608530346"/>
    <nd ref="13608530343"/>
    <nd ref="13608530344"/>
    <nd ref="13608530345"/>
    <nd ref="13608530347"/>
    <nd ref="13608530348"/>
    <nd ref="13608530349"/>
    <nd ref="13608530350"/>
    <nd ref="13608530352"/>
    <nd ref="13608530351"/>
    <nd ref="13608530353"/>
    <nd ref="13608530354"/>
    <nd ref="13608530355"/>
    <nd ref="13608530356"/>
    <nd ref="13608530357"/>
    <nd ref="13608530358"/>
    <nd ref="13608530359"/>
    <nd ref="13608530360"/>
    <nd ref="13608530361"/>
    <nd ref="13608530362"/>
    <nd ref="13608530363"/>
    <nd ref="13608530364"/>
    <nd ref="13608530365"/>
    <nd ref="13608530366"/>
    <nd ref="13608530367"/>
    <nd ref="13608530368"/>
    <nd ref="13608530369"/>
    <nd ref="13608530370"/>
    <nd ref="13608530371"/>
    <nd ref="13608530372"/>
  </way>
  <way id="1517167369">
    <nd ref="13608530213"/>
    <nd ref="13608530214"/>
    <nd ref="13608530215"/>
    <nd ref="13608530216"/>
    <nd ref="13608530217"/>
    <nd ref="13608530218"/>
    <nd ref="13608530219"/>
    <nd ref="13608530220"/>
    <nd ref="13608530221"/>
    <nd ref="13608530222"/>
    <nd ref="13608530223"/>
    <nd ref="13608530224"/>
    <nd ref="13608530225"/>
    <nd ref="13608530226"/>
    <nd ref="13608530227"/>
    <nd ref="13608530228"/>
    <nd ref="13608530229"/>
    <nd ref="13608530230"/>
    <nd ref="13608530231"/>
    <nd ref="13608530232"/>
    <nd ref="13608530233"/>
    <nd ref="13608530234"/>
    <nd ref="13608530235"/>
    <nd ref="13608530236"/>
    <nd ref="13608530237"/>
    <nd ref="13608530238"/>
    <nd ref="13608530239"/>
    <nd ref="13608530240"/>
    <nd ref="13608530241"/>
    <nd ref="13608530303"/>
    <nd ref="13608530242"/>
    <nd ref="13608530243"/>
    <nd ref="13608530244"/>
    <nd ref="13608530245"/>
    <nd ref="13608530246"/>
    <nd ref="13608530247"/>
  </way>
  <way id="1516994978">
    <nd ref="13608530372"/>
    <nd ref="13608530373"/>
    <nd ref="13608530374"/>
    <nd ref="13608530375"/>
    <nd ref="13608530377"/>
    <nd ref="13608530376"/>
    <nd ref="13608530378"/>
    <nd ref="13608530379"/>
    <nd ref="13608530380"/>
    <nd ref="13608530381"/>
    <nd ref="13608530382"/>
    <nd ref="13608530383"/>
    <nd ref="13608530384"/>
    <nd ref="13608530385"/>
    <nd ref="13608530386"/>
    <nd ref="13608530387"/>
    <nd ref="13608529102"/>
    <nd ref="13608529101"/>
    <nd ref="13825069821"/>
  </way>
  <way id="1513099036">
    <nd ref="11896483241"/>
    <nd ref="13825069822"/>
  </way>
  <way id="1513099035">
    <nd ref="13825069821"/>
    <nd ref="13608517300"/>
    <nd ref="11896483241"/>
  </way>
  <way id="1513099038">
    <nd ref="13825069822"/>
    <nd ref="13825069823"/>
    <nd ref="13825069824"/>
    <nd ref="13825069825"/>
    <nd ref="13825069826"/>
    <nd ref="13825069827"/>
    <nd ref="13825069828"/>
    <nd ref="13825069829"/>
    <nd ref="13825069830"/>
    <nd ref="13825069831"/>
    <nd ref="13825069832"/>
    <nd ref="13825069833"/>
    <nd ref="13825069834"/>
    <nd ref="13825069835"/>
    <nd ref="13825069836"/>
    <nd ref="13825069837"/>
    <nd ref="13825069839"/>
    <nd ref="13825069838"/>
    <nd ref="13825069840"/>
    <nd ref="13825069841"/>
    <nd ref="13825069842"/>
    <nd ref="13825069843"/>
    <nd ref="13825069844"/>
    <nd ref="13825069845"/>
  </way>
  <way id="1513099033">
    <nd ref="13825069845"/>
    <nd ref="13825069846"/>
    <nd ref="13825069847"/>
    <nd ref="13825069848"/>
    <nd ref="13825069849"/>
    <nd ref="13825069850"/>
    <nd ref="13825069851"/>
    <nd ref="13825069852"/>
    <nd ref="13825069853"/>
    <nd ref="13825069854"/>
    <nd ref="13825069855"/>
    <nd ref="13825069856"/>
    <nd ref="13825069857"/>
    <nd ref="13825069858"/>
    <nd ref="13825069859"/>
    <nd ref="13825069860"/>
    <nd ref="13825069861"/>
    <nd ref="13825069862"/>
    <nd ref="13825069863"/>
    <nd ref="13825051251"/>
  </way>
  <way id="787834157">
    <nd ref="1480085637"/>
    <nd ref="1480085635"/>
    <nd ref="7365636883"/>
    <nd ref="7365636882"/>
    <nd ref="7365636881"/>
    <nd ref="7365636880"/>
    <nd ref="7365636879"/>
    <nd ref="7365636878"/>
    <nd ref="7365636877"/>
    <nd ref="7365636876"/>
    <nd ref="7365636875"/>
    <nd ref="7365636874"/>
    <nd ref="7365636873"/>
    <nd ref="7365636872"/>
    <nd ref="7365636871"/>
    <nd ref="7365636870"/>
    <nd ref="7365636869"/>
    <nd ref="7365636868"/>
    <nd ref="7365636867"/>
    <nd ref="1480085712"/>
  </way>
  <way id="1469812396">
    <nd ref="1480085619"/>
    <nd ref="1480085622"/>
    <nd ref="13479341638"/>
  </way>
  <way id="1469812394">
    <nd ref="13479341638"/>
    <nd ref="1480085627"/>
    <nd ref="1480085628"/>
    <nd ref="1480085629"/>
    <nd ref="1480085630"/>
    <nd ref="1480085637"/>
  </way>
  <way id="1277843604">
    <nd ref="7365635741"/>
    <nd ref="11862414796"/>
    <nd ref="11862414795"/>
    <nd ref="11862414794"/>
    <nd ref="7365635740"/>
    <nd ref="11862414793"/>
    <nd ref="11862414792"/>
    <nd ref="11862414791"/>
    <nd ref="11862414790"/>
    <nd ref="11862414789"/>
    <nd ref="11862414788"/>
    <nd ref="11862414787"/>
    <nd ref="11862414786"/>
    <nd ref="11862414785"/>
    <nd ref="7365635739"/>
    <nd ref="7365635738"/>
    <nd ref="11862414784"/>
    <nd ref="11862414783"/>
    <nd ref="7365635737"/>
    <nd ref="7365635736"/>
    <nd ref="11862414782"/>
    <nd ref="11862414781"/>
    <nd ref="11862414780"/>
    <nd ref="11862414779"/>
    <nd ref="11862414778"/>
    <nd ref="11862414777"/>
    <nd ref="11862414776"/>
    <nd ref="11862414775"/>
    <nd ref="11862414774"/>
    <nd ref="7365635735"/>
    <nd ref="7365635734"/>
    <nd ref="7365635733"/>
    <nd ref="7365635730"/>
    <nd ref="7365635729"/>
    <nd ref="7365635728"/>
    <nd ref="11862414773"/>
    <nd ref="7365635721"/>
  </way>
  <way id="787834132">
    <nd ref="1480085712"/>
    <nd ref="11863014473"/>
    <nd ref="7365635774"/>
    <nd ref="7365635772"/>
    <nd ref="7365635770"/>
    <nd ref="7365635769"/>
    <nd ref="7365635768"/>
    <nd ref="11863014472"/>
    <nd ref="11863014471"/>
    <nd ref="11863014470"/>
    <nd ref="7365635767"/>
    <nd ref="11863014469"/>
    <nd ref="11863009967"/>
    <nd ref="11863009968"/>
    <nd ref="7365635766"/>
    <nd ref="7365635765"/>
    <nd ref="7365635764"/>
    <nd ref="7365635762"/>
    <nd ref="7365635761"/>
    <nd ref="7365635760"/>
    <nd ref="7365635759"/>
    <nd ref="7365635758"/>
    <nd ref="7365635757"/>
    <nd ref="7365635756"/>
    <nd ref="7365635755"/>
    <nd ref="11863009966"/>
    <nd ref="7365635754"/>
    <nd ref="7365635753"/>
    <nd ref="11863009965"/>
    <nd ref="7365635752"/>
    <nd ref="7365635751"/>
    <nd ref="7365635750"/>
    <nd ref="11863009964"/>
    <nd ref="11863009963"/>
    <nd ref="7365635749"/>
    <nd ref="7365635748"/>
    <nd ref="7365635747"/>
    <nd ref="7365635746"/>
    <nd ref="7365635745"/>
    <nd ref="11863009962"/>
    <nd ref="7365635744"/>
    <nd ref="7365635743"/>
    <nd ref="11863009961"/>
    <nd ref="7365635742"/>
    <nd ref="7365635741"/>
  </way>
  <way id="1277843603">
    <nd ref="7365635721"/>
    <nd ref="11862407456"/>
    <nd ref="11862407455"/>
    <nd ref="11862407454"/>
    <nd ref="11862407453"/>
    <nd ref="11862407452"/>
    <nd ref="11862407451"/>
    <nd ref="11862407450"/>
    <nd ref="11862407398"/>
    <nd ref="11862407445"/>
    <nd ref="11862407449"/>
    <nd ref="11862407448"/>
    <nd ref="11862407447"/>
    <nd ref="11862407446"/>
    <nd ref="11862407444"/>
    <nd ref="11862407443"/>
    <nd ref="11862407442"/>
    <nd ref="11862407441"/>
    <nd ref="11862407440"/>
    <nd ref="11862407439"/>
    <nd ref="11862407438"/>
    <nd ref="11862407437"/>
    <nd ref="11862407436"/>
    <nd ref="11862407435"/>
    <nd ref="11862407434"/>
    <nd ref="11862407433"/>
    <nd ref="11862407432"/>
    <nd ref="11862407431"/>
    <nd ref="11862407430"/>
    <nd ref="11862407429"/>
    <nd ref="11862407428"/>
    <nd ref="11862407427"/>
    <nd ref="11862407426"/>
    <nd ref="11862407425"/>
    <nd ref="11862407424"/>
    <nd ref="11862407423"/>
    <nd ref="11862407422"/>
    <nd ref="11862407421"/>
    <nd ref="11862407420"/>
    <nd ref="11862407419"/>
    <nd ref="11862407418"/>
    <nd ref="11862407405"/>
    <nd ref="11862407417"/>
    <nd ref="11862407416"/>
    <nd ref="11862407415"/>
    <nd ref="11862407414"/>
    <nd ref="11862407413"/>
    <nd ref="11862407412"/>
    <nd ref="11862407411"/>
    <nd ref="11862407410"/>
    <nd ref="11862407409"/>
    <nd ref="11862407408"/>
    <nd ref="11862407407"/>
    <nd ref="11862407406"/>
    <nd ref="11862407403"/>
    <nd ref="11862407404"/>
    <nd ref="11862407402"/>
    <nd ref="11862407401"/>
    <nd ref="11862407400"/>
    <nd ref="11862407399"/>
    <nd ref="11862407394"/>
    <nd ref="11862407397"/>
    <nd ref="11862407396"/>
    <nd ref="11862407395"/>
    <nd ref="11862407393"/>
    <nd ref="11862407392"/>
    <nd ref="11862407391"/>
    <nd ref="11862407390"/>
    <nd ref="11862407389"/>
    <nd ref="11862407388"/>
    <nd ref="11862407387"/>
    <nd ref="11862407386"/>
    <nd ref="11862407383"/>
    <nd ref="11862407385"/>
    <nd ref="11862407384"/>
    <nd ref="11862407382"/>
    <nd ref="11862407381"/>
    <nd ref="11862407380"/>
    <nd ref="11862407379"/>
    <nd ref="11862407378"/>
    <nd ref="11862407377"/>
    <nd ref="11862407376"/>
    <nd ref="11862407375"/>
    <nd ref="11862407374"/>
    <nd ref="11862407373"/>
    <nd ref="11862407372"/>
    <nd ref="11862407371"/>
    <nd ref="11862407370"/>
    <nd ref="11862407369"/>
    <nd ref="11862405968"/>
    <nd ref="11862405967"/>
    <nd ref="11862405966"/>
    <nd ref="11862405965"/>
    <nd ref="11862405964"/>
    <nd ref="11862405963"/>
    <nd ref="11862405962"/>
    <nd ref="11862405961"/>
    <nd ref="11862405957"/>
    <nd ref="11862405960"/>
    <nd ref="11862405959"/>
    <nd ref="11862405958"/>
    <nd ref="11862405956"/>
    <nd ref="11862405955"/>
    <nd ref="11862405954"/>
    <nd ref="11862405953"/>
    <nd ref="11862405952"/>
    <nd ref="11862405951"/>
    <nd ref="11862405950"/>
    <nd ref="11862405949"/>
    <nd ref="11862405948"/>
    <nd ref="11862382816"/>
    <nd ref="7365635720"/>
  </way>
  <way id="787834128">
    <nd ref="11860859406"/>
    <nd ref="7365618883"/>
    <nd ref="7365618882"/>
    <nd ref="7365618881"/>
    <nd ref="7365618880"/>
    <nd ref="7365618879"/>
    <nd ref="11860859405"/>
    <nd ref="7365618875"/>
    <nd ref="11860859404"/>
    <nd ref="11860859403"/>
    <nd ref="11860859402"/>
    <nd ref="11860859401"/>
    <nd ref="11860859400"/>
    <nd ref="11860859399"/>
    <nd ref="11860859398"/>
    <nd ref="11860859397"/>
    <nd ref="11860859396"/>
    <nd ref="11860859395"/>
    <nd ref="11860859394"/>
    <nd ref="11860859393"/>
    <nd ref="11860859392"/>
    <nd ref="11860859391"/>
    <nd ref="11860859390"/>
    <nd ref="11860859389"/>
    <nd ref="11860859388"/>
    <nd ref="11860859387"/>
    <nd ref="11860859386"/>
    <nd ref="11860859385"/>
    <nd ref="11860859384"/>
    <nd ref="11860859383"/>
    <nd ref="7365618874"/>
    <nd ref="11860859382"/>
    <nd ref="11860859381"/>
    <nd ref="11860859379"/>
    <nd ref="11860859380"/>
    <nd ref="11860859378"/>
    <nd ref="11860771468"/>
    <nd ref="960388602"/>
  </way>
  <way id="1277672124">
    <nd ref="973618770"/>
    <nd ref="11862382790"/>
    <nd ref="11862382791"/>
    <nd ref="11862382792"/>
    <nd ref="11862382793"/>
    <nd ref="11862382794"/>
    <nd ref="11862382795"/>
    <nd ref="11862382796"/>
    <nd ref="11862382797"/>
    <nd ref="11862382798"/>
    <nd ref="11862382799"/>
    <nd ref="11862382800"/>
    <nd ref="11862382801"/>
    <nd ref="11862382802"/>
    <nd ref="11862382803"/>
    <nd ref="11862382804"/>
    <nd ref="11862382805"/>
    <nd ref="11862382806"/>
    <nd ref="11862382807"/>
    <nd ref="11862382808"/>
    <nd ref="11862382809"/>
    <nd ref="11862382810"/>
    <nd ref="7365635689"/>
    <nd ref="7365635688"/>
    <nd ref="7365635687"/>
    <nd ref="7365635686"/>
    <nd ref="7365635685"/>
    <nd ref="7365618884"/>
    <nd ref="11860859408"/>
    <nd ref="11860859407"/>
    <nd ref="11860859406"/>
  </way>
  <way id="1277837859">
    <nd ref="7365635720"/>
    <nd ref="11862382779"/>
    <nd ref="11862382780"/>
    <nd ref="11862382781"/>
    <nd ref="11862382782"/>
    <nd ref="11862382783"/>
    <nd ref="11862382784"/>
    <nd ref="11862382785"/>
    <nd ref="11862382786"/>
    <nd ref="11862382787"/>
    <nd ref="11862382788"/>
    <nd ref="11862382789"/>
    <nd ref="973618770"/>
  </way>
  <way id="1246011001">
    <nd ref="11418392110"/>
    <nd ref="11418392111"/>
    <nd ref="11418392112"/>
    <nd ref="11418392113"/>
    <nd ref="13894645832"/>
  </way>
  <way id="1524441979">
    <nd ref="11418392110"/>
    <nd ref="13894645836"/>
    <nd ref="11583826331"/>
    <nd ref="13894645834"/>
    <nd ref="13894645835"/>
    <nd ref="11583826332"/>
    <nd ref="11583826333"/>
    <nd ref="13894645837"/>
    <nd ref="13894645841"/>
    <nd ref="13894645840"/>
    <nd ref="11589069238"/>
  </way>
  <way id="1524441982">
    <nd ref="11589069238"/>
    <nd ref="13894645842"/>
    <nd ref="13894645843"/>
    <nd ref="13894645850"/>
    <nd ref="11589069258"/>
  </way>
  <way id="1280323535">
    <nd ref="11589069259"/>
    <nd ref="11589069261"/>
    <nd ref="13894645845"/>
    <nd ref="11589069262"/>
  </way>
  <way id="1524441981">
    <nd ref="11589069258"/>
    <nd ref="13894645844"/>
    <nd ref="11589069259"/>
  </way>
  <way id="1246981090">
    <nd ref="11589787140"/>
    <nd ref="7365636272"/>
    <nd ref="7365636271"/>
    <nd ref="11589787139"/>
    <nd ref="11589787138"/>
    <nd ref="11589787137"/>
    <nd ref="11589787136"/>
    <nd ref="7365636270"/>
    <nd ref="11589787135"/>
    <nd ref="7365636269"/>
    <nd ref="7365636268"/>
    <nd ref="11589125119"/>
    <nd ref="11589125118"/>
    <nd ref="7365636267"/>
    <nd ref="11589125117"/>
    <nd ref="11589125116"/>
    <nd ref="11589125114"/>
    <nd ref="11589125115"/>
    <nd ref="7365636266"/>
    <nd ref="11589125113"/>
    <nd ref="7365636265"/>
    <nd ref="11589125112"/>
    <nd ref="11589125111"/>
    <nd ref="7365636264"/>
    <nd ref="11589125110"/>
    <nd ref="11589125109"/>
    <nd ref="7365636263"/>
    <nd ref="11589125108"/>
    <nd ref="7365636262"/>
    <nd ref="11589664214"/>
    <nd ref="11589664213"/>
    <nd ref="11589664212"/>
    <nd ref="11589664211"/>
    <nd ref="7365636261"/>
    <nd ref="11589664210"/>
    <nd ref="7365636260"/>
    <nd ref="11589664209"/>
    <nd ref="11589664208"/>
    <nd ref="11589664207"/>
    <nd ref="7365636259"/>
    <nd ref="11589664206"/>
    <nd ref="11589664205"/>
    <nd ref="11589664204"/>
    <nd ref="7365636258"/>
    <nd ref="7365636257"/>
    <nd ref="7365636256"/>
    <nd ref="7365636255"/>
    <nd ref="11589664203"/>
    <nd ref="7365636254"/>
    <nd ref="7365636253"/>
    <nd ref="11589664202"/>
    <nd ref="7365636252"/>
    <nd ref="11589646680"/>
    <nd ref="7365636244"/>
    <nd ref="7365636243"/>
    <nd ref="11589646674"/>
    <nd ref="11589646673"/>
    <nd ref="11589646672"/>
    <nd ref="11589646671"/>
    <nd ref="7365636242"/>
    <nd ref="11589646670"/>
    <nd ref="11589646669"/>
    <nd ref="7365636240"/>
    <nd ref="9175906084"/>
  </way>
  <way id="1246468049">
    <nd ref="11589069262"/>
    <nd ref="13894645848"/>
    <nd ref="11589069263"/>
    <nd ref="11589881517"/>
    <nd ref="11589881519"/>
    <nd ref="13894645846"/>
    <nd ref="13894645847"/>
    <nd ref="13894645849"/>
    <nd ref="11589881520"/>
  </way>
  <way id="1246716811">
    <nd ref="11589881520"/>
    <nd ref="11589881522"/>
    <nd ref="11589856738"/>
  </way>
  <way id="1246700916">
    <nd ref="11589856738"/>
    <nd ref="11589856743"/>
    <nd ref="11589856744"/>
    <nd ref="11589856746"/>
    <nd ref="11589856748"/>
    <nd ref="11589856749"/>
    <nd ref="9175906084"/>
  </way>
  <way id="1224937863">
    <nd ref="11359743501"/>
    <nd ref="11359743503"/>
    <nd ref="11359743504"/>
    <nd ref="11359743505"/>
    <nd ref="11359743507"/>
    <nd ref="11359743512"/>
    <nd ref="11359743521"/>
    <nd ref="13894645763"/>
    <nd ref="11359743522"/>
    <nd ref="11359743523"/>
    <nd ref="11359743524"/>
    <nd ref="11359743525"/>
    <nd ref="11359743530"/>
  </way>
  <way id="1524441972">
    <nd ref="11409554346"/>
    <nd ref="11409554347"/>
    <nd ref="11409554348"/>
    <nd ref="11409554349"/>
    <nd ref="11409554350"/>
    <nd ref="11409554351"/>
    <nd ref="11409554352"/>
    <nd ref="11409554353"/>
    <nd ref="13894645785"/>
    <nd ref="13894645786"/>
    <nd ref="13894645787"/>
    <nd ref="11359743553"/>
  </way>
  <way id="1524441970">
    <nd ref="13894645767"/>
    <nd ref="11409554338"/>
    <nd ref="11409554339"/>
    <nd ref="11409554340"/>
    <nd ref="11409554341"/>
    <nd ref="11409554342"/>
  </way>
  <way id="1524441968">
    <nd ref="11409554342"/>
    <nd ref="11409554343"/>
    <nd ref="13894645781"/>
    <nd ref="11409554345"/>
    <nd ref="13894645782"/>
    <nd ref="13894645783"/>
    <nd ref="13894645784"/>
    <nd ref="11409554346"/>
  </way>
  <way id="1524441969">
    <nd ref="13894645767"/>
    <nd ref="13894645765"/>
    <nd ref="13894645766"/>
    <nd ref="13894645764"/>
    <nd ref="11359598100"/>
    <nd ref="11359743547"/>
  </way>
  <way id="1524441975">
    <nd ref="11359743530"/>
    <nd ref="11359743547"/>
  </way>
  <way id="1524441964">
    <nd ref="13894645750"/>
    <nd ref="13894645749"/>
    <nd ref="13894645748"/>
    <nd ref="13894645747"/>
    <nd ref="13894645746"/>
    <nd ref="13894645745"/>
    <nd ref="13894645744"/>
    <nd ref="13894645743"/>
    <nd ref="13894645742"/>
    <nd ref="13894645741"/>
    <nd ref="13894645740"/>
    <nd ref="13894645739"/>
    <nd ref="13894645738"/>
    <nd ref="13894645737"/>
    <nd ref="13894645736"/>
    <nd ref="13894645735"/>
    <nd ref="13894645734"/>
    <nd ref="13894645733"/>
    <nd ref="13894645732"/>
    <nd ref="13894645731"/>
    <nd ref="13894645730"/>
    <nd ref="13894645729"/>
    <nd ref="13894645728"/>
    <nd ref="13894645727"/>
    <nd ref="13894645726"/>
    <nd ref="13894645725"/>
    <nd ref="13894645724"/>
    <nd ref="13894645723"/>
    <nd ref="13894645722"/>
    <nd ref="13894645721"/>
    <nd ref="13894645720"/>
    <nd ref="13894645719"/>
    <nd ref="13894645718"/>
    <nd ref="13894645717"/>
    <nd ref="13894645716"/>
    <nd ref="13894645715"/>
    <nd ref="13894645713"/>
    <nd ref="13894645714"/>
  </way>
  <way id="1524441965">
    <nd ref="11359743501"/>
    <nd ref="13894645762"/>
    <nd ref="7364523597"/>
    <nd ref="7364523598"/>
    <nd ref="7364523600"/>
    <nd ref="11359596346"/>
    <nd ref="11359596332"/>
    <nd ref="11359596333"/>
  </way>
  <way id="1524441967">
    <nd ref="11359596333"/>
    <nd ref="13894645761"/>
    <nd ref="13894645760"/>
    <nd ref="13894645759"/>
    <nd ref="13894645758"/>
    <nd ref="13894645757"/>
    <nd ref="13894645756"/>
    <nd ref="13894645755"/>
    <nd ref="13894645754"/>
    <nd ref="13894645753"/>
    <nd ref="13894645752"/>
    <nd ref="13894645751"/>
    <nd ref="13894645750"/>
  </way>
  <way id="968613380">
    <nd ref="7364523639"/>
    <nd ref="13894644799"/>
    <nd ref="13894644798"/>
    <nd ref="11356866880"/>
    <nd ref="11356866881"/>
    <nd ref="13894644797"/>
    <nd ref="13894644796"/>
    <nd ref="13894644795"/>
    <nd ref="11356866894"/>
  </way>
  <way id="1280350751">
    <nd ref="11885984219"/>
    <nd ref="13894644793"/>
    <nd ref="13894644792"/>
    <nd ref="7364523656"/>
    <nd ref="13894644791"/>
    <nd ref="7364523657"/>
    <nd ref="7364523658"/>
    <nd ref="7364523660"/>
    <nd ref="7364523661"/>
    <nd ref="11884773509"/>
    <nd ref="13894644790"/>
    <nd ref="7364523662"/>
    <nd ref="13894644789"/>
    <nd ref="7364523663"/>
    <nd ref="13894644788"/>
    <nd ref="7364523665"/>
    <nd ref="7364523667"/>
    <nd ref="11884773510"/>
    <nd ref="11884773511"/>
    <nd ref="11884773513"/>
    <nd ref="7364523668"/>
    <nd ref="7364523669"/>
    <nd ref="11884773514"/>
    <nd ref="7364523670"/>
  </way>
  <way id="1525060339">
    <nd ref="11356866894"/>
    <nd ref="13894644794"/>
    <nd ref="11885984219"/>
  </way>
  <way id="1225760926">
    <nd ref="7364523636"/>
    <nd ref="13894644800"/>
    <nd ref="7364523638"/>
    <nd ref="7364523639"/>
  </way>
  <way id="1225067517">
    <nd ref="13894645714"/>
    <nd ref="13894645712"/>
    <nd ref="13894645711"/>
    <nd ref="13894645710"/>
    <nd ref="13894645709"/>
    <nd ref="13894645708"/>
    <nd ref="13894645707"/>
    <nd ref="13894645706"/>
    <nd ref="13894645705"/>
    <nd ref="13894645704"/>
    <nd ref="13894645703"/>
    <nd ref="11356866830"/>
    <nd ref="13894645702"/>
    <nd ref="13894645701"/>
    <nd ref="11356866833"/>
    <nd ref="11356866831"/>
    <nd ref="11356866832"/>
    <nd ref="11356866834"/>
    <nd ref="7364523636"/>
  </way>
  <way id="1524441976">
    <nd ref="13894645791"/>
    <nd ref="13894645792"/>
    <nd ref="13894645793"/>
    <nd ref="13894645794"/>
    <nd ref="13894645795"/>
    <nd ref="13894645796"/>
    <nd ref="13894645797"/>
    <nd ref="13894645798"/>
    <nd ref="13894645799"/>
    <nd ref="13894645800"/>
    <nd ref="13894645801"/>
    <nd ref="13894645802"/>
    <nd ref="13894645803"/>
    <nd ref="13894645804"/>
    <nd ref="13894645805"/>
    <nd ref="13894645806"/>
    <nd ref="13894645807"/>
    <nd ref="13894645808"/>
    <nd ref="13894645809"/>
    <nd ref="13894645810"/>
    <nd ref="13894645811"/>
    <nd ref="13894645812"/>
    <nd ref="13894645813"/>
    <nd ref="13894645814"/>
    <nd ref="13894645815"/>
    <nd ref="13894645816"/>
    <nd ref="13894645817"/>
    <nd ref="13894645818"/>
    <nd ref="13894645819"/>
    <nd ref="13894645822"/>
    <nd ref="13894645820"/>
    <nd ref="13894645821"/>
    <nd ref="13894645823"/>
    <nd ref="13894645824"/>
    <nd ref="13894645825"/>
    <nd ref="13894645826"/>
    <nd ref="13894645827"/>
    <nd ref="13894645828"/>
    <nd ref="13894645829"/>
    <nd ref="11406400978"/>
  </way>
  <way id="1524441973">
    <nd ref="1481322305"/>
    <nd ref="11359743556"/>
  </way>
  <way id="1224937865">
    <nd ref="11359743556"/>
    <nd ref="13894645789"/>
    <nd ref="13894645788"/>
    <nd ref="11359743555"/>
    <nd ref="11359743554"/>
    <nd ref="11359743553"/>
  </way>
  <way id="1524441977">
    <nd ref="13894645791"/>
    <nd ref="7365636212"/>
    <nd ref="11406400919"/>
    <nd ref="7365636214"/>
    <nd ref="7365636215"/>
    <nd ref="7365636216"/>
    <nd ref="11406400920"/>
    <nd ref="11406400921"/>
    <nd ref="11406400922"/>
    <nd ref="13894645790"/>
    <nd ref="11406400924"/>
    <nd ref="11406400925"/>
    <nd ref="7365636217"/>
    <nd ref="11406400926"/>
    <nd ref="11406400927"/>
    <nd ref="11406400928"/>
    <nd ref="11406400929"/>
    <nd ref="1481322305"/>
  </way>
  <way id="1524441978">
    <nd ref="13894645832"/>
    <nd ref="13894645831"/>
    <nd ref="13894645830"/>
    <nd ref="13894645833"/>
    <nd ref="11406400978"/>
  </way>
  <way id="1246986335">
    <nd ref="7365636293"/>
    <nd ref="13914257504"/>
    <nd ref="13914257503"/>
    <nd ref="13914257502"/>
    <nd ref="11589827795"/>
    <nd ref="7365636292"/>
    <nd ref="11589827792"/>
    <nd ref="11589827790"/>
    <nd ref="7365636291"/>
    <nd ref="13914257501"/>
    <nd ref="11589827787"/>
    <nd ref="11589827786"/>
    <nd ref="11589827785"/>
    <nd ref="7365636290"/>
    <nd ref="11589827784"/>
    <nd ref="11589827783"/>
    <nd ref="11589827782"/>
    <nd ref="11589827781"/>
    <nd ref="11589827780"/>
    <nd ref="7365636289"/>
    <nd ref="11589827777"/>
    <nd ref="11589827778"/>
    <nd ref="11589827779"/>
    <nd ref="11589827776"/>
    <nd ref="11589827775"/>
    <nd ref="11589827774"/>
    <nd ref="11589827773"/>
    <nd ref="7365636288"/>
    <nd ref="11589827772"/>
    <nd ref="11589827771"/>
    <nd ref="11589827770"/>
    <nd ref="7365636287"/>
    <nd ref="11589827769"/>
    <nd ref="11589787168"/>
    <nd ref="7365636286"/>
    <nd ref="11589787167"/>
    <nd ref="11589787166"/>
    <nd ref="11589787165"/>
    <nd ref="11589787164"/>
    <nd ref="11589787163"/>
    <nd ref="7365636285"/>
    <nd ref="7365636284"/>
    <nd ref="11589787162"/>
    <nd ref="7365636283"/>
    <nd ref="11589787161"/>
    <nd ref="11589787160"/>
    <nd ref="11589787159"/>
    <nd ref="7365636282"/>
    <nd ref="11589787158"/>
    <nd ref="11589787157"/>
    <nd ref="7365636281"/>
    <nd ref="11589787156"/>
    <nd ref="7365636280"/>
    <nd ref="7365636279"/>
    <nd ref="7365636278"/>
    <nd ref="11589787155"/>
    <nd ref="11589787154"/>
    <nd ref="11589787153"/>
    <nd ref="11589787152"/>
    <nd ref="7365636277"/>
    <nd ref="11589787151"/>
    <nd ref="11589787150"/>
    <nd ref="7365636276"/>
    <nd ref="11589787149"/>
    <nd ref="11589787148"/>
    <nd ref="7365636275"/>
    <nd ref="11589787147"/>
    <nd ref="11589787146"/>
    <nd ref="7365636274"/>
    <nd ref="7365636273"/>
    <nd ref="11589787145"/>
    <nd ref="11589787142"/>
    <nd ref="11589787144"/>
    <nd ref="11589787143"/>
    <nd ref="11589787141"/>
    <nd ref="11589787140"/>
  </way>
  <way id="787834135">
    <nd ref="7365636306"/>
    <nd ref="13914257528"/>
    <nd ref="13914257527"/>
    <nd ref="13914257526"/>
    <nd ref="13914257525"/>
    <nd ref="13914257524"/>
    <nd ref="13914257523"/>
    <nd ref="13914257522"/>
    <nd ref="13914257521"/>
    <nd ref="13914257520"/>
    <nd ref="13914257519"/>
    <nd ref="13914257518"/>
    <nd ref="7365636304"/>
    <nd ref="13914257517"/>
    <nd ref="13914257516"/>
    <nd ref="7365636303"/>
    <nd ref="7365636302"/>
    <nd ref="11589827826"/>
    <nd ref="13914257515"/>
    <nd ref="11589827825"/>
    <nd ref="13914257514"/>
    <nd ref="7365636301"/>
    <nd ref="13914257513"/>
    <nd ref="7365636300"/>
    <nd ref="7365636299"/>
    <nd ref="11589827820"/>
    <nd ref="11589827819"/>
    <nd ref="11589827817"/>
    <nd ref="13914257512"/>
    <nd ref="11589827816"/>
    <nd ref="13914257511"/>
    <nd ref="11589827815"/>
    <nd ref="7365636298"/>
    <nd ref="11589827814"/>
    <nd ref="13914257510"/>
    <nd ref="13914257509"/>
    <nd ref="7365636297"/>
    <nd ref="7365636296"/>
    <nd ref="13914257508"/>
    <nd ref="13914257507"/>
    <nd ref="11589827812"/>
    <nd ref="11589827808"/>
    <nd ref="11589827807"/>
    <nd ref="13914257506"/>
    <nd ref="11589827806"/>
    <nd ref="13914257505"/>
    <nd ref="11589827805"/>
    <nd ref="11589827804"/>
    <nd ref="7365636294"/>
    <nd ref="11589827803"/>
    <nd ref="11589827802"/>
    <nd ref="11589827800"/>
    <nd ref="7365636293"/>
  </way>
  <way id="1275501449">
    <nd ref="11589853983"/>
    <nd ref="7365636326"/>
    <nd ref="7365636325"/>
    <nd ref="7365636324"/>
    <nd ref="7365636323"/>
    <nd ref="7365636320"/>
    <nd ref="11589853982"/>
    <nd ref="7365636319"/>
    <nd ref="13914257550"/>
    <nd ref="11589853981"/>
    <nd ref="7365636318"/>
    <nd ref="13914257549"/>
    <nd ref="11589853979"/>
    <nd ref="11589853978"/>
    <nd ref="13914257548"/>
    <nd ref="7365636317"/>
    <nd ref="11589853977"/>
    <nd ref="13914257547"/>
    <nd ref="7365636315"/>
    <nd ref="7365636314"/>
    <nd ref="11589756061"/>
    <nd ref="11589756060"/>
    <nd ref="11589756059"/>
    <nd ref="13914257546"/>
    <nd ref="13914257545"/>
    <nd ref="13914257544"/>
    <nd ref="7365636313"/>
    <nd ref="7365636309"/>
    <nd ref="13914257543"/>
    <nd ref="13914257542"/>
    <nd ref="13914257541"/>
    <nd ref="13914257540"/>
    <nd ref="13914257539"/>
    <nd ref="13914257538"/>
    <nd ref="13914257537"/>
    <nd ref="13914257536"/>
    <nd ref="13914257535"/>
    <nd ref="13914257534"/>
    <nd ref="13914257533"/>
    <nd ref="7365636308"/>
    <nd ref="11589756058"/>
    <nd ref="13914257532"/>
    <nd ref="13914257531"/>
    <nd ref="13914257530"/>
    <nd ref="13914257529"/>
    <nd ref="7365636306"/>
  </way>
  <way id="1275513148">
    <nd ref="11843280034"/>
    <nd ref="13914257582"/>
    <nd ref="13914257583"/>
    <nd ref="13914257581"/>
    <nd ref="13914257580"/>
    <nd ref="13914257579"/>
    <nd ref="13914257578"/>
    <nd ref="13914257577"/>
    <nd ref="13914257576"/>
    <nd ref="13914257575"/>
    <nd ref="13914257574"/>
    <nd ref="13914257568"/>
    <nd ref="13914257569"/>
    <nd ref="13914257570"/>
    <nd ref="13914257567"/>
    <nd ref="13914257573"/>
    <nd ref="13914257572"/>
    <nd ref="13914257571"/>
    <nd ref="13914257566"/>
    <nd ref="1364275704"/>
    <nd ref="13914257564"/>
    <nd ref="13914257565"/>
    <nd ref="1481365077"/>
  </way>
  <way id="1275518777">
    <nd ref="7365636024"/>
    <nd ref="11874971597"/>
    <nd ref="13914257584"/>
    <nd ref="11843280066"/>
    <nd ref="11843312576"/>
    <nd ref="11843280059"/>
    <nd ref="11843280058"/>
    <nd ref="11843280055"/>
    <nd ref="11843280056"/>
    <nd ref="11843280057"/>
    <nd ref="11843280047"/>
    <nd ref="11843280046"/>
    <nd ref="11843280045"/>
    <nd ref="11843280042"/>
    <nd ref="11843280027"/>
  </way>
  <way id="1247002816">
    <nd ref="7365636334"/>
    <nd ref="13914257563"/>
    <nd ref="7365636333"/>
    <nd ref="13914257560"/>
    <nd ref="13914257561"/>
    <nd ref="13914257562"/>
    <nd ref="13914257559"/>
    <nd ref="11589856203"/>
    <nd ref="13914257558"/>
    <nd ref="13914257557"/>
    <nd ref="13914257556"/>
    <nd ref="7365636332"/>
    <nd ref="7365636331"/>
    <nd ref="11589856201"/>
    <nd ref="11589856200"/>
    <nd ref="11589856199"/>
    <nd ref="7365636330"/>
    <nd ref="11589856198"/>
    <nd ref="11589856195"/>
    <nd ref="7365636329"/>
    <nd ref="11589856194"/>
    <nd ref="7365636328"/>
    <nd ref="11589856193"/>
    <nd ref="11589856192"/>
    <nd ref="11589856191"/>
    <nd ref="11589856190"/>
    <nd ref="11589856189"/>
    <nd ref="11589856188"/>
    <nd ref="11589856187"/>
    <nd ref="11589856186"/>
    <nd ref="11589856180"/>
    <nd ref="7365636327"/>
    <nd ref="11589856177"/>
    <nd ref="11589856176"/>
    <nd ref="11589856174"/>
    <nd ref="13914257551"/>
    <nd ref="13914257555"/>
    <nd ref="13914257552"/>
    <nd ref="13914257553"/>
    <nd ref="13914257554"/>
    <nd ref="11589853983"/>
  </way>
  <way id="1247009031">
    <nd ref="1481365077"/>
    <nd ref="7365636335"/>
    <nd ref="7365636334"/>
  </way>
  <way id="1279191982">
    <nd ref="11843280027"/>
    <nd ref="11843280034"/>
  </way>
  <way id="1276349232">
    <nd ref="11843471494"/>
    <nd ref="13914257589"/>
    <nd ref="13914257588"/>
    <nd ref="11843471490"/>
    <nd ref="11843471489"/>
    <nd ref="13914257587"/>
    <nd ref="13914257586"/>
    <nd ref="13914257585"/>
    <nd ref="11843471479"/>
    <nd ref="7365636014"/>
    <nd ref="11843471478"/>
    <nd ref="7365636015"/>
    <nd ref="7365636016"/>
    <nd ref="11843471475"/>
    <nd ref="11843471474"/>
    <nd ref="11843471473"/>
    <nd ref="7365636017"/>
    <nd ref="11843471472"/>
    <nd ref="11843471471"/>
    <nd ref="11843471470"/>
    <nd ref="11843471469"/>
    <nd ref="7365636018"/>
    <nd ref="7365636021"/>
  </way>
  <way id="1279180314">
    <nd ref="7365636007"/>
    <nd ref="13914257607"/>
    <nd ref="7365636008"/>
    <nd ref="13914257590"/>
    <nd ref="13914257591"/>
    <nd ref="13914257605"/>
    <nd ref="13914257604"/>
    <nd ref="13914257603"/>
    <nd ref="13914257602"/>
    <nd ref="13914257601"/>
    <nd ref="13914257600"/>
    <nd ref="13914257599"/>
    <nd ref="13914257598"/>
    <nd ref="13914257596"/>
    <nd ref="13914257595"/>
    <nd ref="13914257597"/>
    <nd ref="13914257594"/>
    <nd ref="13914257593"/>
    <nd ref="13914257592"/>
    <nd ref="11843471494"/>
  </way>
  <way id="1275540046">
    <nd ref="11843502639"/>
    <nd ref="13914257624"/>
    <nd ref="7365635981"/>
    <nd ref="7365635982"/>
    <nd ref="7365635983"/>
    <nd ref="11843502635"/>
    <nd ref="7365635984"/>
    <nd ref="11843502633"/>
    <nd ref="13914257623"/>
    <nd ref="11843502632"/>
    <nd ref="7365635985"/>
    <nd ref="11843502631"/>
    <nd ref="11843502627"/>
    <nd ref="7365635987"/>
    <nd ref="11843502626"/>
    <nd ref="7365635988"/>
    <nd ref="13914257622"/>
    <nd ref="13914257621"/>
    <nd ref="11843471506"/>
    <nd ref="13914257620"/>
    <nd ref="7365635989"/>
    <nd ref="13914257619"/>
    <nd ref="13914257618"/>
    <nd ref="13914257617"/>
    <nd ref="11843471505"/>
    <nd ref="11843471504"/>
    <nd ref="7365635990"/>
    <nd ref="11843471502"/>
    <nd ref="11843471501"/>
    <nd ref="11843471500"/>
    <nd ref="7365635991"/>
    <nd ref="13914257616"/>
    <nd ref="7365635992"/>
    <nd ref="7365635993"/>
    <nd ref="7365635994"/>
    <nd ref="13914257615"/>
    <nd ref="7365635995"/>
    <nd ref="13914257614"/>
    <nd ref="7365635996"/>
    <nd ref="13914257613"/>
    <nd ref="7365635997"/>
    <nd ref="11843471498"/>
    <nd ref="13919909664"/>
    <nd ref="13919909663"/>
    <nd ref="7365635998"/>
    <nd ref="11843471496"/>
    <nd ref="7365636000"/>
    <nd ref="13914257612"/>
    <nd ref="13914257611"/>
    <nd ref="7365636005"/>
  </way>
  <way id="1279187113">
    <nd ref="7365636021"/>
    <nd ref="11843356726"/>
    <nd ref="7365636022"/>
    <nd ref="7365636023"/>
    <nd ref="7365636024"/>
  </way>
  <way id="1276349233">
    <nd ref="7365636005"/>
    <nd ref="13914257610"/>
    <nd ref="13914257609"/>
    <nd ref="13919909662"/>
    <nd ref="13914257608"/>
    <nd ref="7365636007"/>
  </way>
  <way id="787834131">
    <nd ref="11849815263"/>
    <nd ref="13919909686"/>
    <nd ref="11846409424"/>
    <nd ref="11846409423"/>
    <nd ref="7365635943"/>
    <nd ref="11846409422"/>
    <nd ref="7365635945"/>
    <nd ref="7365635946"/>
    <nd ref="7365635947"/>
    <nd ref="11846409415"/>
    <nd ref="7365635948"/>
    <nd ref="11846409414"/>
    <nd ref="7365635949"/>
    <nd ref="7365635950"/>
    <nd ref="11846409411"/>
    <nd ref="11846409410"/>
    <nd ref="7365635952"/>
    <nd ref="13919909685"/>
    <nd ref="11846409409"/>
    <nd ref="7365635953"/>
    <nd ref="11846409408"/>
    <nd ref="11846409406"/>
    <nd ref="11846409400"/>
    <nd ref="7365635954"/>
    <nd ref="11843505395"/>
    <nd ref="11843505388"/>
    <nd ref="11843505387"/>
    <nd ref="11843505378"/>
    <nd ref="11843505376"/>
    <nd ref="11843505375"/>
    <nd ref="11843505374"/>
    <nd ref="11843505373"/>
    <nd ref="11843505372"/>
    <nd ref="11843502668"/>
    <nd ref="13919909684"/>
    <nd ref="13919909683"/>
    <nd ref="13919909682"/>
    <nd ref="7365635964"/>
    <nd ref="11843502662"/>
  </way>
  <way id="1275540047">
    <nd ref="11843502662"/>
    <nd ref="7365635966"/>
    <nd ref="7365635968"/>
    <nd ref="13919909681"/>
    <nd ref="11843502660"/>
    <nd ref="11843502659"/>
    <nd ref="11843502658"/>
    <nd ref="11843502657"/>
    <nd ref="13919909680"/>
    <nd ref="13919909679"/>
    <nd ref="11843502656"/>
    <nd ref="13919909678"/>
    <nd ref="11843502652"/>
    <nd ref="13919909677"/>
    <nd ref="7365635970"/>
    <nd ref="11843502649"/>
    <nd ref="13919909675"/>
    <nd ref="13919909676"/>
    <nd ref="11843502644"/>
    <nd ref="13919909674"/>
    <nd ref="13919909673"/>
    <nd ref="7365635973"/>
    <nd ref="7365635974"/>
    <nd ref="13919909672"/>
    <nd ref="13919909671"/>
    <nd ref="13919909670"/>
    <nd ref="13919909669"/>
    <nd ref="13919909668"/>
    <nd ref="13919909667"/>
    <nd ref="7365635976"/>
    <nd ref="13919909666"/>
    <nd ref="13919909665"/>
    <nd ref="7365635978"/>
    <nd ref="13914257625"/>
    <nd ref="7365635979"/>
    <nd ref="11843502639"/>
  </way>
  <way id="787834129">
    <nd ref="11851311607"/>
    <nd ref="11851311606"/>
    <nd ref="11851311605"/>
    <nd ref="11851311604"/>
    <nd ref="11851311603"/>
    <nd ref="11851311602"/>
    <nd ref="11851311601"/>
    <nd ref="11851311600"/>
    <nd ref="11851311599"/>
    <nd ref="7365635799"/>
    <nd ref="11851311598"/>
    <nd ref="11851311597"/>
    <nd ref="11851311596"/>
    <nd ref="11851311595"/>
    <nd ref="11851311594"/>
    <nd ref="11851311593"/>
    <nd ref="11851311592"/>
    <nd ref="11851311591"/>
    <nd ref="11851311590"/>
    <nd ref="11851311589"/>
    <nd ref="11851311588"/>
    <nd ref="11851311587"/>
    <nd ref="11851311586"/>
    <nd ref="11851311585"/>
    <nd ref="11851311584"/>
    <nd ref="11851311583"/>
    <nd ref="11851311582"/>
    <nd ref="11851311581"/>
    <nd ref="11851311580"/>
    <nd ref="11851311579"/>
    <nd ref="11851311576"/>
    <nd ref="11851311578"/>
    <nd ref="11851311577"/>
    <nd ref="11851311575"/>
    <nd ref="11851311571"/>
    <nd ref="11851311574"/>
    <nd ref="11851311573"/>
    <nd ref="11851311572"/>
    <nd ref="11851311570"/>
    <nd ref="7365635802"/>
    <nd ref="7365635805"/>
    <nd ref="11851311569"/>
    <nd ref="11851286768"/>
    <nd ref="11851286767"/>
    <nd ref="11851286766"/>
    <nd ref="11851286765"/>
    <nd ref="11851286764"/>
    <nd ref="11851286763"/>
    <nd ref="11851286762"/>
    <nd ref="11851286761"/>
    <nd ref="11851286760"/>
    <nd ref="7365635806"/>
    <nd ref="11851286759"/>
    <nd ref="11851286758"/>
    <nd ref="7365635807"/>
    <nd ref="7365635808"/>
    <nd ref="7365635809"/>
    <nd ref="7365635810"/>
    <nd ref="7365635811"/>
    <nd ref="7365635816"/>
    <nd ref="11851286757"/>
    <nd ref="11851286756"/>
    <nd ref="7365635817"/>
    <nd ref="11851286755"/>
    <nd ref="11851286754"/>
    <nd ref="7365635818"/>
    <nd ref="11851286753"/>
    <nd ref="11851286752"/>
    <nd ref="7365635819"/>
    <nd ref="11851286751"/>
    <nd ref="7365635820"/>
    <nd ref="7365635821"/>
    <nd ref="7365635823"/>
    <nd ref="11851286750"/>
    <nd ref="11851286749"/>
    <nd ref="11851286748"/>
    <nd ref="11851286747"/>
    <nd ref="11851286746"/>
    <nd ref="11851286745"/>
    <nd ref="11851286744"/>
    <nd ref="11851286743"/>
    <nd ref="11851400948"/>
    <nd ref="11851286742"/>
    <nd ref="7365635830"/>
  </way>
  <way id="1275959932">
    <nd ref="7365635930"/>
    <nd ref="13919909691"/>
    <nd ref="13919909690"/>
    <nd ref="11846409439"/>
    <nd ref="11846409438"/>
    <nd ref="7365635931"/>
    <nd ref="11846409437"/>
    <nd ref="7365635932"/>
    <nd ref="11846409435"/>
    <nd ref="11846409434"/>
    <nd ref="11846409433"/>
    <nd ref="7365635933"/>
    <nd ref="11846409432"/>
    <nd ref="11846409430"/>
    <nd ref="7365635934"/>
    <nd ref="7365635936"/>
    <nd ref="7365635937"/>
    <nd ref="11846409429"/>
    <nd ref="11846409428"/>
    <nd ref="7365635938"/>
    <nd ref="11846409427"/>
    <nd ref="13919909689"/>
    <nd ref="13919909688"/>
    <nd ref="13919909687"/>
    <nd ref="11849815263"/>
  </way>
  <way id="1276336297">
    <nd ref="11849716338"/>
    <nd ref="11849716356"/>
    <nd ref="13919949104"/>
    <nd ref="11849716357"/>
    <nd ref="13919949105"/>
    <nd ref="13919949106"/>
    <nd ref="13919949107"/>
    <nd ref="11849716358"/>
    <nd ref="13919949108"/>
    <nd ref="13919949109"/>
    <nd ref="13919949110"/>
    <nd ref="13919949111"/>
    <nd ref="13919949112"/>
    <nd ref="13919949113"/>
    <nd ref="13919949114"/>
    <nd ref="13919949115"/>
    <nd ref="13919949116"/>
    <nd ref="13919949117"/>
    <nd ref="13919949118"/>
    <nd ref="13919949119"/>
    <nd ref="13919949120"/>
    <nd ref="13919949121"/>
    <nd ref="11849716359"/>
    <nd ref="11849666160"/>
  </way>
  <way id="1276543431">
    <nd ref="11850156951"/>
    <nd ref="13919949140"/>
    <nd ref="11850156950"/>
    <nd ref="7365635880"/>
    <nd ref="7365635883"/>
    <nd ref="7365635884"/>
    <nd ref="13919949139"/>
    <nd ref="13919949138"/>
    <nd ref="11849716335"/>
    <nd ref="13919949136"/>
    <nd ref="13919949135"/>
    <nd ref="13919949134"/>
    <nd ref="13919949133"/>
    <nd ref="13919949132"/>
    <nd ref="13919949131"/>
    <nd ref="13919949130"/>
    <nd ref="13919949129"/>
    <nd ref="13919949128"/>
    <nd ref="13919949127"/>
    <nd ref="13919949126"/>
    <nd ref="13919949125"/>
    <nd ref="13919949124"/>
    <nd ref="13919949123"/>
    <nd ref="13919949122"/>
    <nd ref="11849666160"/>
  </way>
  <way id="1276336296">
    <nd ref="7365635930"/>
    <nd ref="11849716337"/>
    <nd ref="13919909695"/>
    <nd ref="13919909694"/>
    <nd ref="13919909693"/>
    <nd ref="13919909692"/>
    <nd ref="13919909696"/>
    <nd ref="13919909697"/>
    <nd ref="11849716338"/>
  </way>
  <way id="1276557867">
    <nd ref="7365635830"/>
    <nd ref="7365635831"/>
    <nd ref="7365635832"/>
    <nd ref="7365635833"/>
    <nd ref="7365635834"/>
    <nd ref="7365635835"/>
    <nd ref="7365635837"/>
    <nd ref="7365635838"/>
    <nd ref="7365635839"/>
    <nd ref="7365635840"/>
    <nd ref="7365635841"/>
    <nd ref="7365635842"/>
    <nd ref="7365635848"/>
  </way>
  <way id="1276543433">
    <nd ref="7365635848"/>
    <nd ref="7365635849"/>
    <nd ref="7365635858"/>
    <nd ref="1346560513"/>
    <nd ref="11851194462"/>
    <nd ref="11851194463"/>
    <nd ref="11851194461"/>
    <nd ref="7365635859"/>
  </way>
  <way id="787834130">
    <nd ref="7365635859"/>
    <nd ref="13919949146"/>
    <nd ref="13919949145"/>
    <nd ref="13919949144"/>
    <nd ref="7365635868"/>
    <nd ref="13919949143"/>
    <nd ref="7365635869"/>
    <nd ref="11850156958"/>
    <nd ref="13919949142"/>
    <nd ref="7365635870"/>
    <nd ref="13919949141"/>
    <nd ref="7365635871"/>
    <nd ref="11850156955"/>
    <nd ref="7365635872"/>
    <nd ref="7365635873"/>
    <nd ref="7365635874"/>
    <nd ref="11850156953"/>
    <nd ref="13919949137"/>
    <nd ref="11850156954"/>
    <nd ref="11850156952"/>
    <nd ref="11850156951"/>
  </way>
  <way id="1513099030">
    <nd ref="13825051251"/>
    <nd ref="13825069864"/>
    <nd ref="11887635201"/>
  </way>
  <way id="1280503150">
    <nd ref="11887554842"/>
    <nd ref="11887554844"/>
    <nd ref="7364523709"/>
    <nd ref="13894644784"/>
    <nd ref="7364523711"/>
    <nd ref="11887554845"/>
    <nd ref="1481322349"/>
    <nd ref="151018158"/>
    <nd ref="11887554850"/>
    <nd ref="7364523712"/>
    <nd ref="11887554851"/>
    <nd ref="7364523714"/>
    <nd ref="11887554852"/>
    <nd ref="13894644781"/>
    <nd ref="13894644782"/>
    <nd ref="13894644783"/>
    <nd ref="11887635199"/>
  </way>
  <way id="1280704401">
    <nd ref="11887635199"/>
    <nd ref="7364523722"/>
    <nd ref="11887635201"/>
  </way>
  <way id="1280704400">
    <nd ref="7364523704"/>
    <nd ref="7364523705"/>
    <nd ref="7364523706"/>
    <nd ref="7364523707"/>
    <nd ref="7364523708"/>
    <nd ref="11887554843"/>
    <nd ref="11887554842"/>
  </way>
  <way id="1280504819">
    <nd ref="7364523697"/>
    <nd ref="7364523699"/>
    <nd ref="11886142845"/>
    <nd ref="7364523700"/>
    <nd ref="7364523701"/>
    <nd ref="7364523702"/>
    <nd ref="7364523703"/>
    <nd ref="11886142867"/>
    <nd ref="11886142866"/>
    <nd ref="11886155569"/>
    <nd ref="11886142868"/>
    <nd ref="7364523704"/>
  </way>
  <way id="787665777">
    <nd ref="7364523674"/>
    <nd ref="7364523675"/>
    <nd ref="11886036016"/>
    <nd ref="7364523676"/>
    <nd ref="11886036017"/>
    <nd ref="11886036018"/>
    <nd ref="7364523677"/>
    <nd ref="11886036019"/>
    <nd ref="11886036020"/>
    <nd ref="11886036021"/>
    <nd ref="11886036022"/>
    <nd ref="11886036023"/>
    <nd ref="11886036024"/>
    <nd ref="11886036025"/>
    <nd ref="11886036026"/>
    <nd ref="13894644786"/>
    <nd ref="13894644785"/>
    <nd ref="7364523697"/>
  </way>
  <way id="1280504821">
    <nd ref="7364523670"/>
    <nd ref="11886014330"/>
    <nd ref="11886036013"/>
    <nd ref="11886036014"/>
    <nd ref="7364523671"/>
    <nd ref="7364523672"/>
    <nd ref="7364523673"/>
    <nd ref="13894644787"/>
    <nd ref="11886036015"/>
    <nd ref="7364523674"/>
  </way>
  <way id="787517201">
    <nd ref="151008417"/>
    <nd ref="151008412"/>
    <nd ref="151008410"/>
    <nd ref="1480173173"/>
    <nd ref="7363111978"/>
    <nd ref="7363111977"/>
    <nd ref="7363111976"/>
    <nd ref="7363111975"/>
    <nd ref="7363111974"/>
    <nd ref="7363111973"/>
    <nd ref="7363111972"/>
    <nd ref="7363111971"/>
    <nd ref="7363111970"/>
    <nd ref="7363111969"/>
    <nd ref="7363111968"/>
    <nd ref="7363111967"/>
    <nd ref="7363111966"/>
    <nd ref="7363111965"/>
    <nd ref="7363111964"/>
    <nd ref="7363111963"/>
    <nd ref="7363111962"/>
    <nd ref="7363111961"/>
    <nd ref="7363111960"/>
    <nd ref="7363111959"/>
    <nd ref="7363111958"/>
    <nd ref="7363111957"/>
    <nd ref="7363111956"/>
    <nd ref="7363111955"/>
    <nd ref="7363111954"/>
    <nd ref="7363111953"/>
    <nd ref="7363111952"/>
    <nd ref="7363111951"/>
    <nd ref="7363111950"/>
    <nd ref="7363111949"/>
    <nd ref="7363111948"/>
    <nd ref="7363111947"/>
    <nd ref="7363111946"/>
    <nd ref="7363111945"/>
    <nd ref="7363111944"/>
    <nd ref="7363111943"/>
    <nd ref="7363111942"/>
    <nd ref="7363111941"/>
    <nd ref="7363111940"/>
    <nd ref="7363111939"/>
    <nd ref="7363111938"/>
    <nd ref="7363111937"/>
    <nd ref="7363111936"/>
    <nd ref="7363111935"/>
    <nd ref="7363111934"/>
    <nd ref="7363111933"/>
    <nd ref="7363111932"/>
    <nd ref="7363111931"/>
    <nd ref="7363111930"/>
    <nd ref="7363111929"/>
    <nd ref="7363111928"/>
    <nd ref="7363111927"/>
    <nd ref="7363111926"/>
    <nd ref="7363111925"/>
    <nd ref="7363111924"/>
    <nd ref="7363111923"/>
    <nd ref="7363111922"/>
    <nd ref="7363111921"/>
    <nd ref="7363111920"/>
    <nd ref="7363111919"/>
    <nd ref="7363111918"/>
    <nd ref="7363111917"/>
    <nd ref="7363111916"/>
    <nd ref="7363111915"/>
    <nd ref="7363111914"/>
    <nd ref="7363111913"/>
    <nd ref="7363111912"/>
    <nd ref="7363111911"/>
    <nd ref="7363111910"/>
    <nd ref="7363111909"/>
    <nd ref="7363111908"/>
    <nd ref="7363111907"/>
    <nd ref="7363111906"/>
    <nd ref="7363111905"/>
    <nd ref="7363111904"/>
    <nd ref="7363111903"/>
    <nd ref="7363111902"/>
    <nd ref="7363111901"/>
    <nd ref="7363111900"/>
    <nd ref="7363111899"/>
    <nd ref="7363111898"/>
    <nd ref="7363111897"/>
    <nd ref="7363111896"/>
    <nd ref="7363111895"/>
    <nd ref="7363111894"/>
    <nd ref="7363111893"/>
    <nd ref="7363111892"/>
    <nd ref="7363111891"/>
    <nd ref="7363111890"/>
    <nd ref="7363111889"/>
    <nd ref="7363111888"/>
    <nd ref="7363111887"/>
    <nd ref="7363111886"/>
    <nd ref="7363111885"/>
    <nd ref="7363083384"/>
    <nd ref="9069277087"/>
    <nd ref="9069277086"/>
    <nd ref="9069277085"/>
    <nd ref="9069277084"/>
    <nd ref="7363083383"/>
    <nd ref="7363083382"/>
    <nd ref="7363083381"/>
    <nd ref="7363083380"/>
    <nd ref="7363083379"/>
    <nd ref="7363083378"/>
    <nd ref="7363083377"/>
    <nd ref="7363083376"/>
    <nd ref="7363083375"/>
    <nd ref="7363083374"/>
    <nd ref="7363083373"/>
    <nd ref="7363083372"/>
    <nd ref="7363083371"/>
    <nd ref="7363083370"/>
    <nd ref="7363083369"/>
    <nd ref="7363083368"/>
    <nd ref="7363083367"/>
    <nd ref="7363083366"/>
    <nd ref="7363083365"/>
    <nd ref="7363083364"/>
    <nd ref="7363083363"/>
    <nd ref="7363083362"/>
    <nd ref="7363083361"/>
    <nd ref="7363083360"/>
    <nd ref="7363083359"/>
    <nd ref="7363083358"/>
    <nd ref="7363083357"/>
    <nd ref="7363083356"/>
    <nd ref="7363083355"/>
    <nd ref="7363083354"/>
    <nd ref="7363083353"/>
    <nd ref="7363083352"/>
    <nd ref="7363083351"/>
    <nd ref="7363083350"/>
    <nd ref="7363083349"/>
    <nd ref="7363083348"/>
    <nd ref="7363083347"/>
    <nd ref="7363083346"/>
    <nd ref="7363083345"/>
    <nd ref="7363083344"/>
    <nd ref="1401082423"/>
  </way>
  <way id="787517203">
    <nd ref="1401082423"/>
    <nd ref="7363111979"/>
    <nd ref="7363111980"/>
    <nd ref="7363111981"/>
    <nd ref="7363111982"/>
    <nd ref="7363111983"/>
    <nd ref="7363111984"/>
    <nd ref="7363111985"/>
    <nd ref="7363111986"/>
    <nd ref="7363111987"/>
    <nd ref="7363111988"/>
    <nd ref="7363111989"/>
    <nd ref="7363111990"/>
    <nd ref="7363111991"/>
    <nd ref="7363111992"/>
    <nd ref="7363111993"/>
    <nd ref="7363111994"/>
    <nd ref="7363111995"/>
    <nd ref="7363111996"/>
    <nd ref="7363111997"/>
    <nd ref="7363111998"/>
    <nd ref="7363111999"/>
    <nd ref="7363112000"/>
    <nd ref="7363112001"/>
    <nd ref="7363112002"/>
    <nd ref="7363112003"/>
    <nd ref="7363112004"/>
    <nd ref="7363112005"/>
    <nd ref="7363112023"/>
    <nd ref="7363112022"/>
    <nd ref="7363112021"/>
    <nd ref="7363112020"/>
    <nd ref="7363112019"/>
    <nd ref="7363112018"/>
    <nd ref="7363112017"/>
    <nd ref="7363112016"/>
    <nd ref="7363112015"/>
    <nd ref="7363112014"/>
    <nd ref="7363112013"/>
    <nd ref="7363112012"/>
    <nd ref="7363112011"/>
    <nd ref="7363112010"/>
    <nd ref="7363112009"/>
    <nd ref="7363112008"/>
    <nd ref="7363112007"/>
    <nd ref="7363112006"/>
  </way>
  <way id="1089737715">
    <nd ref="7361839587"/>
    <nd ref="9982170921"/>
    <nd ref="9982170922"/>
    <nd ref="9982170923"/>
    <nd ref="9982170924"/>
    <nd ref="9982170925"/>
    <nd ref="9982170926"/>
    <nd ref="9982170927"/>
    <nd ref="9982170928"/>
    <nd ref="9982170929"/>
    <nd ref="9982170930"/>
    <nd ref="9982170931"/>
    <nd ref="9982170932"/>
    <nd ref="9982170933"/>
    <nd ref="9982170934"/>
    <nd ref="9982170935"/>
    <nd ref="9982170936"/>
    <nd ref="9982170937"/>
    <nd ref="9982170938"/>
    <nd ref="9982170939"/>
    <nd ref="9982170940"/>
    <nd ref="9982170941"/>
    <nd ref="9982170942"/>
    <nd ref="9982170943"/>
    <nd ref="9982170944"/>
    <nd ref="9982170945"/>
    <nd ref="9982170946"/>
    <nd ref="9982170947"/>
    <nd ref="9982170948"/>
    <nd ref="9982170949"/>
    <nd ref="9982170950"/>
    <nd ref="9982170951"/>
    <nd ref="9982170952"/>
    <nd ref="9982170953"/>
    <nd ref="9982170954"/>
    <nd ref="9982170955"/>
    <nd ref="9982170956"/>
    <nd ref="9982170957"/>
    <nd ref="9982170958"/>
    <nd ref="9982170959"/>
    <nd ref="9982170960"/>
    <nd ref="9982170961"/>
    <nd ref="9982170962"/>
    <nd ref="9982170963"/>
    <nd ref="9982170964"/>
    <nd ref="9982170965"/>
    <nd ref="9982170966"/>
    <nd ref="9982170967"/>
    <nd ref="9982170970"/>
    <nd ref="9982170971"/>
    <nd ref="9982170972"/>
    <nd ref="9982170973"/>
    <nd ref="9982170974"/>
    <nd ref="9982170975"/>
    <nd ref="9982170976"/>
    <nd ref="9982170977"/>
    <nd ref="9982170978"/>
    <nd ref="9982170979"/>
    <nd ref="9982170980"/>
    <nd ref="7361839608"/>
  </way>
  <way id="1089737721">
    <nd ref="1401082448"/>
    <nd ref="9982172783"/>
    <nd ref="9982172782"/>
    <nd ref="9982172781"/>
    <nd ref="9982172780"/>
    <nd ref="9982172779"/>
    <nd ref="9982172778"/>
    <nd ref="9982172777"/>
    <nd ref="9982172776"/>
    <nd ref="9982172775"/>
    <nd ref="9982172774"/>
    <nd ref="9982172773"/>
    <nd ref="9982172772"/>
    <nd ref="9982172771"/>
    <nd ref="9982172770"/>
    <nd ref="9982172769"/>
    <nd ref="9982172768"/>
    <nd ref="9982172767"/>
    <nd ref="9982172766"/>
    <nd ref="9982172765"/>
    <nd ref="9982172764"/>
    <nd ref="9982172763"/>
    <nd ref="9982172762"/>
    <nd ref="9982172761"/>
    <nd ref="9982172760"/>
    <nd ref="9982172759"/>
    <nd ref="9982172758"/>
    <nd ref="9982172757"/>
    <nd ref="9982172756"/>
    <nd ref="9982172755"/>
    <nd ref="9982172754"/>
    <nd ref="9982172753"/>
    <nd ref="9982172752"/>
    <nd ref="9982172751"/>
    <nd ref="9982172750"/>
    <nd ref="9982172749"/>
    <nd ref="9982172748"/>
    <nd ref="9982172747"/>
    <nd ref="9982172746"/>
    <nd ref="9982172745"/>
    <nd ref="9982172744"/>
    <nd ref="9982172743"/>
    <nd ref="9982172742"/>
    <nd ref="9982172741"/>
    <nd ref="9982172740"/>
    <nd ref="9982172739"/>
    <nd ref="9982172738"/>
    <nd ref="9982172737"/>
    <nd ref="9982172736"/>
    <nd ref="9982172735"/>
    <nd ref="9982172734"/>
    <nd ref="9982172733"/>
    <nd ref="9982172732"/>
    <nd ref="9982172731"/>
    <nd ref="9982172730"/>
    <nd ref="7361839587"/>
  </way>
  <way id="787517202">
    <nd ref="7363112006"/>
    <nd ref="7361782968"/>
    <nd ref="7361839564"/>
    <nd ref="1401082448"/>
  </way>
  <way id="1530038734">
    <nd ref="7361839631"/>
    <nd ref="13945167438"/>
    <nd ref="13945167437"/>
    <nd ref="13945167436"/>
    <nd ref="13945167435"/>
    <nd ref="13945167434"/>
    <nd ref="13945167433"/>
    <nd ref="13945167432"/>
    <nd ref="13945167431"/>
    <nd ref="13945167430"/>
    <nd ref="13945167429"/>
    <nd ref="13945167428"/>
    <nd ref="13945167427"/>
    <nd ref="13945167426"/>
    <nd ref="13945167425"/>
    <nd ref="13945167424"/>
    <nd ref="13945167423"/>
    <nd ref="13945167422"/>
    <nd ref="13945167421"/>
    <nd ref="13945167420"/>
    <nd ref="13945167419"/>
    <nd ref="13945167418"/>
    <nd ref="13945167417"/>
    <nd ref="13945167416"/>
    <nd ref="13945167415"/>
    <nd ref="13945167414"/>
    <nd ref="13945167413"/>
    <nd ref="13945167412"/>
    <nd ref="13945167411"/>
    <nd ref="13945167410"/>
    <nd ref="13945167409"/>
    <nd ref="13945167408"/>
    <nd ref="13945167407"/>
    <nd ref="13945167406"/>
    <nd ref="13945167405"/>
    <nd ref="13945167404"/>
    <nd ref="13945167403"/>
    <nd ref="13945167402"/>
    <nd ref="13945167401"/>
    <nd ref="13945155000"/>
    <nd ref="13945154999"/>
    <nd ref="13945154998"/>
    <nd ref="13945154997"/>
    <nd ref="13945154996"/>
    <nd ref="13945154995"/>
    <nd ref="13945154994"/>
    <nd ref="13945154993"/>
    <nd ref="13945154992"/>
    <nd ref="13945154991"/>
    <nd ref="13945154990"/>
    <nd ref="13945154989"/>
    <nd ref="13945154988"/>
    <nd ref="13945154987"/>
    <nd ref="13945154986"/>
    <nd ref="13945154985"/>
    <nd ref="13945154984"/>
    <nd ref="13945154983"/>
    <nd ref="13945154982"/>
    <nd ref="7361839643"/>
  </way>
  <way id="1530038743">
    <nd ref="13945167685"/>
    <nd ref="13945167815"/>
    <nd ref="13945167814"/>
    <nd ref="13945167813"/>
    <nd ref="13945167812"/>
    <nd ref="13945167811"/>
    <nd ref="13945167810"/>
    <nd ref="13945167809"/>
    <nd ref="13945167808"/>
    <nd ref="13945167807"/>
    <nd ref="13945167806"/>
    <nd ref="13945167805"/>
    <nd ref="13945167804"/>
    <nd ref="13945167803"/>
    <nd ref="13945167802"/>
    <nd ref="13945167801"/>
    <nd ref="13945167800"/>
    <nd ref="13945167799"/>
    <nd ref="13945167798"/>
    <nd ref="13945167797"/>
    <nd ref="13945167796"/>
    <nd ref="13945167795"/>
    <nd ref="13945167794"/>
    <nd ref="13945167793"/>
    <nd ref="13945167792"/>
    <nd ref="13945167791"/>
    <nd ref="13945167790"/>
    <nd ref="13945167789"/>
    <nd ref="13945167788"/>
    <nd ref="13945167787"/>
    <nd ref="13945167786"/>
    <nd ref="13945167785"/>
    <nd ref="13945167784"/>
    <nd ref="13945167783"/>
    <nd ref="13945167782"/>
    <nd ref="13945167781"/>
    <nd ref="13945167780"/>
    <nd ref="13945167779"/>
    <nd ref="13945167778"/>
    <nd ref="13945167777"/>
    <nd ref="13945167776"/>
    <nd ref="13945167775"/>
    <nd ref="13945167774"/>
    <nd ref="13945167773"/>
    <nd ref="13945167772"/>
    <nd ref="13945167771"/>
    <nd ref="13945167770"/>
    <nd ref="13945167769"/>
    <nd ref="13945167768"/>
    <nd ref="13945167767"/>
    <nd ref="13945167766"/>
    <nd ref="13945167765"/>
    <nd ref="13945167764"/>
    <nd ref="13945167763"/>
    <nd ref="13945167762"/>
    <nd ref="13945167761"/>
    <nd ref="13945167760"/>
    <nd ref="13945167759"/>
    <nd ref="13945167758"/>
    <nd ref="13945167757"/>
    <nd ref="7361839631"/>
  </way>
  <way id="1530038742">
    <nd ref="7361839608"/>
    <nd ref="9982170968"/>
    <nd ref="7361839609"/>
    <nd ref="9982170969"/>
    <nd ref="7361839610"/>
    <nd ref="13945167685"/>
  </way>
  <way id="1530038738">
    <nd ref="7361839643"/>
    <nd ref="13945167550"/>
    <nd ref="13945167549"/>
    <nd ref="13945167548"/>
    <nd ref="13945167547"/>
    <nd ref="13945167546"/>
    <nd ref="13945167545"/>
    <nd ref="13945167544"/>
    <nd ref="13945167543"/>
    <nd ref="13945167542"/>
    <nd ref="13945167541"/>
    <nd ref="13945167540"/>
    <nd ref="13945167539"/>
    <nd ref="13945167538"/>
    <nd ref="13945167537"/>
    <nd ref="13945167536"/>
    <nd ref="13945167535"/>
    <nd ref="13945167534"/>
    <nd ref="13945167533"/>
    <nd ref="13945167532"/>
    <nd ref="13945167531"/>
    <nd ref="13945167530"/>
    <nd ref="13945167529"/>
    <nd ref="13945167528"/>
    <nd ref="13945167527"/>
    <nd ref="13945167526"/>
    <nd ref="13945167525"/>
    <nd ref="13945167524"/>
    <nd ref="13945167523"/>
    <nd ref="13945167522"/>
    <nd ref="13945167521"/>
    <nd ref="13945167520"/>
    <nd ref="13945167519"/>
    <nd ref="13945167518"/>
    <nd ref="13945167517"/>
    <nd ref="13945167516"/>
    <nd ref="13945167515"/>
    <nd ref="13945167514"/>
    <nd ref="13945167513"/>
    <nd ref="13945167512"/>
    <nd ref="13945167511"/>
    <nd ref="13945167510"/>
    <nd ref="13945167509"/>
    <nd ref="13945167508"/>
    <nd ref="13945167507"/>
    <nd ref="13945167506"/>
    <nd ref="13945167505"/>
    <nd ref="13945167504"/>
    <nd ref="13945167503"/>
    <nd ref="13945167502"/>
    <nd ref="13945167501"/>
    <nd ref="13945167500"/>
    <nd ref="13945167499"/>
    <nd ref="13945167498"/>
    <nd ref="13945167497"/>
    <nd ref="13945167496"/>
    <nd ref="13945167495"/>
    <nd ref="13945167494"/>
    <nd ref="13945167493"/>
    <nd ref="13945167492"/>
    <nd ref="13945167491"/>
    <nd ref="13945167490"/>
    <nd ref="13945167489"/>
    <nd ref="13945167488"/>
    <nd ref="13945167487"/>
    <nd ref="13945167486"/>
    <nd ref="13945167485"/>
    <nd ref="13945167484"/>
    <nd ref="13945167483"/>
    <nd ref="13945167482"/>
    <nd ref="13945167481"/>
    <nd ref="13945167480"/>
    <nd ref="13945167479"/>
    <nd ref="13945167478"/>
    <nd ref="13945167477"/>
    <nd ref="13945167476"/>
    <nd ref="13945167475"/>
    <nd ref="13945167474"/>
    <nd ref="13945167473"/>
    <nd ref="13945167472"/>
    <nd ref="13945167471"/>
    <nd ref="13945167470"/>
    <nd ref="13945167469"/>
    <nd ref="13945167468"/>
    <nd ref="13945167467"/>
    <nd ref="13945167466"/>
    <nd ref="13945167465"/>
    <nd ref="13945167464"/>
    <nd ref="13945167463"/>
    <nd ref="13945167462"/>
    <nd ref="13945167461"/>
    <nd ref="13945167460"/>
    <nd ref="13945167459"/>
    <nd ref="13945167458"/>
    <nd ref="13945167457"/>
    <nd ref="13945167456"/>
    <nd ref="13945167455"/>
    <nd ref="13945167454"/>
    <nd ref="13945167453"/>
    <nd ref="13945167452"/>
    <nd ref="13945167451"/>
    <nd ref="13945167450"/>
    <nd ref="13945167449"/>
    <nd ref="13945167448"/>
    <nd ref="13945167447"/>
    <nd ref="13945167446"/>
    <nd ref="13945167444"/>
    <nd ref="13945167445"/>
    <nd ref="13945167443"/>
    <nd ref="13945167442"/>
    <nd ref="13945167441"/>
    <nd ref="13945167440"/>
    <nd ref="13945167439"/>
    <nd ref="7361839681"/>
  </way>
  <way id="1530038740">
    <nd ref="7361839681"/>
    <nd ref="13945167646"/>
    <nd ref="13945167645"/>
    <nd ref="13945167644"/>
    <nd ref="13945167643"/>
    <nd ref="13945167642"/>
    <nd ref="13945167641"/>
    <nd ref="13945167640"/>
    <nd ref="13945167639"/>
    <nd ref="13945167638"/>
    <nd ref="13945167637"/>
    <nd ref="13945167636"/>
    <nd ref="13945167635"/>
    <nd ref="13945167634"/>
    <nd ref="13945167633"/>
    <nd ref="13945167632"/>
    <nd ref="13945167631"/>
    <nd ref="13945167630"/>
    <nd ref="13945167629"/>
    <nd ref="13945167628"/>
    <nd ref="13945167627"/>
    <nd ref="13945167626"/>
    <nd ref="13945167625"/>
    <nd ref="13945167624"/>
    <nd ref="13945167623"/>
    <nd ref="13945167622"/>
    <nd ref="13945167621"/>
    <nd ref="13945167620"/>
    <nd ref="13945167619"/>
    <nd ref="13945167618"/>
    <nd ref="13945167617"/>
    <nd ref="13945167616"/>
    <nd ref="13945167615"/>
    <nd ref="13945167614"/>
    <nd ref="13945167613"/>
    <nd ref="13945167612"/>
    <nd ref="13945167611"/>
    <nd ref="13945167610"/>
    <nd ref="13945167609"/>
    <nd ref="13945167608"/>
    <nd ref="13945167607"/>
    <nd ref="13945167606"/>
    <nd ref="13945167605"/>
    <nd ref="13945167604"/>
    <nd ref="13945167603"/>
    <nd ref="13945167602"/>
    <nd ref="13945167601"/>
    <nd ref="13945167600"/>
    <nd ref="13945167599"/>
    <nd ref="13945167598"/>
    <nd ref="13945167597"/>
    <nd ref="13945167596"/>
    <nd ref="13945167595"/>
    <nd ref="13945167594"/>
    <nd ref="13945167593"/>
    <nd ref="13945167592"/>
    <nd ref="13945167591"/>
    <nd ref="13945167590"/>
    <nd ref="13945167589"/>
    <nd ref="13945167588"/>
    <nd ref="13945167587"/>
    <nd ref="13945167586"/>
    <nd ref="13945167585"/>
    <nd ref="13945167584"/>
    <nd ref="13945167583"/>
    <nd ref="13945167582"/>
    <nd ref="13945167581"/>
    <nd ref="13945167580"/>
    <nd ref="13945167579"/>
    <nd ref="151008081"/>
  </way>
  <way id="1530038750">
    <nd ref="13945167945"/>
    <nd ref="151016887"/>
  </way>
  <way id="1279817250">
    <nd ref="11880558076"/>
    <nd ref="151016857"/>
    <nd ref="151016860"/>
    <nd ref="151016854"/>
    <nd ref="151016876"/>
  </way>
  <way id="1279817253">
    <nd ref="151016876"/>
    <nd ref="7574247598"/>
  </way>
  <way id="1279925914">
    <nd ref="151016887"/>
    <nd ref="151016870"/>
    <nd ref="151016865"/>
    <nd ref="11880558076"/>
  </way>
  <way id="135964238">
    <nd ref="1492244895"/>
    <nd ref="151016902"/>
  </way>
  <way id="810131084">
    <nd ref="7574247598"/>
    <nd ref="1492244895"/>
  </way>
  <way id="1530038749">
    <nd ref="13945167944"/>
    <nd ref="151016873"/>
    <nd ref="13945167945"/>
  </way>
  <way id="82515652">
    <nd ref="151008081"/>
    <nd ref="151016904"/>
    <nd ref="151016909"/>
    <nd ref="151016901"/>
    <nd ref="151016906"/>
    <nd ref="13945167952"/>
    <nd ref="151016875"/>
    <nd ref="13945167944"/>
  </way>
  <way id="1277665270">
    <nd ref="960388602"/>
    <nd ref="11860771467"/>
    <nd ref="11860771466"/>
    <nd ref="11860771464"/>
    <nd ref="11860771465"/>
    <nd ref="11860771463"/>
    <nd ref="11860771462"/>
    <nd ref="11860771456"/>
    <nd ref="11860771461"/>
    <nd ref="11860771460"/>
    <nd ref="11860771459"/>
    <nd ref="11860771458"/>
    <nd ref="11860771457"/>
    <nd ref="11860771455"/>
    <nd ref="11860771454"/>
    <nd ref="11860771453"/>
    <nd ref="11860771452"/>
    <nd ref="11860771451"/>
    <nd ref="11860771450"/>
    <nd ref="7365618870"/>
    <nd ref="11860771449"/>
    <nd ref="11860771448"/>
    <nd ref="11860771447"/>
    <nd ref="11860771446"/>
    <nd ref="11860771445"/>
    <nd ref="11860771444"/>
    <nd ref="7365618866"/>
    <nd ref="11860771443"/>
    <nd ref="11860771442"/>
    <nd ref="11860771441"/>
    <nd ref="11860771440"/>
    <nd ref="7365618865"/>
    <nd ref="7365618864"/>
    <nd ref="7365618863"/>
    <nd ref="11860766218"/>
    <nd ref="11860766217"/>
    <nd ref="7365618862"/>
    <nd ref="11860766216"/>
    <nd ref="7365618861"/>
    <nd ref="7365618856"/>
  </way>
  <way id="1277672126">
    <nd ref="7365618856"/>
    <nd ref="11860766215"/>
  </way>
  <way id="787834127">
    <nd ref="11860766215"/>
    <nd ref="7365618855"/>
    <nd ref="11860766214"/>
    <nd ref="7365618854"/>
    <nd ref="11860766213"/>
    <nd ref="11860766212"/>
    <nd ref="11860766211"/>
    <nd ref="11860766210"/>
    <nd ref="11860766209"/>
    <nd ref="11860766208"/>
    <nd ref="11860766207"/>
    <nd ref="11860766206"/>
    <nd ref="11860766205"/>
    <nd ref="11860766204"/>
    <nd ref="7365618853"/>
    <nd ref="11860766203"/>
    <nd ref="7365618852"/>
    <nd ref="11860766202"/>
    <nd ref="11860766201"/>
    <nd ref="11860766200"/>
    <nd ref="11860766199"/>
    <nd ref="11860766198"/>
    <nd ref="11860766197"/>
    <nd ref="11860766196"/>
    <nd ref="7365618851"/>
    <nd ref="7365618850"/>
    <nd ref="11860766195"/>
    <nd ref="7365618849"/>
    <nd ref="7365618847"/>
    <nd ref="11860766194"/>
    <nd ref="11860766193"/>
    <nd ref="11860766192"/>
    <nd ref="7365618846"/>
    <nd ref="11860766191"/>
    <nd ref="11860766187"/>
    <nd ref="11860766190"/>
    <nd ref="11860766189"/>
    <nd ref="11860766188"/>
    <nd ref="11860766186"/>
    <nd ref="7365618845"/>
    <nd ref="7365618842"/>
    <nd ref="7365618841"/>
    <nd ref="7365618840"/>
    <nd ref="7365618834"/>
  </way>
  <way id="1277657399">
    <nd ref="7365618834"/>
    <nd ref="11860671133"/>
    <nd ref="11860671150"/>
    <nd ref="11860671149"/>
    <nd ref="11860671148"/>
    <nd ref="11860671147"/>
    <nd ref="11860671146"/>
    <nd ref="11860671145"/>
    <nd ref="11860671144"/>
    <nd ref="11860671143"/>
    <nd ref="11860671142"/>
    <nd ref="11860671141"/>
    <nd ref="11860671140"/>
    <nd ref="11860671139"/>
    <nd ref="11860671138"/>
    <nd ref="11860671137"/>
    <nd ref="11860671136"/>
    <nd ref="11860671135"/>
    <nd ref="11860671134"/>
    <nd ref="11860679984"/>
    <nd ref="11860671132"/>
    <nd ref="11860671131"/>
    <nd ref="11860671130"/>
    <nd ref="11860671129"/>
    <nd ref="11860671128"/>
    <nd ref="11860671127"/>
    <nd ref="11860671126"/>
    <nd ref="11860671121"/>
    <nd ref="11860671125"/>
    <nd ref="11860671124"/>
    <nd ref="11860671123"/>
    <nd ref="11860671122"/>
    <nd ref="11860671120"/>
    <nd ref="11860671119"/>
    <nd ref="11860671118"/>
    <nd ref="11860671117"/>
    <nd ref="11860671116"/>
    <nd ref="11860671115"/>
    <nd ref="11860671114"/>
    <nd ref="11860671113"/>
    <nd ref="11860671112"/>
    <nd ref="11860679987"/>
    <nd ref="11860679986"/>
    <nd ref="11860679985"/>
    <nd ref="11860679983"/>
    <nd ref="11860679982"/>
    <nd ref="11860679981"/>
    <nd ref="11860679980"/>
    <nd ref="11860679979"/>
    <nd ref="11860679978"/>
    <nd ref="11860679977"/>
    <nd ref="11860679975"/>
    <nd ref="11860679976"/>
    <nd ref="7365618833"/>
    <nd ref="11860679974"/>
    <nd ref="11860679973"/>
    <nd ref="11860641558"/>
  </way>
  <way id="1277649194">
    <nd ref="11860641558"/>
    <nd ref="11860641566"/>
    <nd ref="11860641565"/>
    <nd ref="11860641564"/>
    <nd ref="11860641563"/>
    <nd ref="11860641562"/>
    <nd ref="11860641561"/>
    <nd ref="7365618832"/>
    <nd ref="7365618831"/>
    <nd ref="7365618830"/>
    <nd ref="9460251902"/>
    <nd ref="7365618829"/>
    <nd ref="7365618828"/>
    <nd ref="9337596824"/>
    <nd ref="7365618827"/>
    <nd ref="9337596823"/>
    <nd ref="9337596822"/>
    <nd ref="7365618826"/>
    <nd ref="11860641560"/>
    <nd ref="7365618825"/>
    <nd ref="11860641559"/>
  </way>
  <way id="1276557869">
    <nd ref="7365635786"/>
    <nd ref="7365635785"/>
    <nd ref="7365635784"/>
    <nd ref="7365635783"/>
    <nd ref="11851311614"/>
    <nd ref="7365635782"/>
    <nd ref="7365635781"/>
    <nd ref="11851311615"/>
    <nd ref="7365635779"/>
    <nd ref="11851311616"/>
    <nd ref="11851311617"/>
    <nd ref="11851311618"/>
    <nd ref="11851311619"/>
    <nd ref="11851311620"/>
    <nd ref="11851311621"/>
    <nd ref="11851299753"/>
    <nd ref="11851299754"/>
    <nd ref="11851299755"/>
    <nd ref="11851299756"/>
    <nd ref="11851299757"/>
    <nd ref="11851299758"/>
    <nd ref="11851299759"/>
    <nd ref="11851299760"/>
    <nd ref="11851299761"/>
    <nd ref="11851299762"/>
    <nd ref="11851299763"/>
    <nd ref="11851299764"/>
    <nd ref="11851299765"/>
    <nd ref="11851299766"/>
    <nd ref="11851299767"/>
    <nd ref="11851299768"/>
    <nd ref="11851332469"/>
    <nd ref="11851332470"/>
    <nd ref="11851332471"/>
    <nd ref="11851332472"/>
    <nd ref="11851332473"/>
    <nd ref="11851332474"/>
    <nd ref="11851332475"/>
    <nd ref="11851332476"/>
    <nd ref="11851332478"/>
    <nd ref="11851332477"/>
    <nd ref="11851332479"/>
    <nd ref="11851332480"/>
    <nd ref="11851332481"/>
    <nd ref="11851332484"/>
    <nd ref="11851332482"/>
    <nd ref="11851332483"/>
    <nd ref="11851332485"/>
    <nd ref="11851332486"/>
    <nd ref="7365618816"/>
  </way>
  <way id="1277649193">
    <nd ref="11860641559"/>
    <nd ref="7365618824"/>
    <nd ref="7365618822"/>
    <nd ref="7365618821"/>
    <nd ref="7365618820"/>
    <nd ref="7365618819"/>
    <nd ref="9337596820"/>
    <nd ref="7365618818"/>
    <nd ref="7365618816"/>
  </way>
  <way id="1276568787">
    <nd ref="11851311607"/>
    <nd ref="11851311608"/>
    <nd ref="7365635796"/>
    <nd ref="11851311609"/>
    <nd ref="7365635795"/>
    <nd ref="11851311610"/>
    <nd ref="7365635794"/>
    <nd ref="7365635791"/>
    <nd ref="7365635787"/>
    <nd ref="11851311611"/>
    <nd ref="7365635786"/>
  </way>

</osm>